rlhf_sample_id,sampling_group,candidate_id,molecule_id,Canonical_SMILES,SMILES,Target,Docking,passed_physchem_filters,sent_to_boltz,passed_boltz_protocol,QED,LogP,SAS,MW,affinity_probability,ipTM,pTM,confidence,boltz_score,pIC50,dock_percentile_within_target_nonpass,in_pockliggpt_pool,in_boltz_dataset,Docking_pockliggpt,Docking_boltz,HBD,HBA,RotatableBonds,TPSA,RingCount,HeavyAtomCount,Toxicity_max,Toxicity_mean,NonToxic_12_Tox21,toxicity,boltz_affinity_pred_value,Fitness,n_occurrences,original_pock_candidate_id,original_pock_molecule_id,original_boltz_candidate_id,original_boltz_molecule_id,input_dataset,input_path,pock_source_file,source_file_count,source_files,source_folders,source_relative_paths,run_names,file_classes,SMILES_boltz,QED_boltz,LogP_boltz,SAS_boltz,MW_boltz,dock_pct_within_target, Clasificaci—n, Comentarios;;;;;;;;;;
RLHF_0001,Pasan Boltz,CAN_2dd14a58383bde59,MOL_e65b4ef621c50c9f,N#Cc1ccn(C(=O)c2coc(NC(=O)c3ccc4[nH]cnc4c3)c2)n1,N#Cc1ccn(C(=O)c2coc(NC(=O)c3ccc4[nH]cnc4c3)c2)n1,BACE1,-10.3447932651031,True,True,True,,,,,0.577636182308197,,,,,5.580814123153687,,False,True,,-10.3447932651031,,,,,,,,,,,0.4191858768463135,,,,,CAN_2dd14a58383bde59,MOL_e65b4ef621c50c9f,,,,1.0,bace_final_results.csv,bace_nicola_2,bace_nicola_2/bace_final_results.csv,bace_nicola_2,passed_boltz_protocol,N#Cc1ccn(C(=O)c2coc(NC(=O)c3ccc4[nH]cnc4c3)c2)n1,,,,,;;;;;;;;;;
RLHF_0002,Pasan Boltz,CAN_905fe692b0ff89fb,MOL_10e0be963ed8be6e,CC=1N=C2C=CC=CN2C=1CNC(=O)C3=CC4=CC=CC=C4C(=O)[NH1]3,CC=1N=C2C=CC=CN2C=1CNC(=O)C3=CC4=CC=CC=C4C(=O)[NH1]3,BuChE,-11.11,True,True,True,,,,,0.3559468984603882,,,,,,,False,True,,-11.11,,,,,,,,,,,0.2431258559226989,,,,,CAN_905fe692b0ff89fb,MOL_10e0be963ed8be6e,,,,2.0,vina_boltz_results.csv; vina_results.csv,buche_2,buche_2/vina_boltz_results.csv; buche_2/vina_results.csv,buche_2,passed_boltz_protocol; intermediate,CC=1N=C2C=CC=CN2C=1CNC(=O)C3=CC4=CC=CC=C4C(=O)[NH1]3,,,,,;;;;;;;
RLHF_0003,Pasan Boltz,CAN_5199002eed327364,MOL_dde11cc86bc24b1f,CC(C)C1=NC(=NO1)C2=CC=CC=C2NC(=O)CCC3N(C4CCCS(=O)(=O)C4)C3=O,CC(C)C1=NC(=NO1)C2=CC=CC=C2NC(=O)CCC3N(C4CCCS(=O)(=O)C4)C3=O,BuChE,-10.778244211311156,True,True,True,,,,,0.146742582321167,,,,,,,False,True,,-10.778244211311156,,,,,,,,,,,0.6321873068809509,,,,,CAN_5199002eed327364,MOL_dde11cc86bc24b1f,,,,2.0,vina_boltz_results.csv; vina_results.csv,buche_2,buche_2/vina_boltz_results.csv; buche_2/vina_results.csv,buche_2,passed_boltz_protocol; intermediate,CC(C)C1=NC(=NO1)C2=CC=CC=C2NC(=O)CCC3N(C4CCCS(=O)(=O)C4)C3=O,,,,,;;;;;;;
RLHF_0004,Pasan Boltz,CAN_c78538392e99a277,MOL_07f3009c597fb77f,CC1=CC=C(CNC(=O)NC2=CC=CC(=C2)C3=CN=CC=N3)C=C1,CC1=CC=C(CNC(=O)NC2=CC=CC(=C2)C3=CN=CC=N3)C=C1,BuChE,-10.59142952665412,True,True,True,,,,,0.3801586627960205,,,,,,,False,True,,-10.59142952665412,,,,,,,,,,,0.0708870962262153,,,,,CAN_c78538392e99a277,MOL_07f3009c597fb77f,,,,2.0,vina_boltz_results.csv; vina_results.csv,buche_2,buche_2/vina_boltz_results.csv; buche_2/vina_results.csv,buche_2,passed_boltz_protocol; intermediate,CC1=CC=C(CNC(=O)NC2=CC=CC(=C2)C3=CN=CC=N3)C=C1,,,,,;;;;;;;
RLHF_0005,Pasan Boltz,CAN_c9d7002312a40cf6,MOL_ffd56331a61122d7,C[C@H1](NC(=O)C1=CC=CC=C1NC(=O)CNC2=CC=CC=C2)C3=CC=NC=C3,C[C@H1](NC(=O)C1=CC=CC=C1NC(=O)CNC2=CC=CC=C2)C3=CC=NC=C3,BuChE,-10.502248741836372,True,True,True,,,,,0.2452867031097412,,,,,,,False,True,,-10.502248741836372,,,,,,,,,,,1.1367545127868652,,,,,CAN_c9d7002312a40cf6,MOL_ffd56331a61122d7,,,,2.0,vina_boltz_results.csv; vina_results.csv,buche_2,buche_2/vina_boltz_results.csv; buche_2/vina_results.csv,buche_2,passed_boltz_protocol; intermediate,C[C@H1](NC(=O)C1=CC=CC=C1NC(=O)CNC2=CC=CC=C2)C3=CC=NC=C3,,,,,;;;;;;;
RLHF_0006,Pasan Boltz,CAN_37b8e38200ef4103,MOL_e01d7ef499e6b68f,CCNC(N1C(=O)C2=CC3=CC=CC=C3OC2=O)=NC=CC=CC=C1,CCNC(N1C(=O)C2=CC3=CC=CC=C3OC2=O)=NC=CC=CC=C1,BuChE,-10.308334717622024,True,True,True,,,,,0.4369298219680786,,,,,,,False,True,,-10.308334717622024,,,,,,,,,,,-0.236138567328453,,,,,CAN_37b8e38200ef4103,MOL_e01d7ef499e6b68f,,,,2.0,vina_boltz_results.csv; vina_results.csv,buche_2,buche_2/vina_boltz_results.csv; buche_2/vina_results.csv,buche_2,passed_boltz_protocol; intermediate,CCNC(N1C(=O)C2=CC3=CC=CC=C3OC2=O)=NC=CC=CC=C1,,,,,;;;;;;;
RLHF_0007,Pasan Boltz,CAN_787e90a08c1e1fad,MOL_35ed72dcfa540a47,COC(=O)[C@H1]1CCCCN1C(=O)C2=CC(=NC=C2CC)C3=CC=CC=C3,COC(=O)[C@H1]1CCCCN1C(=O)C2=CC(=NC=C2CC)C3=CC=CC=C3,BuChE,-10.131794885461264,True,True,True,,,,,0.2245684713125229,,,,,,,False,True,,-10.131794885461264,,,,,,,,,,,1.3324077129364014,,,,,CAN_787e90a08c1e1fad,MOL_35ed72dcfa540a47,,,,2.0,vina_boltz_results.csv; vina_results.csv,buche_2,buche_2/vina_boltz_results.csv; buche_2/vina_results.csv,buche_2,passed_boltz_protocol; intermediate,COC(=O)[C@H1]1CCCCN1C(=O)C2=CC(=NC=C2CC)C3=CC=CC=C3,,,,,;;;;;;;
RLHF_0008,Pasan Boltz,CAN_498e12de9cb6cf48,MOL_7e91bfa27694f3e3,CC(C)(NCC1=CC=C2C=CC(N)=NC2=C1)C(=O)NCC3=CC=CC=C3,CC(C)(NCC1=CC=C2C=CC(N)=NC2=C1)C(=O)NCC3=CC=CC=C3,BuChE,-10.02070069509533,True,True,True,,,,,0.2364871501922607,,,,,,,False,True,,-10.02070069509533,,,,,,,,,,,1.3502352237701416,,,,,CAN_498e12de9cb6cf48,MOL_7e91bfa27694f3e3,,,,2.0,vina_boltz_results.csv; vina_results.csv,buche_2,buche_2/vina_boltz_results.csv; buche_2/vina_results.csv,buche_2,passed_boltz_protocol; intermediate,CC(C)(NCC1=CC=C2C=CC(N)=NC2=C1)C(=O)NCC3=CC=CC=C3,,,,,;;;;;;;
RLHF_0009,Pasan Boltz,CAN_33a3eb88b77881f9,MOL_d668560a3cb19e80,C[NH1+1](C)[C@@H1]1CC2=CC=CC=C2CN1C(=O)C3=CC4=CC=CC=C4[NH1]3,C[NH1+1](C)[C@@H1]1CC2=CC=CC=C2CN1C(=O)C3=CC4=CC=CC=C4[NH1]3,BuChE,-10.005444615447004,True,True,True,,,,,0.3150495290756225,,,,,,,False,True,,-10.005444615447004,,,,,,,,,,,0.9040871858596802,,,,,CAN_33a3eb88b77881f9,MOL_d668560a3cb19e80,,,,2.0,vina_boltz_results.csv; vina_results.csv,buche_2,buche_2/vina_boltz_results.csv; buche_2/vina_results.csv,buche_2,passed_boltz_protocol; intermediate,C[NH1+1](C)[C@@H1]1CC2=CC=CC=C2CN1C(=O)C3=CC4=CC=CC=C4[NH1]3,,,,,;;;;;;;
RLHF_0010,Pasan Boltz,CAN_99b780d5080b902d,MOL_254d12334435dfd3,C[C@@H1]1CCC[C@@H1](N1C(=O)C2=CC=CC=C2C=O)CNC(=O)C3=CC=CC=C3,C[C@@H1]1CCC[C@@H1](N1C(=O)C2=CC=CC=C2C=O)CNC(=O)C3=CC=CC=C3,BuChE,-9.927372358090777,True,True,True,,,,,0.381787896156311,,,,,,,False,True,,-9.927372358090777,,,,,,,,,,,0.3648131787776947,,,,,CAN_99b780d5080b902d,MOL_254d12334435dfd3,,,,2.0,vina_boltz_results.csv; vina_results.csv,buche_2,buche_2/vina_boltz_results.csv; buche_2/vina_results.csv,buche_2,passed_boltz_protocol; intermediate,C[C@@H1]1CCC[C@@H1](N1C(=O)C2=CC=CC=C2C=O)CNC(=O)C3=CC=CC=C3,,,,,;;;;;;;
RLHF_0011,Pasan Boltz,CAN_6a563a81b1ffc02b,MOL_c3e946964a2b9f9c,COC1=CC=C(C)C=C1CNC(=O)C2=CC3=CC=CC=C3C(=O)[NH1]2,COC1=CC=C(C)C=C1CNC(=O)C2=CC3=CC=CC=C3C(=O)[NH1]2,BuChE,-9.908805314266404,True,True,True,,,,,0.2668574452400207,,,,,,,False,True,,-9.908805314266404,,,,,,,,,,,0.4242295622825622,,,,,CAN_6a563a81b1ffc02b,MOL_c3e946964a2b9f9c,,,,2.0,vina_boltz_results.csv; vina_results.csv,buche_2,buche_2/vina_boltz_results.csv; buche_2/vina_results.csv,buche_2,passed_boltz_protocol; intermediate,COC1=CC=C(C)C=C1CNC(=O)C2=CC3=CC=CC=C3C(=O)[NH1]2,,,,,;;;;;;;
RLHF_0012,Pasan Boltz,CAN_c4c8025b1cb60cb1,MOL_b0574149d1bc5b4e,COC(=O)[C@]12CCC(=O)N1C3=CC=CC=C3C(=O)N2C=CC4=CC=CC=C4,COC(=O)[C@]12CCC(=O)N1C3=CC=CC=C3C(=O)N2C=CC4=CC=CC=C4,BuChE,-9.767796991493714,True,True,True,,,,,0.4228759407997131,,,,,,,False,True,,-9.767796991493714,,,,,,,,,,,0.8504685759544373,,,,,CAN_c4c8025b1cb60cb1,MOL_b0574149d1bc5b4e,,,,2.0,vina_boltz_results.csv; vina_results.csv,buche_2,buche_2/vina_boltz_results.csv; buche_2/vina_results.csv,buche_2,passed_boltz_protocol; intermediate,COC(=O)[C@]12CCC(=O)N1C3=CC=CC=C3C(=O)N2C=CC4=CC=CC=C4,,,,,;;;;;;;
RLHF_0013,Pasan Boltz,CAN_0506bb90d03e591c,MOL_51d4d2228305c440,CC(C)C[C@@H1](N1C(=O)C2=CC=CC=C2CS1(=O)=O)C(=O)NC3=CC=CC=C3,CC(C)C[C@@H1](N1C(=O)C2=CC=CC=C2CS1(=O)=O)C(=O)NC3=CC=CC=C3,BuChE,-9.654525149859388,True,True,True,,,,,0.337063729763031,,,,,,,False,True,,-9.654525149859388,,,,,,,,,,,1.2016339302062988,,,,,CAN_0506bb90d03e591c,MOL_51d4d2228305c440,,,,2.0,vina_boltz_results.csv; vina_results.csv,buche_2,buche_2/vina_boltz_results.csv; buche_2/vina_results.csv,buche_2,passed_boltz_protocol; intermediate,CC(C)C[C@@H1](N1C(=O)C2=CC=CC=C2CS1(=O)=O)C(=O)NC3=CC=CC=C3,,,,,;;;;;;;
RLHF_0014,Pasan Boltz,CAN_b33bf9e2cb3f924a,MOL_efc00fbfb99cabbf,O=S(=O)(NC(=O)C1=CC=C(F)C=C1)C2=CC3=CC=CC=C3C2,O=S(=O)(NC(=O)C1=CC=C(F)C=C1)C2=CC3=CC=CC=C3C2,BuChE,-9.505251472838603,True,True,True,,,,,0.4358635246753692,,,,,,,False,True,,-9.505251472838603,,,,,,,,,,,0.2558662295341491,,,,,CAN_b33bf9e2cb3f924a,MOL_efc00fbfb99cabbf,,,,2.0,vina_boltz_results.csv; vina_results.csv,buche_2,buche_2/vina_boltz_results.csv; buche_2/vina_results.csv,buche_2,passed_boltz_protocol; intermediate,O=S(=O)(NC(=O)C1=CC=C(F)C=C1)C2=CC3=CC=CC=C3C2,,,,,;;;;;;;
RLHF_0015,Pasan Boltz,CAN_c839e616622d5762,MOL_2d512edf093ea3ed,CC(C)OC1=CC=CC=C1NC(=O)C2=CC3=CC=CC=C3C(=O)[NH1]2,CC(C)OC1=CC=CC=C1NC(=O)C2=CC3=CC=CC=C3C(=O)[NH1]2,BuChE,-9.414524345928342,True,True,True,,,,,0.3942267894744873,,,,,,,False,True,,-9.414524345928342,,,,,,,,,,,0.0352261364459991,,,,,CAN_c839e616622d5762,MOL_2d512edf093ea3ed,,,,2.0,vina_boltz_results.csv; vina_results.csv,buche_2,buche_2/vina_boltz_results.csv; buche_2/vina_results.csv,buche_2,passed_boltz_protocol; intermediate,CC(C)OC1=CC=CC=C1NC(=O)C2=CC3=CC=CC=C3C(=O)[NH1]2,,,,,;;;;;;;
RLHF_0016,Pasan Boltz,CAN_fae4830d89fd188e,MOL_66ccf5410e585bd4,CC[NH2+1][C@@H1](CC1=CC=CC=C1)C(=O)NC2=CC3=CC=CC=C3C(=O)[NH1]2,CC[NH2+1][C@@H1](CC1=CC=CC=C1)C(=O)NC2=CC3=CC=CC=C3C(=O)[NH1]2,BuChE,-8.93672217928745,True,True,True,,,,,0.3221475183963775,,,,,,,False,True,,-8.93672217928745,,,,,,,,,,,-0.0637298077344894,,,,,CAN_fae4830d89fd188e,MOL_66ccf5410e585bd4,,,,2.0,vina_boltz_results.csv; vina_results.csv,buche_2,buche_2/vina_boltz_results.csv; buche_2/vina_results.csv,buche_2,passed_boltz_protocol; intermediate,CC[NH2+1][C@@H1](CC1=CC=CC=C1)C(=O)NC2=CC3=CC=CC=C3C(=O)[NH1]2,,,,,;;;;;;;
RLHF_0017,Pasan Boltz,CAN_6227ad394610fda6,MOL_4c7a38f047054126,CC1=CC=CC(C)=C1NC(=O)C2=CC3=CC=CC=C3C(=O)[NH1]2,CC1=CC=CC(C)=C1NC(=O)C2=CC3=CC=CC=C3C(=O)[NH1]2,BuChE,-8.869365024551955,True,True,True,,,,,0.4195351600646972,,,,,,,False,True,,-8.869365024551955,,,,,,,,,,,-0.3503359854221344,,,,,CAN_6227ad394610fda6,MOL_4c7a38f047054126,,,,2.0,vina_boltz_results.csv; vina_results.csv,buche_2,buche_2/vina_boltz_results.csv; buche_2/vina_results.csv,buche_2,passed_boltz_protocol; intermediate,CC1=CC=CC(C)=C1NC(=O)C2=CC3=CC=CC=C3C(=O)[NH1]2,,,,,;;;;;;;
RLHF_0018,Pasan Boltz,CAN_d9105688074cc4a7,MOL_0661f1061e26748f,O=C(c1ccc2ccccc2c1)n1[nH]c2ccccc2c1=O,O=C(N1NC2=CC=CC=C2C1=O)C3=CC=C4C=CC=CC4=C3,DYRK1A,-10.092,True,True,True,0.5846320144498942,3.1713000000000013,2.123282011032911,288.306,,,,,,,,True,True,-10.092,-9.5673865852776,1.0,2.0,1.0,54.86,4.0,22.0,0.38847336,0.104093425,True,,,0.8392374358966606,1.0,CAN_f9bb08ffa51ab517,MOL_0661f1061e26748f,CAN_d9105688074cc4a7,MOL_0661f1061e26748f,dyrk1a_pool_final_nontoxic-2.csv,/content/dyrk1a_pool_final_nontoxic-2.csv,reward_results_15.csv,1.0,final_results.csv,dyrk1a_2,dyrk1a_2/final_results.csv,dyrk1a_2,passed_boltz_protocol,O=C(c1ccc2ccccc2c1)n1[nH]c2ccccc2c1=O,,,,,;;;;;;;;;;
RLHF_0019,Pasan Boltz,CAN_076ffa77e8cfff7a,MOL_24b888b3c2a6f2e7,CC(C)[C@H]1C(=O)NCCN1C(=O)c1cccc(-c2c[nH]c3ncccc23)c1,CC(C)[C@H1]1C(=O)NCCN1C(=O)C2=CC=CC(=C2)C3=C[NH1]C4=NC=CC=C34,DYRK1A,-9.993,True,True,True,0.7520020561931907,2.8265,2.9900482135765607,362.4330000000001,,,,,,,,True,True,-9.993,-10.241688978374688,2.0,3.0,3.0,78.09,4.0,27.0,0.24483697,0.088906854,True,,,0.9401605153243272,1.0,CAN_d3fe1386eb5624be,MOL_24b888b3c2a6f2e7,CAN_076ffa77e8cfff7a,MOL_24b888b3c2a6f2e7,dyrk1a_pool_final_nontoxic-2.csv,/content/dyrk1a_pool_final_nontoxic-2.csv,reward_results_27.csv,1.0,final_results.csv,dyrk1a_2,dyrk1a_2/final_results.csv,dyrk1a_2,passed_boltz_protocol,CC(C)[C@H]1C(=O)NCCN1C(=O)c1cccc(-c2c[nH]c3ncccc23)c1,,,,,;;;;;;;;;;
RLHF_0020,Pasan Boltz,CAN_6e4b4645f7c13805,MOL_daa8d65480e93533,Cc1ccc(C=O)cc1-c1cccc(N2CCC(C)(O)CC2C)n1,CC1=CC=C(C=C1C2=CC=CC(=N2)N3CCC(C)(O)CC3C)C=O,DYRK1A,-9.935,True,True,True,0.8764407610582493,3.6092200000000014,3.4141607410645456,324.42400000000004,,,,,,,,True,True,-9.935,-10.309881106972858,1.0,4.0,3.0,53.43,3.0,24.0,0.1454141,0.06339476,True,,,0.6540254159846011,1.0,CAN_48f7cfb19cf7eea8,MOL_daa8d65480e93533,CAN_6e4b4645f7c13805,MOL_daa8d65480e93533,dyrk1a_pool_final_nontoxic-2.csv,/content/dyrk1a_pool_final_nontoxic-2.csv,reward_results_2.csv,1.0,final_results.csv,dyrk1a_2,dyrk1a_2/final_results.csv,dyrk1a_2,passed_boltz_protocol,Cc1ccc(C=O)cc1-c1cccc(N2CCC(C)(O)CC2C)n1,,,,,;;;;;;;;;;
RLHF_0021,Pasan Boltz,CAN_7cadafde17c977fd,MOL_5a46fe4c17fe3ebb,C=C1C(=O)Oc2cc(OCC3Cc4ccccc4C(=O)N3)ccc21,C=C1C(=O)OC2=CC(OCC3CC4=CC=CC=C4C(=O)N3)=CC=C12,DYRK1A,-9.795,True,True,True,0.5353431596799902,2.3523000000000005,3.1929693197254307,321.332,,,,,,,,True,True,-9.795,-10.464401090628828,1.0,4.0,3.0,64.63,4.0,24.0,0.2868013,0.1256621,True,,,0.9577479023381104,1.0,CAN_90229229226936a2,MOL_5a46fe4c17fe3ebb,CAN_7cadafde17c977fd,MOL_5a46fe4c17fe3ebb,dyrk1a_pool_final_nontoxic-2.csv,/content/dyrk1a_pool_final_nontoxic-2.csv,reward_results_6.csv,1.0,final_results.csv,dyrk1a_2,dyrk1a_2/final_results.csv,dyrk1a_2,passed_boltz_protocol,C=C1C(=O)Oc2cc(OCC3Cc4ccccc4C(=O)N3)ccc21,,,,,;;;;;;;;;;
RLHF_0022,Pasan Boltz,CAN_0ffccd2a470efb7c,MOL_bc1a83cb3b11b0cd,O=C(c1ccc(-c2cccc(C(F)(F)F)c2)[nH]1)N1CCC1,O=C(N1CCC1)C2=CC=C([NH1]2)C3=CC=CC(=C3)C(F)(F)F,DYRK1A,-9.692,True,True,True,0.9031491417077766,3.546400000000002,2.228112585949411,294.276,,,,,,,,True,True,-9.692,-9.314734761067534,1.0,1.0,2.0,36.1,3.0,21.0,0.19422266,0.07669069,True,,,0.6692114808589877,1.0,CAN_ba7b26f4c1570893,MOL_bc1a83cb3b11b0cd,CAN_0ffccd2a470efb7c,MOL_bc1a83cb3b11b0cd,dyrk1a_pool_final_nontoxic-2.csv,/content/dyrk1a_pool_final_nontoxic-2.csv,reward_results_12.csv,1.0,final_results.csv,dyrk1a_2,dyrk1a_2/final_results.csv,dyrk1a_2,passed_boltz_protocol,O=C(c1ccc(-c2cccc(C(F)(F)F)c2)[nH]1)N1CCC1,,,,,;;;;;;;;;;
RLHF_0023,Pasan Boltz,CAN_9a919d975bf3dbf1,MOL_36478ff64b9ef17f,NC(=O)c1cccc(NC(=O)c2cccc(N3CCc4ccsc43)c2)c1,C1CC=2C=CSC=2N1C3=CC=CC(=C3)C(=O)NC4=CC=CC(=C4)C(N)=O,DYRK1A,-9.67,True,True,True,0.7403484946893282,3.7935000000000016,2.3230436433098145,363.4420000000001,,,,,,,,True,True,-9.67,-10.247617075431764,2.0,4.0,4.0,75.43,4.0,26.0,0.4740175,0.15780754,True,,,0.5687966059771774,1.0,CAN_f855412431d3c679,MOL_36478ff64b9ef17f,CAN_9a919d975bf3dbf1,MOL_36478ff64b9ef17f,dyrk1a_pool_final_nontoxic-2.csv,/content/dyrk1a_pool_final_nontoxic-2.csv,reward_results_17.csv,1.0,final_results.csv,dyrk1a_2,dyrk1a_2/final_results.csv,dyrk1a_2,passed_boltz_protocol,NC(=O)c1cccc(NC(=O)c2cccc(N3CCc4ccsc43)c2)c1,,,,,;;;;;;;;;;
RLHF_0024,Pasan Boltz,CAN_ae134933208df4fb,MOL_7a7c2e2286dc8990,O=C(Nc1ncncn1)c1cccc(N2CCN(Cc3ccc(F)cc3)C2=O)c1,C1CN(CC2=CC=C(F)C=C2)C(=O)N1C3=CC=CC(=C3)C(=O)NC4=NC=NC=N4,DYRK1A,-9.613,True,True,True,0.7209144461060096,2.7052000000000005,2.370537448993753,392.3940000000001,,,,,,,,True,True,-9.613,-9.728489872209702,1.0,5.0,5.0,91.32,4.0,29.0,0.22760583,0.08476625,True,,,0.936482167457026,1.0,CAN_886de8c69fa5fe52,MOL_7a7c2e2286dc8990,CAN_ae134933208df4fb,MOL_7a7c2e2286dc8990,dyrk1a_pool_final_nontoxic-2.csv,/content/dyrk1a_pool_final_nontoxic-2.csv,reward_results_24.csv,1.0,final_results.csv,dyrk1a_2,dyrk1a_2/final_results.csv,dyrk1a_2,passed_boltz_protocol,O=C(Nc1ncncn1)c1cccc(N2CCN(Cc3ccc(F)cc3)C2=O)c1,,,,,;;;;;;;;;;
RLHF_0025,Pasan Boltz,CAN_4de0e6b47f2d5573,MOL_7de7d1df04460570,NC(=O)c1cccc(NC(=O)c2cccc(-c3cccc([SH](=O)=O)c3)n2)c1,O=S(=O)C1=CC=CC(=C1)C2=CC=CC(=N2)C(=O)NC3=CC=CC(=C3)C(N)=O,DYRK1A,-9.576,True,True,True,0.5846602932440319,2.0701,2.622881022566766,381.4130000000001,,,,,,,,True,True,-9.576,-10.396065154372234,3.0,5.0,5.0,119.22,3.0,27.0,0.12265811,0.042043537,True,,,0.8873082951709922,1.0,CAN_665d379acaae2355,MOL_7de7d1df04460570,CAN_4de0e6b47f2d5573,MOL_7de7d1df04460570,dyrk1a_pool_final_nontoxic-2.csv,/content/dyrk1a_pool_final_nontoxic-2.csv,reward_results_20.csv,1.0,final_results.csv,dyrk1a_2,dyrk1a_2/final_results.csv,dyrk1a_2,passed_boltz_protocol,NC(=O)c1cccc(NC(=O)c2cccc(-c3cccc([SH](=O)=O)c3)n2)c1,,,,,;;;;;;;;;;
RLHF_0026,Pasan Boltz,CAN_d40f7d008d8704a0,MOL_f8e026ed8db9f87d,O=C(O)c1cccc(NC2=NS(=O)(=O)C(c3ccc4ccccc4n3)=C2)c1,O=S1(=O)N=C(NC2=CC=CC(=C2)C(=O)O)C=C1C3=CC=C4C=CC=CC4=N3,DYRK1A,-9.388,True,True,True,0.7236526934108135,3.127900000000001,2.7656504373624955,379.3970000000001,,,,,,,,True,True,-9.388,-10.106287234690452,2.0,5.0,3.0,108.72,4.0,27.0,0.31666845,0.12507582,True,,,0.8063121155494792,1.0,CAN_6dbdafbcc55ba828,MOL_f8e026ed8db9f87d,CAN_d40f7d008d8704a0,MOL_f8e026ed8db9f87d,dyrk1a_pool_final_nontoxic-2.csv,/content/dyrk1a_pool_final_nontoxic-2.csv,reward_results_18.csv,1.0,final_results.csv,dyrk1a_2,dyrk1a_2/final_results.csv,dyrk1a_2,passed_boltz_protocol,O=C(O)c1cccc(NC2=NS(=O)(=O)C(c3ccc4ccccc4n3)=C2)c1,,,,,;;;;;;;;;;
RLHF_0027,Pasan Boltz,CAN_04a2d7d25ef1c7de,MOL_d5735bd8ae6c16af,NC(=O)c1ccc2ccc(C(=O)N3CCc4ccccc4C3=O)nc2c1,O=C(N1CCC2=CC=CC=C2C1=O)C3=CC=C4C=CC(=CC4=N3)C(N)=O,DYRK1A,-9.38,True,True,True,0.720429523526335,2.1724,2.247980425014596,345.3580000000001,,,,,,,,True,True,-9.38,-9.642775141631365,1.0,4.0,2.0,93.36,4.0,26.0,0.13799019,0.046421275,True,,,0.8888617762622626,1.0,CAN_9aba50c555f1544a,MOL_d5735bd8ae6c16af,CAN_04a2d7d25ef1c7de,MOL_d5735bd8ae6c16af,dyrk1a_pool_final_nontoxic-2.csv,/content/dyrk1a_pool_final_nontoxic-2.csv,reward_results_23.csv,1.0,final_results.csv,dyrk1a_2,dyrk1a_2/final_results.csv,dyrk1a_2,passed_boltz_protocol,NC(=O)c1ccc2ccc(C(=O)N3CCc4ccccc4C3=O)nc2c1,,,,,;;;;;;;;;;
RLHF_0028,Pasan Boltz,CAN_3ead9367c6ebd37b,MOL_04e155abde5deac6,NC(=O)c1cccc(CNC(=O)c2cccc(C(=O)NC3CCCCC3)n2)n1,O=C(NC1CCCCC1)C2=CC=CC(=N2)C(=O)NCC3=CC=CC(=N3)C(N)=O,DYRK1A,-9.373,True,True,True,0.699797822608735,1.5679999999999998,2.307648121585741,381.4360000000002,,,,,,,,True,True,-9.373,-10.43394000385817,3.0,5.0,6.0,127.07,3.0,28.0,0.0807344,0.029633248,True,,,0.6902260137894386,1.0,CAN_e9cd7834d766444b,MOL_04e155abde5deac6,CAN_3ead9367c6ebd37b,MOL_04e155abde5deac6,dyrk1a_pool_final_nontoxic-2.csv,/content/dyrk1a_pool_final_nontoxic-2.csv,reward_results_20.csv,1.0,final_results.csv,dyrk1a_2,dyrk1a_2/final_results.csv,dyrk1a_2,passed_boltz_protocol,NC(=O)c1cccc(CNC(=O)c2cccc(C(=O)NC3CCCCC3)n2)n1,,,,,;;;;;;;;;;
RLHF_0029,Pasan Boltz,CAN_fc246e5677edd433,MOL_dabbccd0fb2619fa,Cc1cnc(CCc2nnc(-c3ccc4c(c3)CCC4=O)o2)cn1,CC1=CN=C(CCC2=NN=C(O2)C3=CC=C4C(=C3)CCC4=O)C=N1,DYRK1A,-9.316,True,True,True,0.734936971526262,2.7491200000000013,2.5924884083856217,320.3520000000001,,,,,,,,True,True,-9.316,-9.82244510111616,0.0,6.0,4.0,81.77,4.0,24.0,0.14761487,0.042939574,True,,,0.8937132884991048,1.0,CAN_a56afd6e461e722b,MOL_dabbccd0fb2619fa,CAN_fc246e5677edd433,MOL_dabbccd0fb2619fa,dyrk1a_pool_final_nontoxic-2.csv,/content/dyrk1a_pool_final_nontoxic-2.csv,reward_results_9.csv,1.0,final_results.csv,dyrk1a_2,dyrk1a_2/final_results.csv,dyrk1a_2,passed_boltz_protocol,Cc1cnc(CCc2nnc(-c3ccc4c(c3)CCC4=O)o2)cn1,,,,,;;;;;;;;;;
RLHF_0030,Pasan Boltz,CAN_79a0e010895d4af3,MOL_9e3b4d79b967e8b9,C[NH+](CCN1C(=O)c2ccccc2S1(=O)=O)c1ccc2ccccc2c1,C[NH1+1](CCN1C(=O)C2=CC=CC=C2S1(=O)=O)C3=CC=C4C=CC=CC4=C3,DYRK1A,-9.311,True,True,True,0.7654219678596278,1.8307,3.637606988657448,367.4500000000001,,,,,,,,True,True,-9.311,-10.132505249258012,1.0,3.0,4.0,58.89,4.0,26.0,0.20369768,0.06984977,True,,,0.7820082999728931,1.0,CAN_3a882e7a4d4ece16,MOL_9e3b4d79b967e8b9,CAN_79a0e010895d4af3,MOL_9e3b4d79b967e8b9,dyrk1a_pool_final_nontoxic-2.csv,/content/dyrk1a_pool_final_nontoxic-2.csv,reward_results_3.csv,1.0,final_results.csv,dyrk1a_2,dyrk1a_2/final_results.csv,dyrk1a_2,passed_boltz_protocol,C[NH+](CCN1C(=O)c2ccccc2S1(=O)=O)c1ccc2ccccc2c1,,,,,;;;;;;;;;;
RLHF_0031,Pasan Boltz,CAN_a6ad557cf831ba7f,MOL_d31e8d16b56f4899,Cc1ccccc1-n1ccc(C(=O)Nc2cccc(C(N)=O)c2)n1,CC1=CC=CC=C1N2C=CC(=N2)C(=O)NC3=CC=CC(=C3)C(N)=O,DYRK1A,-9.31,True,True,True,0.7737444420367585,2.5319199999999995,1.9593219442615109,320.3520000000001,,,,,,,,True,True,-9.31,-10.300174995161978,2.0,3.0,4.0,90.00999999999999,3.0,24.0,0.40259594,0.08880383,True,,,0.9123596628272372,1.0,CAN_13e653769e0ea1b4,MOL_d31e8d16b56f4899,CAN_a6ad557cf831ba7f,MOL_d31e8d16b56f4899,dyrk1a_pool_final_nontoxic-2.csv,/content/dyrk1a_pool_final_nontoxic-2.csv,reward_results_9.csv,1.0,final_results.csv,dyrk1a_2,dyrk1a_2/final_results.csv,dyrk1a_2,passed_boltz_protocol,Cc1ccccc1-n1ccc(C(=O)Nc2cccc(C(N)=O)c2)n1,,,,,;;;;;;;;;;
RLHF_0032,Pasan Boltz,CAN_343e1480204c12e2,MOL_2835ee6fb1d2743a,CCNC1CCN(c2cccc(-c3c[nH]c4ncccc34)n2)CC1,CCNC1CCN(CC1)C2=CC=CC(=N2)C3=C[NH1]C4=NC=CC=C34,DYRK1A,-9.24,True,True,True,0.7746244765171864,3.2032000000000016,2.425568231942348,321.4280000000001,0.8792052268981934,,,,6.113479787905703,6.953416109085083,,True,True,-9.24,-10.74383223507478,2.0,4.0,4.0,56.84,4.0,24.0,0.39075667,0.092338525,True,,-0.953416109085083,0.7597992880113793,1.0,CAN_3fc64ef14715ab80,MOL_2835ee6fb1d2743a,CAN_343e1480204c12e2,MOL_2835ee6fb1d2743a,dyrk1a_pool_final_nontoxic-2.csv,/content/dyrk1a_pool_final_nontoxic-2.csv,reward_results_28.csv,1.0,final_results.csv,dyrk1a_2,dyrk1a_2/final_results.csv,dyrk1a_2,passed_boltz_protocol,CCNC1CCN(c2cccc(-c3c[nH]c4ncccc34)n2)CC1,,,,,;;;;;;;;;;
RLHF_0033,Pasan Boltz,CAN_1c77a852a396b0b3,MOL_2e63e772f1b7ea3d,Cc1ccc(C(=O)NCc2ccncn2)cc1NC(=O)c1ccccc1F,CC1=CC=C(C=C1NC(=O)C2=CC=CC=C2F)C(=O)NCC3=CC=NC=N3,DYRK1A,-9.237,True,True,True,0.7285986435502474,3.106420000000001,2.0063273604394194,364.3800000000001,,,,,,,,True,True,-9.237,-10.644501263260327,2.0,4.0,5.0,83.98,3.0,27.0,0.28876773,0.07515878,True,,,0.792192277661734,1.0,CAN_2447cf764d6db3a4,MOL_2e63e772f1b7ea3d,CAN_1c77a852a396b0b3,MOL_2e63e772f1b7ea3d,dyrk1a_pool_final_nontoxic-2.csv,/content/dyrk1a_pool_final_nontoxic-2.csv,reward_results_18.csv,1.0,final_results.csv,dyrk1a_2,dyrk1a_2/final_results.csv,dyrk1a_2,passed_boltz_protocol,Cc1ccc(C(=O)NCc2ccncn2)cc1NC(=O)c1ccccc1F,,,,,;;;;;;;;;;
RLHF_0034,Pasan Boltz,CAN_44d734d69f64d2e6,MOL_b6799516853e0ff8,Cc1ccc(C2=NN(CN3CCCCC3)Cc3ccccc32)cc1N,C1CCCN(CN2N=C(C3=CC=C(C)C(N)=C3)C4=CC=CC=C4C2)C1,DYRK1A,-9.234,True,True,True,0.8726269565318396,3.588620000000001,2.63300402858971,334.4670000000001,,,,,,,,True,True,-9.234,-9.756066067691505,1.0,4.0,3.0,44.86,4.0,25.0,0.2572957,0.081119366,True,,,0.6123453943726284,1.0,CAN_e01ff0ace21b85c0,MOL_b6799516853e0ff8,CAN_44d734d69f64d2e6,MOL_b6799516853e0ff8,dyrk1a_pool_final_nontoxic-2.csv,/content/dyrk1a_pool_final_nontoxic-2.csv,reward_results_3.csv,1.0,final_results.csv,dyrk1a_2,dyrk1a_2/final_results.csv,dyrk1a_2,passed_boltz_protocol,Cc1ccc(C2=NN(CN3CCCCC3)Cc3ccccc32)cc1N,,,,,;;;;;;;;;;
RLHF_0035,Pasan Boltz,CAN_ad36978efe213d64,MOL_7c632e05a0d55b6e,NC1=NCC(Nc2ccccc2/C=C/C(=O)c2ccccc2)C1,O=C(/C=C/C1=CC=CC=C1NC2CN=C(N)C2)C3=CC=CC=C3,DYRK1A,-9.234,True,True,True,0.6585517690750642,3.124100000000001,3.04762401496093,305.381,,,,,,,,True,True,-9.234,-9.209406121372558,2.0,4.0,5.0,67.48,3.0,23.0,0.31808323,0.1332727,True,,,0.7859264499298475,1.0,CAN_30d110ec21986e7c,MOL_7c632e05a0d55b6e,CAN_ad36978efe213d64,MOL_7c632e05a0d55b6e,dyrk1a_pool_final_nontoxic-2.csv,/content/dyrk1a_pool_final_nontoxic-2.csv,reward_results_11.csv,1.0,final_results.csv,dyrk1a_2,dyrk1a_2/final_results.csv,dyrk1a_2,passed_boltz_protocol,NC1=NCC(Nc2ccccc2/C=C/C(=O)c2ccccc2)C1,,,,,;;;;;;;;;;
RLHF_0036,Pasan Boltz,CAN_fc9e9060698de279,MOL_8913790c45e1c8c9,Cc1ccc(C)c(-c2nc(C(=O)Nc3cccc(S(N)(=O)=O)c3)cc3c2C(=O)NC3)c1,CC1=CC=C(C)C(=C1)C2=NC(=CC=3CNC(=O)C2=3)C(=O)NC4=CC=CC(=C4)S(N)(=O)=O,DYRK1A,-9.227,True,True,True,0.57826420290123,2.508539999999999,2.5939176570907687,436.4930000000001,0.3467909693717956,,,,,5.549779176712036,,True,True,-9.227,-10.744379098426837,3.0,5.0,4.0,131.25,4.0,31.0,0.12816836,0.044552717,True,,0.4502208232879638,0.8983309788312133,1.0,CAN_9125e598153ae693,MOL_8913790c45e1c8c9,CAN_fc9e9060698de279,MOL_8913790c45e1c8c9,dyrk1a_pool_final_nontoxic-2.csv,/content/dyrk1a_pool_final_nontoxic-2.csv,reward_results_8.csv,1.0,final_results.csv,dyrk1a_2,dyrk1a_2/final_results.csv,dyrk1a_2,passed_boltz_protocol,Cc1ccc(C)c(-c2nc(C(=O)Nc3cccc(S(N)(=O)=O)c3)cc3c2C(=O)NC3)c1,,,,,;;;;;;;;;;
RLHF_0037,Pasan Boltz,CAN_e965ec8ed9feb031,MOL_8bf6a4f157dac41b,CCC(=O)/N=C/c1cccn1-c1cccc(C(C)(C)C(=O)NC(N)=O)c1,CCC(=O)/N=C/C1=CC=CN1C2=CC=CC(=C2)C(C)(C)C(=O)NC(N)=O,DYRK1A,-9.207,True,True,True,0.8045474564701013,2.3053,3.0158574417930213,354.4100000000001,,,,,,,,True,True,-9.207,-9.692902597697756,2.0,3.0,5.0,106.55,2.0,26.0,0.1990007,0.07110841,True,,,0.8825985917626233,1.0,CAN_66a11cb0bbc5bdf2,MOL_8bf6a4f157dac41b,CAN_e965ec8ed9feb031,MOL_8bf6a4f157dac41b,dyrk1a_pool_final_nontoxic-2.csv,/content/dyrk1a_pool_final_nontoxic-2.csv,reward_results_16.csv,1.0,final_results.csv,dyrk1a_2,dyrk1a_2/final_results.csv,dyrk1a_2,passed_boltz_protocol,CCC(=O)/N=C/c1cccn1-c1cccc(C(C)(C)C(=O)NC(N)=O)c1,,,,,;;;;;;;;;;
RLHF_0038,Pasan Boltz,CAN_e2a56bbbc819f690,MOL_4e088c4e3a1e9759,CCn1ncc(NC(=O)c2ccccc2NC(=O)c2ccccc2F)c1C(N)=O,CCN1N=CC(NC(=O)C2=CC=CC=C2NC(=O)C3=CC=CC=C3F)=C1C(N)=O,DYRK1A,-9.198,True,True,True,0.5943056951060294,2.6456,2.15948201553832,395.3940000000001,,,,,,,,True,True,-9.198,-9.64641181702028,3.0,4.0,6.0,119.11,3.0,29.0,0.357178,0.08064412,True,,,0.8861402831303838,1.0,CAN_e3afa6720c8b6a12,MOL_4e088c4e3a1e9759,CAN_e2a56bbbc819f690,MOL_4e088c4e3a1e9759,dyrk1a_pool_final_nontoxic-2.csv,/content/dyrk1a_pool_final_nontoxic-2.csv,reward_results_14.csv,1.0,final_results.csv,dyrk1a_2,dyrk1a_2/final_results.csv,dyrk1a_2,passed_boltz_protocol,CCn1ncc(NC(=O)c2ccccc2NC(=O)c2ccccc2F)c1C(N)=O,,,,,;;;;;;;;;;
RLHF_0039,Pasan Boltz,CAN_60c9ecc821981ede,MOL_1d3993f252409ee8,C=c1ncccc1=CNC(=O)c1cccc([C@H](NC)c2ccc(Cl)cc2)c1,CN[C@H1](C1=CC=C(Cl)C=C1)C2=CC=CC(=C2)C(=O)NC=C3C=CC=NC3=C,DYRK1A,-9.042,True,True,True,0.7183139344375531,2.6221000000000005,3.2575397220680697,377.8750000000001,,,,,,,,True,True,-9.042,-10.219360724303034,2.0,3.0,5.0,54.02,3.0,27.0,0.23217703,0.082019985,True,,,0.8540379988961871,1.0,CAN_9d13ea8d8e622b2b,MOL_1d3993f252409ee8,CAN_60c9ecc821981ede,MOL_1d3993f252409ee8,dyrk1a_pool_final_nontoxic-2.csv,/content/dyrk1a_pool_final_nontoxic-2.csv,reward_results_8.csv,1.0,final_results.csv,dyrk1a_2,dyrk1a_2/final_results.csv,dyrk1a_2,passed_boltz_protocol,C=c1ncccc1=CNC(=O)c1cccc([C@H](NC)c2ccc(Cl)cc2)c1,,,,,;;;;;;;;;;
RLHF_0040,Pasan Boltz,CAN_7c0f41bcfc202ec4,MOL_0a8feafa8def05fd,CC[C@@H]1CC[C@H](NC2=CN=CC2)CN1C(=O)c1cc2ccccc2c(=O)[nH]1,CC[C@@H1]1CC[C@@H1](CN1C(=O)C2=CC3=CC=CC=C3C(=O)[NH1]2)NC4=CN=CC4,DYRK1A,-9.005,True,True,True,0.8756865942851225,2.8168000000000006,3.7806305393788566,364.44900000000007,,,,,,,,True,True,-9.005,-10.217962650144358,2.0,4.0,4.0,77.56,4.0,27.0,0.14565355,0.05659597,True,,,0.8195101808331986,1.0,CAN_2ba4b5f22f4e41ac,MOL_0a8feafa8def05fd,CAN_7c0f41bcfc202ec4,MOL_0a8feafa8def05fd,dyrk1a_pool_final_nontoxic-2.csv,/content/dyrk1a_pool_final_nontoxic-2.csv,reward_results_19.csv,1.0,final_results.csv,dyrk1a_2,dyrk1a_2/final_results.csv,dyrk1a_2,passed_boltz_protocol,CC[C@@H]1CC[C@H](NC2=CN=CC2)CN1C(=O)c1cc2ccccc2c(=O)[nH]1,,,,,;;;;;;;;;;
RLHF_0041,Pasan Boltz,CAN_336952f036fb1b64,MOL_71e09b8a530bd04d,CC1=C(Nc2cccc(C(=O)N3CCNCC3)c2)CC=C1,C1C=CC(C)=C1NC2=CC=CC(=C2)C(=O)N3CCNCC3,DYRK1A,-8.972,True,True,True,0.8949389629639306,2.3778,2.621602510722207,283.37500000000006,,,,,,,,True,True,-8.972,-10.22270867596736,2.0,3.0,3.0,44.370000000000005,3.0,21.0,0.15507427,0.045052078,True,,,0.8359145101411617,1.0,CAN_fa25411771c663f0,MOL_71e09b8a530bd04d,CAN_336952f036fb1b64,MOL_71e09b8a530bd04d,dyrk1a_pool_final_nontoxic-2.csv,/content/dyrk1a_pool_final_nontoxic-2.csv,reward_results_11.csv,1.0,final_results.csv,dyrk1a_2,dyrk1a_2/final_results.csv,dyrk1a_2,passed_boltz_protocol,CC1=C(Nc2cccc(C(=O)N3CCNCC3)c2)CC=C1,,,,,;;;;;;;;;;
RLHF_0042,Pasan Boltz,CAN_911a4c35979b6335,MOL_cf828a2d81b47bb7,NC(=O)c1cccc(NC(=O)C2=CCC(NC(=O)c3ccccc3)=C2)c1,C1C=C(C=C1NC(=O)C2=CC=CC=C2)C(=O)NC3=CC=CC(=C3)C(N)=O,DYRK1A,-8.948,True,True,True,0.7736916436858127,2.368,2.3630812566154287,347.37400000000014,,,,,,,,True,True,-8.948,-10.363848540654107,3.0,3.0,5.0,101.29,3.0,26.0,0.21087684,0.07514549,True,,,0.8285354699378601,1.0,CAN_368a57098bde05a6,MOL_cf828a2d81b47bb7,CAN_911a4c35979b6335,MOL_cf828a2d81b47bb7,dyrk1a_pool_final_nontoxic-2.csv,/content/dyrk1a_pool_final_nontoxic-2.csv,reward_results_27.csv,1.0,final_results.csv,dyrk1a_2,dyrk1a_2/final_results.csv,dyrk1a_2,passed_boltz_protocol,NC(=O)c1cccc(NC(=O)C2=CCC(NC(=O)c3ccccc3)=C2)c1,,,,,;;;;;;;;;;
RLHF_0043,Pasan Boltz,CAN_9f421be97f050a21,MOL_acc0401f7efe20e3,Cc1c(Cl)cccc1NC(=O)c1cccc(C(=O)NC2CN(CC#N)C2)n1,CC1=C(Cl)C=CC=C1NC(=O)C2=CC=CC(=N2)C(=O)NC3CN(CC#N)C3,DYRK1A,-8.899,True,True,True,0.7713545839439664,2.2333,2.420055807991867,383.83900000000017,,,,,,,,True,True,-8.899,-9.587548861715826,2.0,5.0,5.0,98.12,3.0,27.0,0.19202511,0.06679632,True,,,0.7989048064112995,1.0,CAN_a52d22b0da7444e4,MOL_acc0401f7efe20e3,CAN_9f421be97f050a21,MOL_acc0401f7efe20e3,dyrk1a_pool_final_nontoxic-2.csv,/content/dyrk1a_pool_final_nontoxic-2.csv,reward_results_23.csv,1.0,final_results.csv,dyrk1a_2,dyrk1a_2/final_results.csv,dyrk1a_2,passed_boltz_protocol,Cc1c(Cl)cccc1NC(=O)c1cccc(C(=O)NC2CN(CC#N)C2)n1,,,,,;;;;;;;;;;
RLHF_0044,Pasan Boltz,CAN_62fd097d60e9dbfd,MOL_a4270afbb8b115e4,C=C1CNCCC1=CC(=O)Nc1ccnn1-c1ccccc1C,CC1=CC=CC=C1N2N=CC=C2NC(=O)C=C3CCNCC3=C,DYRK1A,-8.887,True,True,True,0.8569589867693334,2.5951200000000005,3.012146066680128,308.3850000000001,,,,,,,,True,True,-8.887,-9.61785833357552,2.0,3.0,3.0,58.95,3.0,23.0,0.319464,0.10996752,True,,,0.8130614784843047,1.0,CAN_bc21ddba176d6ea1,MOL_a4270afbb8b115e4,CAN_62fd097d60e9dbfd,MOL_a4270afbb8b115e4,dyrk1a_pool_final_nontoxic-2.csv,/content/dyrk1a_pool_final_nontoxic-2.csv,reward_results_7.csv,1.0,final_results.csv,dyrk1a_2,dyrk1a_2/final_results.csv,dyrk1a_2,passed_boltz_protocol,C=C1CNCCC1=CC(=O)Nc1ccnn1-c1ccccc1C,,,,,;;;;;;;;;;
RLHF_0045,Pasan Boltz,CAN_9907578887c11b6d,MOL_ceacaea886891f9b,C=CC1N=C(c2cnc(N3CCN(C)CC3)c(C)c2)c2c3ccccc3nn21,C=CC1N2C(C(=N1)C3=CN=C(N4CCN(C)CC4)C(C)=C3)=C5C=CC=CC5=N2,DYRK1A,-8.881,True,True,True,0.6633617334510304,3.027120000000002,3.580038820710227,372.476,,,,,,,,True,True,-8.881,-9.625,0.0,5.0,3.0,49.55,5.0,28.0,0.27416453,0.078849934,True,,,0.7384366716148035,1.0,CAN_4961e24dc2c62576,MOL_ceacaea886891f9b,CAN_9907578887c11b6d,MOL_ceacaea886891f9b,dyrk1a_pool_final_nontoxic-2.csv,/content/dyrk1a_pool_final_nontoxic-2.csv,reward_results_1.csv,1.0,final_results.csv,dyrk1a_2,dyrk1a_2/final_results.csv,dyrk1a_2,passed_boltz_protocol,C=CC1N=C(c2cnc(N3CCN(C)CC3)c(C)c2)c2c3ccccc3nn21,,,,,;;;;;;;;;;
RLHF_0046,Pasan Boltz,CAN_6417533d68a17f40,MOL_36054b633e77c82f,CCOc1ccccc1-c1cc(C(=O)Nc2ccc(C(N)=O)cc2)ccn1,CCOC1=CC=CC=C1C2=CC(=CC=N2)C(=O)NC3=CC=C(C(N)=O)C=C3,DYRK1A,-8.876,True,True,True,0.7024559298028082,3.4985,1.8979659218779807,361.40100000000007,,,,,,,,True,True,-8.876,-10.583898892774055,2.0,4.0,6.0,94.31,3.0,27.0,0.47969165,0.11919608,True,,,0.5845189218493692,1.0,CAN_1929262ec6eeab41,MOL_36054b633e77c82f,CAN_6417533d68a17f40,MOL_36054b633e77c82f,dyrk1a_pool_final_nontoxic-2.csv,/content/dyrk1a_pool_final_nontoxic-2.csv,reward_results_12.csv,1.0,final_results.csv,dyrk1a_2,dyrk1a_2/final_results.csv,dyrk1a_2,passed_boltz_protocol,CCOc1ccccc1-c1cc(C(=O)Nc2ccc(C(N)=O)cc2)ccn1,,,,,;;;;;;;;;;
RLHF_0047,Pasan Boltz,CAN_60b3648c4575e2f8,MOL_2420d88ce6100122,CC(C)(C)n1nccc1NC(=O)c1cccc2cc(CC(N)=O)nnc12,CC(C)(C)N1N=CC=C1NC(=O)C2=CC=CC3=CC(=NN=C23)CC(N)=O,DYRK1A,-8.863,True,True,True,0.743339859182635,1.8614,2.841748720232891,352.39800000000014,,,,,,,,True,True,-8.863,-9.860400902960912,2.0,5.0,4.0,115.79,3.0,26.0,0.31315565,0.077768505,True,,,0.701705213729547,1.0,CAN_3fbe1622b91d2749,MOL_2420d88ce6100122,CAN_60b3648c4575e2f8,MOL_2420d88ce6100122,dyrk1a_pool_final_nontoxic-2.csv,/content/dyrk1a_pool_final_nontoxic-2.csv,reward_results_25.csv,1.0,final_results.csv,dyrk1a_2,dyrk1a_2/final_results.csv,dyrk1a_2,passed_boltz_protocol,CC(C)(C)n1nccc1NC(=O)c1cccc2cc(CC(N)=O)nnc12,,,,,;;;;;;;;;;
RLHF_0048,Pasan Boltz,CAN_5f52b9657142bcbb,MOL_a91d02e9226b948e,CCn1nc(-c2cccc(C(C)(C)C#N)c2)cc1N1CCNCC1,CCN1N=C(C=C1N2CCNCC2)C3=CC=CC(=C3)C(C)(C)C#N,DYRK1A,-8.816,True,True,True,0.9398293100098948,2.780780000000001,2.7609470573836834,323.4440000000001,,,,,,,,True,True,-8.816,-10.497983085049828,1.0,4.0,4.0,56.88,3.0,24.0,0.11331903,0.038145408,True,,,0.7709189210082549,1.0,CAN_e984b757dff19237,MOL_a91d02e9226b948e,CAN_5f52b9657142bcbb,MOL_a91d02e9226b948e,dyrk1a_pool_final_nontoxic-2.csv,/content/dyrk1a_pool_final_nontoxic-2.csv,reward_results_16.csv,1.0,final_results.csv,dyrk1a_2,dyrk1a_2/final_results.csv,dyrk1a_2,passed_boltz_protocol,CCn1nc(-c2cccc(C(C)(C)C#N)c2)cc1N1CCNCC1,,,,,;;;;;;;;;;
RLHF_0049,Pasan Boltz,CAN_ecdcb3c8fd542363,MOL_6fa9cdaec5b9b6ae,CNC1=NC(Nc2cccc(NC[C@@H](CC=O)CCc3ccccc3)n2)C=C1Cl,CNC1=NC(NC2=CC=CC(=N2)NC[C@H1](CCC3=CC=CC=C3)CC=O)C=C1Cl,DYRK1A,-8.809,True,True,True,0.517779882120981,3.8237000000000014,3.981957537946253,411.9370000000001,,,,,,,,True,True,-8.809,-10.671347009843586,3.0,6.0,10.0,78.41,3.0,29.0,0.43426454,0.16149451,True,,,0.4609418583228085,1.0,CAN_410b0447efd9efd7,MOL_6fa9cdaec5b9b6ae,CAN_ecdcb3c8fd542363,MOL_6fa9cdaec5b9b6ae,dyrk1a_pool_final_nontoxic-2.csv,/content/dyrk1a_pool_final_nontoxic-2.csv,reward_results_4.csv,1.0,final_results.csv,dyrk1a_2,dyrk1a_2/final_results.csv,dyrk1a_2,passed_boltz_protocol,CNC1=NC(Nc2cccc(NC[C@@H](CC=O)CCc3ccccc3)n2)C=C1Cl,,,,,;;;;;;;;;;
RLHF_0050,Pasan Boltz,CAN_5d76ba21da69f83a,MOL_9363267ffd8ceaa0,COC[C@H](O)c1cccc(-c2c[nH]c3ncc(C#N)cc23)c1,COC[C@H1](O)C1=CC=CC(=C1)C2=C[NH1]C3=NC=C(C=C23)C#N,DYRK1A,-8.799,True,True,True,0.7746116760111795,2.7813800000000004,2.9814044500841383,293.326,,,,,,,,True,True,-8.799,-10.374583257463328,2.0,4.0,4.0,81.93,3.0,22.0,0.4325193,0.16171338,True,,,0.7651954823321828,1.0,CAN_75dbebfdff6ccda3,MOL_9363267ffd8ceaa0,CAN_5d76ba21da69f83a,MOL_9363267ffd8ceaa0,dyrk1a_pool_final_nontoxic-2.csv,/content/dyrk1a_pool_final_nontoxic-2.csv,reward_results_27.csv,1.0,final_results.csv,dyrk1a_2,dyrk1a_2/final_results.csv,dyrk1a_2,passed_boltz_protocol,COC[C@H](O)c1cccc(-c2c[nH]c3ncc(C#N)cc23)c1,,,,,;;;;;;;;;;
RLHF_0051,Pasan Boltz,CAN_a36796e8caaf7349,MOL_5bfa8756e031ece4,O=C(N[C@@H]1CCN(c2ccccc2)N1)c1ccc2ccccc2n1,O=C(N[C@@H1]1CCN(N1)C2=CC=CC=C2)C3=CC=C4C=CC=CC4=N3,DYRK1A,-8.773,True,True,True,0.7794688610682882,2.7056000000000004,2.96987086949226,318.3800000000001,,,,,,,,True,True,-8.773,-8.932188177195606,2.0,4.0,3.0,57.260000000000005,4.0,24.0,0.36517525,0.09330538,True,,,0.7662992261068639,1.0,CAN_250fa8c301322b1d,MOL_5bfa8756e031ece4,CAN_a36796e8caaf7349,MOL_5bfa8756e031ece4,dyrk1a_pool_final_nontoxic-2.csv,/content/dyrk1a_pool_final_nontoxic-2.csv,reward_results_22.csv,1.0,final_results.csv,dyrk1a_2,dyrk1a_2/final_results.csv,dyrk1a_2,passed_boltz_protocol,O=C(N[C@@H]1CCN(c2ccccc2)N1)c1ccc2ccccc2n1,,,,,;;;;;;;;;;
RLHF_0052,Pasan Boltz,CAN_0f4c04bab3cc8ece,MOL_ed7d9e177764a64d,C[C@@H]1CCN1c1cccc(C(=O)Nc2cccc(C(N)=O)c2)n1,C1C[C@@H1](C)N1C2=CC=CC(=N2)C(=O)NC3=CC=CC(=C3)C(N)=O,DYRK1A,-8.763,True,True,True,0.9041219890705576,2.0314,2.5797609504020684,310.3570000000001,,,,,,,,True,True,-8.763,-9.738444256098235,2.0,4.0,4.0,88.32,3.0,23.0,0.27692732,0.07979857,True,,,0.7168340176061362,1.0,CAN_a8617c89036ae9ca,MOL_ed7d9e177764a64d,CAN_0f4c04bab3cc8ece,MOL_ed7d9e177764a64d,dyrk1a_pool_final_nontoxic-2.csv,/content/dyrk1a_pool_final_nontoxic-2.csv,reward_results_27.csv,1.0,final_results.csv,dyrk1a_2,dyrk1a_2/final_results.csv,dyrk1a_2,passed_boltz_protocol,C[C@@H]1CCN1c1cccc(C(=O)Nc2cccc(C(N)=O)c2)n1,,,,,;;;;;;;;;;
RLHF_0053,Pasan Boltz,CAN_dc1376b85772d2cf,MOL_25050874180fbac4,Cc1ccc(-c2nnc(-c3ccccc3F)[nH]2)cc1C,CC1=CC=C(C=C1C)C2=NN=C([NH1]2)C3=CC=CC=C3F,DYRK1A,-8.76,True,True,True,0.7648334387482508,3.8946400000000017,2.2791846213023685,267.307,,,,,,,,True,True,-8.76,-8.779,1.0,2.0,2.0,41.57,3.0,20.0,0.26431853,0.06376199,True,,,0.429787926001026,1.0,CAN_0b8f542794bdd9c6,MOL_25050874180fbac4,CAN_dc1376b85772d2cf,MOL_25050874180fbac4,dyrk1a_pool_final_nontoxic-2.csv,/content/dyrk1a_pool_final_nontoxic-2.csv,reward_results_1.csv,1.0,final_results.csv,dyrk1a_2,dyrk1a_2/final_results.csv,dyrk1a_2,passed_boltz_protocol,Cc1ccc(-c2nnc(-c3ccccc3F)[nH]2)cc1C,,,,,;;;;;;;;;;
RLHF_0054,Pasan Boltz,CAN_67ca85ae33eda5f1,MOL_e36870b7ee2794fc,Cc1ccc(C(=O)Nc2cccc(C(N)=O)c2)cc1-n1nccn1,CC1=CC=C(C=C1N2N=CC=N2)C(=O)NC3=CC=CC(=C3)C(N)=O,DYRK1A,-8.729,True,True,True,0.7659571081659752,1.92692,2.1675680981076653,321.34000000000015,,,,,,,,True,True,-8.729,-10.511174811912094,2.0,4.0,4.0,102.9,3.0,24.0,0.35714927,0.075579755,True,,,0.6794655370493157,1.0,CAN_19a42aa36af04ca6,MOL_e36870b7ee2794fc,CAN_67ca85ae33eda5f1,MOL_e36870b7ee2794fc,dyrk1a_pool_final_nontoxic-2.csv,/content/dyrk1a_pool_final_nontoxic-2.csv,reward_results_21.csv,1.0,final_results.csv,dyrk1a_2,dyrk1a_2/final_results.csv,dyrk1a_2,passed_boltz_protocol,Cc1ccc(C(=O)Nc2cccc(C(N)=O)c2)cc1-n1nccn1,,,,,;;;;;;;;;;
RLHF_0055,Pasan Boltz,CAN_dc70520f83fc2b67,MOL_7fb258aaedc65bfe,CC[C@H](c1cccc(C(N)=O)c1)N1C(=O)c2ccccc2C1=O,CC[C@@H1](N1C(=O)C2=CC=CC=C2C1=O)C3=CC=CC(=C3)C(N)=O,DYRK1A,-8.717,True,True,True,0.8812967256576058,2.5328,2.5325901996624225,308.33700000000005,,,,,,,,True,True,-8.717,-9.75922102775665,1.0,3.0,4.0,80.47,3.0,23.0,0.08771888,0.039366055,True,,,0.7570683193161986,1.0,CAN_a5a055ea2224a4b5,MOL_7fb258aaedc65bfe,CAN_dc70520f83fc2b67,MOL_7fb258aaedc65bfe,dyrk1a_pool_final_nontoxic-2.csv,/content/dyrk1a_pool_final_nontoxic-2.csv,reward_results_22.csv,1.0,final_results.csv,dyrk1a_2,dyrk1a_2/final_results.csv,dyrk1a_2,passed_boltz_protocol,CC[C@H](c1cccc(C(N)=O)c1)N1C(=O)c2ccccc2C1=O,,,,,;;;;;;;;;;
RLHF_0056,Pasan Boltz,CAN_883c6aba84c2e6ae,MOL_5dda54d0b489ff63,Cc1ccc(Nc2ncc(C(=O)O)cc2Cl)c(C)c1,CC1=CC(C)=CC=C1NC2=NC=C(C(=O)O)C=C2Cl,DYRK1A,-8.71,True,True,True,0.8951207136339253,3.7936400000000017,1.965609002696116,276.723,,,,,,,,True,True,-8.71,-10.033566362774735,2.0,3.0,3.0,62.22,2.0,19.0,0.18732484,0.049765367,True,,,0.4491059492595607,1.0,CAN_83563d556b5224df,MOL_5dda54d0b489ff63,CAN_883c6aba84c2e6ae,MOL_5dda54d0b489ff63,dyrk1a_pool_final_nontoxic-2.csv,/content/dyrk1a_pool_final_nontoxic-2.csv,reward_results_9.csv,1.0,final_results.csv,dyrk1a_2,dyrk1a_2/final_results.csv,dyrk1a_2,passed_boltz_protocol,Cc1ccc(Nc2ncc(C(=O)O)cc2Cl)c(C)c1,,,,,;;;;;;;;;;
RLHF_0057,Pasan Boltz,CAN_8d90a2adfdf97735,MOL_4bf68f552b31c5a7,C=C1CN(c2cccc(C(=O)Nc3ccccc3)c2)C=C1C#N,C=C1CN(C=C1C#N)C2=CC=CC(=C2)C(=O)NC3=CC=CC=C3,DYRK1A,-8.697,True,True,True,0.9396188759551488,3.7225800000000016,2.5509453673794287,301.349,,,,,,,,True,True,-8.697,-9.61427564302723,1.0,3.0,3.0,56.13,3.0,23.0,0.45591426,0.19583762,True,,,0.4678199147263175,1.0,CAN_cbd48ce49294e27a,MOL_4bf68f552b31c5a7,CAN_8d90a2adfdf97735,MOL_4bf68f552b31c5a7,dyrk1a_pool_final_nontoxic-2.csv,/content/dyrk1a_pool_final_nontoxic-2.csv,reward_results_7.csv,1.0,final_results.csv,dyrk1a_2,dyrk1a_2/final_results.csv,dyrk1a_2,passed_boltz_protocol,C=C1CN(c2cccc(C(=O)Nc3ccccc3)c2)C=C1C#N,,,,,;;;;;;;;;;
RLHF_0058,Pasan Boltz,CAN_6e3d5a665131ea06,MOL_79987ee906d665b1,CCNCNC(=O)c1cccc(-c2cccc(C(=O)NC)c2)c1,CCNCNC(=O)C1=CC=CC(=C1)C2=CC=CC(=C2)C(=O)NC,DYRK1A,-8.628,True,True,True,0.5644248345603173,2.01,2.0694055717904014,311.38500000000005,,,,,,,,True,True,-8.628,-9.615972898742976,3.0,3.0,6.0,70.22999999999999,2.0,23.0,0.13018022,0.03773228,True,,,0.6636307522247935,1.0,CAN_40165ea29596899a,MOL_79987ee906d665b1,CAN_6e3d5a665131ea06,MOL_79987ee906d665b1,dyrk1a_pool_final_nontoxic-2.csv,/content/dyrk1a_pool_final_nontoxic-2.csv,reward_results_23.csv,1.0,final_results.csv,dyrk1a_2,dyrk1a_2/final_results.csv,dyrk1a_2,passed_boltz_protocol,CCNCNC(=O)c1cccc(-c2cccc(C(=O)NC)c2)c1,,,,,;;;;;;;;;;
RLHF_0059,Pasan Boltz,CAN_01cef3149147d241,MOL_d484f4da8cfa0b01,COc1ccccc1NC=NC=C1N=C(N2CCCC2)N(CC2CCOCC2)C1=N,COC1=CC=CC=C1NC=NC=C2N=C(N3CCCC3)N(CC4CCOCC4)C2=N,DYRK1A,-8.594,True,True,True,0.5558557434154133,3.148070000000001,3.312228753017912,410.5220000000003,,,,,,,,True,True,-8.594,-8.405,2.0,6.0,6.0,85.53999999999999,4.0,30.0,0.29670095,0.09610123,True,,,0.6118535716086797,1.0,CAN_5b31550ecf2fe243,MOL_d484f4da8cfa0b01,CAN_01cef3149147d241,MOL_d484f4da8cfa0b01,dyrk1a_pool_final_nontoxic-2.csv,/content/dyrk1a_pool_final_nontoxic-2.csv,reward_results_0.csv,1.0,final_results.csv,dyrk1a_2,dyrk1a_2/final_results.csv,dyrk1a_2,passed_boltz_protocol,COc1ccccc1NC=NC=C1N=C(N2CCCC2)N(CC2CCOCC2)C1=N,,,,,;;;;;;;;;;
RLHF_0060,Pasan Boltz,CAN_66358de828ff9e03,MOL_7fc705d078004a2f,O=C([C@H]1CCCNC1)N1CCC(c2nc3ccccc3s2)CC1,O=C([C@H1]1CCCNC1)N2CCC(CC2)C3=NC4=CC=CC=C4S3,DYRK1A,-8.521,True,True,True,0.9210852657312874,3.001900000000002,2.7208901289610665,329.469,,,,,,,,True,True,-8.521,-9.505317169935656,1.0,4.0,2.0,45.23,4.0,23.0,0.16020684,0.05174679,True,,,0.6181042387424068,1.0,CAN_7be0ef375edf1358,MOL_7fc705d078004a2f,CAN_66358de828ff9e03,MOL_7fc705d078004a2f,dyrk1a_pool_final_nontoxic-2.csv,/content/dyrk1a_pool_final_nontoxic-2.csv,reward_results_8.csv,1.0,final_results.csv,dyrk1a_2,dyrk1a_2/final_results.csv,dyrk1a_2,passed_boltz_protocol,O=C([C@H]1CCCNC1)N1CCC(c2nc3ccccc3s2)CC1,,,,,;;;;;;;;;;
RLHF_0061,Pasan Boltz,CAN_c3f120145496cba3,MOL_a6854426a2f9173f,C[CH]SC1CN(c2ccccc2)CCN1c1cccc(C(N)=O)c1,C[C@@H1]SC1CN(CCN1C2=CC=CC(=C2)C(N)=O)C3=CC=CC=C3,DYRK1A,-8.484,True,True,True,0.9067047833987812,3.3530900000000017,3.140829520394328,340.47200000000004,,,,,,,,True,True,-8.484,-9.43635554125188,1.0,4.0,5.0,49.57,3.0,24.0,0.10213647,0.04217055,True,,,0.514632844650772,1.0,CAN_663100b1ea56cb9e,MOL_a6854426a2f9173f,CAN_c3f120145496cba3,MOL_a6854426a2f9173f,dyrk1a_pool_final_nontoxic-2.csv,/content/dyrk1a_pool_final_nontoxic-2.csv,reward_results_12.csv,1.0,final_results.csv,dyrk1a_2,dyrk1a_2/final_results.csv,dyrk1a_2,passed_boltz_protocol,C[CH]SC1CN(c2ccccc2)CCN1c1cccc(C(N)=O)c1,,,,,;;;;;;;;;;
RLHF_0062,Pasan Boltz,CAN_e6dac00f13ad4e23,MOL_5a7d207d34eaf3c7,Cc1nc(N2CCCCC2)[nH]c1C(=O)Nc1cccc(C2CCO2)c1,CC=1N=C(N2CCCCC2)[NH1]C=1C(=O)NC3=CC=CC(=C3)C4CCO4,DYRK1A,-8.462,True,True,True,0.8945614885899729,3.4221200000000014,3.0398889224806176,340.42700000000013,,,,,,,,True,True,-8.462,-8.425,2.0,4.0,4.0,70.25,4.0,25.0,0.2646166,0.09623774,True,,,0.4873604567284071,1.0,CAN_768874fe7b67450d,MOL_5a7d207d34eaf3c7,CAN_e6dac00f13ad4e23,MOL_5a7d207d34eaf3c7,dyrk1a_pool_final_nontoxic-2.csv,/content/dyrk1a_pool_final_nontoxic-2.csv,reward_results_26.csv,1.0,final_results.csv,dyrk1a_2,dyrk1a_2/final_results.csv,dyrk1a_2,passed_boltz_protocol,Cc1nc(N2CCCCC2)[nH]c1C(=O)Nc1cccc(C2CCO2)c1,,,,,;;;;;;;;;;
RLHF_0063,Pasan Boltz,CAN_7443383f3093999b,MOL_433886d84be06b48,CCC(=O)Nc1nc(Nc2cccc(C(N)=O)c2)ccc1C,CC1=CC=C(N=C1NC(=O)CC)NC2=CC=CC(=C2)C(N)=O,DYRK1A,-8.44,True,True,True,0.7899388887915584,2.58102,2.114537228561284,298.34600000000006,,,,,,,,True,True,-8.44,-10.353175244283271,3.0,4.0,5.0,97.11,2.0,22.0,0.44288507,0.09663403,True,,,0.6354561434260741,1.0,CAN_99439d3ff366b018,MOL_433886d84be06b48,CAN_7443383f3093999b,MOL_433886d84be06b48,dyrk1a_pool_final_nontoxic-2.csv,/content/dyrk1a_pool_final_nontoxic-2.csv,reward_results_21.csv,1.0,final_results.csv,dyrk1a_2,dyrk1a_2/final_results.csv,dyrk1a_2,passed_boltz_protocol,CCC(=O)Nc1nc(Nc2cccc(C(N)=O)c2)ccc1C,,,,,;;;;;;;;;;
RLHF_0064,Pasan Boltz,CAN_5aa71c904aa58afd,MOL_73a5324e4a011727,C#CCn1c(=O)[nH]c2nc(-c3ccccc3)ccc21,C#CCN1C(=O)[NH1]C2=NC(C3=CC=CC=C3)=CC=C21,DYRK1A,-8.414,True,True,True,0.7063507089817194,2.0248,2.505004468000042,249.273,,,,,,,,True,True,-8.414,-9.922240181145291,1.0,2.0,2.0,50.68,3.0,19.0,0.4806086,0.18176216,True,,,0.5766145236494661,1.0,CAN_b344bad6e8810225,MOL_73a5324e4a011727,CAN_5aa71c904aa58afd,MOL_73a5324e4a011727,dyrk1a_pool_final_nontoxic-2.csv,/content/dyrk1a_pool_final_nontoxic-2.csv,reward_results_1.csv,1.0,final_results.csv,dyrk1a_2,dyrk1a_2/final_results.csv,dyrk1a_2,passed_boltz_protocol,C#CCn1c(=O)[nH]c2nc(-c3ccccc3)ccc21,,,,,;;;;;;;;;;
RLHF_0065,Pasan Boltz,CAN_6b819006d124acab,MOL_4afaf36a2bf61580,C[C@H](O)[C@H](Nc1cccc(Cl)c1)c1nc(C#N)c2ccccc2n1,C[C@H1](O)[C@H1](NC1=CC=CC(Cl)=C1)C2=NC3=CC=CC=C3C(=N2)C#N,DYRK1A,-8.411,True,True,True,0.7577927483912187,3.688880000000002,3.3162500164072872,338.79800000000006,,,,,,,,True,True,-8.411,-10.35235356405332,2.0,5.0,4.0,81.83,3.0,24.0,0.30703542,0.092530705,True,,,0.397333024749502,1.0,CAN_0a1d24ab9de58af2,MOL_4afaf36a2bf61580,CAN_6b819006d124acab,MOL_4afaf36a2bf61580,dyrk1a_pool_final_nontoxic-2.csv,/content/dyrk1a_pool_final_nontoxic-2.csv,reward_results_10.csv,1.0,final_results.csv,dyrk1a_2,dyrk1a_2/final_results.csv,dyrk1a_2,passed_boltz_protocol,C[C@H](O)[C@H](Nc1cccc(Cl)c1)c1nc(C#N)c2ccccc2n1,,,,,;;;;;;;;;;
RLHF_0066,Pasan Boltz,CAN_c566614a4719ad91,MOL_ebaf7998d5b331ca,CC[C@H](NS(=O)(=O)c1ccc(C2CC2)cc1)C(=O)Nc1cc[nH]c(=O)c1C(C)=O,CC[C@H1](NS(=O)(=O)C1=CC=C(C=C1)C2CC2)C(=O)NC=3C=C[NH1]C(=O)C=3C(C)=O,DYRK1A,-8.222,True,True,True,0.5676683693632125,2.1505,2.9720926272993964,417.48700000000014,,,,,,,,True,True,-8.222,-10.429522552844269,3.0,5.0,8.0,125.2,3.0,29.0,0.10690556,0.043642864,True,,,0.502827869174945,1.0,CAN_7fc9eab64fe3265a,MOL_ebaf7998d5b331ca,CAN_c566614a4719ad91,MOL_ebaf7998d5b331ca,dyrk1a_pool_final_nontoxic-2.csv,/content/dyrk1a_pool_final_nontoxic-2.csv,reward_results_3.csv,1.0,final_results.csv,dyrk1a_2,dyrk1a_2/final_results.csv,dyrk1a_2,passed_boltz_protocol,CC[C@H](NS(=O)(=O)c1ccc(C2CC2)cc1)C(=O)Nc1cc[nH]c(=O)c1C(C)=O,,,,,;;;;;;;;;;
RLHF_0067,Pasan Boltz,CAN_432d416c5bf0c987,MOL_f2e4deca0e0bbeb1,C[C@@H](C(=O)Nc1ccccc1)n1ccc(-c2cccc(C(N)O)n2)n1,C[C@@H1](C(=O)NC1=CC=CC=C1)N2C=CC(=N2)C3=CC=CC(=N3)C(N)O,DYRK1A,-8.164,True,True,True,0.6182292090958764,2.0944,3.179005042819901,337.38300000000004,,,,,,,,True,True,-8.164,-10.481181013755824,3.0,5.0,5.0,106.06,3.0,25.0,0.2467464,0.0630621,True,,,0.4661016422147439,1.0,CAN_938b77171af74dc1,MOL_f2e4deca0e0bbeb1,CAN_432d416c5bf0c987,MOL_f2e4deca0e0bbeb1,dyrk1a_pool_final_nontoxic-2.csv,/content/dyrk1a_pool_final_nontoxic-2.csv,reward_results_24.csv,1.0,final_results.csv,dyrk1a_2,dyrk1a_2/final_results.csv,dyrk1a_2,passed_boltz_protocol,C[C@@H](C(=O)Nc1ccccc1)n1ccc(-c2cccc(C(N)O)n2)n1,,,,,;;;;;;;;;;
RLHF_0068,Pasan Boltz,CAN_c26fad7fcfd4ac13,MOL_62ef19e13d77dc9a,CCCS(=O)(=O)Nc1ccc2cc(-c3ncccc3C(N)=O)[nH]c2c1,CCCS(=O)(=O)NC1=CC=C2C=C([NH1]C2=C1)C3=NC=CC=C3C(N)=O,DYRK1A,-8.03,True,True,True,0.6270669456912666,2.4805,2.5155127746381805,358.4230000000001,,,,,,,,True,True,-8.03,-10.30215437463562,3.0,4.0,6.0,117.94,3.0,25.0,0.469014,0.17123516,True,,,0.4219738022363616,1.0,CAN_b7020f53d8f56415,MOL_62ef19e13d77dc9a,CAN_c26fad7fcfd4ac13,MOL_62ef19e13d77dc9a,dyrk1a_pool_final_nontoxic-2.csv,/content/dyrk1a_pool_final_nontoxic-2.csv,reward_results_7.csv,1.0,final_results.csv,dyrk1a_2,dyrk1a_2/final_results.csv,dyrk1a_2,passed_boltz_protocol,CCCS(=O)(=O)Nc1ccc2cc(-c3ncccc3C(N)=O)[nH]c2c1,,,,,;;;;;;;;;;
RLHF_0069,Pasan Boltz,CAN_0c40a9f9de4f7a39,MOL_d20e080273cf09da,CC(C)C1NC(Nc2ncc(C3CCC3)cn2)=NC(C2CC2)=C1C(N)=O,CC(C)C1NC(NC2=NC=C(C=N2)C3CCC3)=NC(C4CC4)=C1C(N)=O,DYRK1A,-7.967,True,True,True,0.7522284378229859,2.2892,3.6924902526907113,354.4580000000002,,,,,,,,True,True,-7.967,-10.095088713570217,3.0,6.0,5.0,105.29,4.0,26.0,0.32100782,0.11773318,True,,,0.3826943107989579,1.0,CAN_1c883dc5aca9b3ed,MOL_d20e080273cf09da,CAN_0c40a9f9de4f7a39,MOL_d20e080273cf09da,dyrk1a_pool_final_nontoxic-2.csv,/content/dyrk1a_pool_final_nontoxic-2.csv,reward_results_3.csv,1.0,final_results.csv,dyrk1a_2,dyrk1a_2/final_results.csv,dyrk1a_2,passed_boltz_protocol,CC(C)C1NC(Nc2ncc(C3CCC3)cn2)=NC(C2CC2)=C1C(N)=O,,,,,;;;;;;;;;;
RLHF_0070,Pasan Boltz,CAN_e8d9b5c7eced6dbc,MOL_a3b5c9790b6130f3,CC[C@@H](NC(c1ccccc1)c1cc2ccccc2o1)C(=O)O,CC[C@@H1](NC(C1=CC=CC=C1)C2=CC3=CC=CC=C3O2)C(=O)O,DYRK1A,-7.966,True,True,True,0.7228591379745439,3.9750000000000014,2.84940346831994,309.36500000000007,,,,,,,,True,True,-7.966,-8.864248381578816,2.0,3.0,6.0,62.47,3.0,23.0,0.14853875,0.04917689,True,,,0.2043857178804591,1.0,CAN_cebe908846a489f6,MOL_a3b5c9790b6130f3,CAN_e8d9b5c7eced6dbc,MOL_a3b5c9790b6130f3,dyrk1a_pool_final_nontoxic-2.csv,/content/dyrk1a_pool_final_nontoxic-2.csv,reward_results_6.csv,1.0,final_results.csv,dyrk1a_2,dyrk1a_2/final_results.csv,dyrk1a_2,passed_boltz_protocol,CC[C@@H](NC(c1ccccc1)c1cc2ccccc2o1)C(=O)O,,,,,;;;;;;;;;;
RLHF_0071,Pasan Boltz,CAN_70a1d3e76ab32f83,MOL_269e3e305eb4e0cc,COC(=O)[C@]12CCC(=O)N1C=Nc1cccc(-c3ccccc3C(N)=O)c12,COC(=O)[C@]12CCC(=O)N1C=NC3=CC=CC(=C23)C4=CC=CC=C4C(N)=O,DYRK1A,-7.901,True,True,True,0.8438696539142565,2.1166,3.455683081340376,363.3730000000001,,,,,,,,True,True,-7.901,-10.272684425087531,1.0,5.0,3.0,102.06,4.0,27.0,0.123169966,0.048945487,True,,,0.3368582455920756,1.0,CAN_7debaecba87c8041,MOL_269e3e305eb4e0cc,CAN_70a1d3e76ab32f83,MOL_269e3e305eb4e0cc,dyrk1a_pool_final_nontoxic-2.csv,/content/dyrk1a_pool_final_nontoxic-2.csv,reward_results_27.csv,1.0,final_results.csv,dyrk1a_2,dyrk1a_2/final_results.csv,dyrk1a_2,passed_boltz_protocol,COC(=O)[C@]12CCC(=O)N1C=Nc1cccc(-c3ccccc3C(N)=O)c12,,,,,;;;;;;;;;;
RLHF_0072,Pasan Boltz,CAN_42ee091fc4727fb1,MOL_54089ac8c74d9e59,O=C(NC[C@@H]1CCCN1CCCO)c1cccc2cccnc12,O=C(NC[C@@H1]1CCCN1CCCO)C2=CC=CC3=CC=CN=C23,DYRK1A,-7.802,True,True,True,0.8535101322883258,1.8114,2.623842843893192,313.401,,,,,,,,True,True,-7.802,-10.221843572588607,2.0,4.0,6.0,65.46000000000001,3.0,23.0,0.0944404,0.03281532,True,,,0.2599587048710871,1.0,CAN_7c57d1a68a3649a1,MOL_54089ac8c74d9e59,CAN_42ee091fc4727fb1,MOL_54089ac8c74d9e59,dyrk1a_pool_final_nontoxic-2.csv,/content/dyrk1a_pool_final_nontoxic-2.csv,reward_results_11.csv,1.0,final_results.csv,dyrk1a_2,dyrk1a_2/final_results.csv,dyrk1a_2,passed_boltz_protocol,O=C(NC[C@@H]1CCCN1CCCO)c1cccc2cccnc12,,,,,;;;;;;;;;;
RLHF_0073,Pasan Boltz,CAN_606e696ad0cc3017,MOL_95abe88029e6107f,CSCC[C@@H](N)CNC(=O)c1ccc2ccccc2c1,CSCC[C@@H1](N)CNC(=O)C1=CC=C2C=CC=CC2=C1,DYRK1A,-7.796,True,True,True,0.8589435144358636,2.650000000000001,2.4750277731933874,288.41600000000005,,,,,,,,True,True,-7.796,-9.519120038984015,2.0,3.0,6.0,55.12,2.0,20.0,0.17475045,0.06422321,True,,,0.3008393287231556,1.0,CAN_4cb78696000511cc,MOL_95abe88029e6107f,CAN_606e696ad0cc3017,MOL_95abe88029e6107f,dyrk1a_pool_final_nontoxic-2.csv,/content/dyrk1a_pool_final_nontoxic-2.csv,reward_results_12.csv,1.0,final_results.csv,dyrk1a_2,dyrk1a_2/final_results.csv,dyrk1a_2,passed_boltz_protocol,CSCC[C@@H](N)CNC(=O)c1ccc2ccccc2c1,,,,,;;;;;;;;;;
RLHF_0074,Pasan Boltz,CAN_2fb227996bd2e27b,MOL_21a04a29a2150b59,CC(C)C(=O)Nc1cccnc1NC(=O)c1ccn(C)n1,CC(C)C(=O)NC1=CC=CN=C1NC(=O)C=2C=CN(C)N=2,DYRK1A,-7.736,True,True,True,0.8946920690766292,1.6618999999999997,2.2920889785223544,287.32300000000004,,,,,,,,True,True,-7.736,-9.53083279085134,2.0,4.0,4.0,88.91000000000001,2.0,21.0,0.49539664,0.108292334,True,,,0.21723939807488,1.0,CAN_08f694725f4f9c4a,MOL_21a04a29a2150b59,CAN_2fb227996bd2e27b,MOL_21a04a29a2150b59,dyrk1a_pool_final_nontoxic-2.csv,/content/dyrk1a_pool_final_nontoxic-2.csv,reward_results_1.csv,1.0,final_results.csv,dyrk1a_2,dyrk1a_2/final_results.csv,dyrk1a_2,passed_boltz_protocol,CC(C)C(=O)Nc1cccnc1NC(=O)c1ccn(C)n1,,,,,;;;;;;;;;;
RLHF_0075,Pasan Boltz,CAN_8724af0c00de666a,MOL_140e3a442e617285,C[C@H](C(=O)NCCc1cccs1)n1cnc2ccccc2c1=O,C[C@H1](C(=O)NCCC=1SC=CC=1)N2C=NC3=CC=CC=C3C2=O,DYRK1A,-7.654,True,True,True,0.7823721367205899,2.3779000000000003,2.594302284452633,327.4090000000001,,,,,,,,True,True,-7.654,-9.52920835508839,1.0,4.0,5.0,63.99,3.0,23.0,0.13063036,0.056156665,True,,,0.2387064562560673,1.0,CAN_16756695c4ab6dcc,MOL_140e3a442e617285,CAN_8724af0c00de666a,MOL_140e3a442e617285,dyrk1a_pool_final_nontoxic-2.csv,/content/dyrk1a_pool_final_nontoxic-2.csv,reward_results_5.csv,1.0,final_results.csv,dyrk1a_2,dyrk1a_2/final_results.csv,dyrk1a_2,passed_boltz_protocol,C[C@H](C(=O)NCCc1cccs1)n1cnc2ccccc2c1=O,,,,,;;;;;;;;;;
RLHF_0076,Pasan Boltz,CAN_8221029b438f22fb,MOL_fbcfcfb2b200758d,Cc1csc(NC(=O)c2cc(Cl)ccc2N2CCOCC2)n1,CC1=CSC(NC(=O)C2=CC(Cl)=CC=C2N3CCOCC3)=N1,DYRK1A,-7.598,True,True,True,0.9341414055083876,3.193820000000001,2.0844046758680754,337.8320000000002,,,,,,,,True,True,-7.598,-9.787912159274724,1.0,5.0,3.0,54.46000000000001,3.0,22.0,0.41785735,0.1301696,True,,,0.1841808643336178,1.0,CAN_9a1c0f24307e5155,MOL_fbcfcfb2b200758d,CAN_8221029b438f22fb,MOL_fbcfcfb2b200758d,dyrk1a_pool_final_nontoxic-2.csv,/content/dyrk1a_pool_final_nontoxic-2.csv,reward_results_6.csv,1.0,final_results.csv,dyrk1a_2,dyrk1a_2/final_results.csv,dyrk1a_2,passed_boltz_protocol,Cc1csc(NC(=O)c2cc(Cl)ccc2N2CCOCC2)n1,,,,,;;;;;;;;;;
RLHF_0077,Pasan Boltz,CAN_7108acb01f9a8e04,MOL_eb6c4276720616ae,CC(C)(O)CNc1ncc(Br)c(Nc2ccccc2)n1,CC(C)(O)CNC1=NC=C(Br)C(=N1)[NH1]C2=CC=CC=C2,DYRK1A,-7.554,True,True,True,0.7818332983215829,3.1655000000000006,2.3137457404463824,337.221,,,,,,,,True,True,-7.554,-9.969356920771384,3.0,5.0,5.0,70.07,2.0,20.0,0.39609545,0.12132156,True,,,0.1721941265445928,1.0,CAN_aa85fb1a868606e3,MOL_eb6c4276720616ae,CAN_7108acb01f9a8e04,MOL_eb6c4276720616ae,dyrk1a_pool_final_nontoxic-2.csv,/content/dyrk1a_pool_final_nontoxic-2.csv,reward_results_2.csv,1.0,final_results.csv,dyrk1a_2,dyrk1a_2/final_results.csv,dyrk1a_2,passed_boltz_protocol,CC(C)(O)CNc1ncc(Br)c(Nc2ccccc2)n1,,,,,;;;;;;;;;;
RLHF_0078,Pasan Boltz,CAN_70dcf4ec94d81509,MOL_d5149a1552fb4d89,C[C@H](CC(N)=O)NC(=O)c1ccccc(=O)n(-c2ccccc2C#N)ccc1,C[C@@H1](NC(=O)C1=CC=CN(C2=CC=CC=C2C#N)C(=O)C=CC=C1)CC(N)=O,DYRK1A,-7.348,True,True,True,0.8273329784254247,1.82728,3.143145047448124,376.4160000000001,,,,,,,,True,True,-7.348,-9.407270757150766,2.0,4.0,5.0,117.98,2.0,28.0,0.10780272,0.037281856,True,,,0.1149064413453985,1.0,CAN_f5c4c0e499e5bc8a,MOL_d5149a1552fb4d89,CAN_70dcf4ec94d81509,MOL_d5149a1552fb4d89,dyrk1a_pool_final_nontoxic-2.csv,/content/dyrk1a_pool_final_nontoxic-2.csv,reward_results_14.csv,1.0,final_results.csv,dyrk1a_2,dyrk1a_2/final_results.csv,dyrk1a_2,passed_boltz_protocol,C[C@H](CC(N)=O)NC(=O)c1ccccc(=O)n(-c2ccccc2C#N)ccc1,,,,,;;;;;;;;;;
RLHF_0079,Pasan Boltz,CAN_adcdbd7889984bd2,MOL_ed6f3cda4a77ee8e,CC[C@H](CCN)NS(=O)(=O)c1ccc2ccccc2c1,CC[C@H1](CCN)NS(=O)(=O)C1=CC=C2C=CC=CC2=C1,DYRK1A,-7.292,True,True,True,0.8574045565235396,2.2455,2.491339470706402,292.40400000000005,,,,,,,,True,True,-7.292,-9.681983297116757,2.0,3.0,6.0,72.19,2.0,20.0,0.08379466,0.020033842,True,,,0.1169183913970332,1.0,CAN_18462eb942f273f8,MOL_ed6f3cda4a77ee8e,CAN_adcdbd7889984bd2,MOL_ed6f3cda4a77ee8e,dyrk1a_pool_final_nontoxic-2.csv,/content/dyrk1a_pool_final_nontoxic-2.csv,reward_results_10.csv,1.0,final_results.csv,dyrk1a_2,dyrk1a_2/final_results.csv,dyrk1a_2,passed_boltz_protocol,CC[C@H](CCN)NS(=O)(=O)c1ccc2ccccc2c1,,,,,;;;;;;;;;;
RLHF_0080,Pasan Boltz,CAN_6df20cc24f71689a,MOL_0df9277d6876baf6,CCC[NH2+][C@H]1CCCc2cc(OC)c(OC)cc21,CCC[NH2+1][C@H1]1CCCC2=CC(OC)=C(OC)C=C12,DYRK1A,-7.127,True,True,True,0.8678161726348076,2.0546,3.6614071846940783,250.362,,,,,,,,True,True,-7.127,-8.59211554749866,1.0,2.0,5.0,35.07,2.0,18.0,0.05848075,0.0230154,True,,,0.0781836305904185,1.0,CAN_864c8fe08af7f795,MOL_0df9277d6876baf6,CAN_6df20cc24f71689a,MOL_0df9277d6876baf6,dyrk1a_pool_final_nontoxic-2.csv,/content/dyrk1a_pool_final_nontoxic-2.csv,reward_results_9.csv,1.0,final_results.csv,dyrk1a_2,dyrk1a_2/final_results.csv,dyrk1a_2,passed_boltz_protocol,CCC[NH2+][C@H]1CCCc2cc(OC)c(OC)cc21,,,,,;;;;;;;;;;
RLHF_0081,Pasan Boltz,CAN_5734d7028f5fc71b,MOL_91ebe3f4d605d923,CC(NC(=O)c1ccccn1)C1CCCN1S(=O)(=O)C1=CCC=CC(Cl)=C1,C1C=CC(Cl)=CC(S(=O)(=O)N2CCCC2C(C)NC(=O)C3=CC=CC=N3)=C1,DYRK1A,-7.113,True,True,True,0.8132874696889911,2.960600000000001,3.826638589830428,407.92300000000006,0.0641292333602905,,,,,6.195898741483688,,True,True,-7.113,-10.916739771061485,1.0,4.0,5.0,79.37,3.0,27.0,0.12646547,0.031686466,True,,-0.1958987414836883,0.0754320779127784,1.0,CAN_647f1e973e58a77b,MOL_91ebe3f4d605d923,CAN_5734d7028f5fc71b,MOL_91ebe3f4d605d923,dyrk1a_pool_final_nontoxic-2.csv,/content/dyrk1a_pool_final_nontoxic-2.csv,reward_results_8.csv,1.0,final_results.csv,dyrk1a_2,dyrk1a_2/final_results.csv,dyrk1a_2,passed_boltz_protocol,CC(NC(=O)c1ccccn1)C1CCCN1S(=O)(=O)C1=CCC=CC(Cl)=C1,,,,,;;;;;;;;;;
RLHF_0082,Pasan Boltz,CAN_c7c0133b4739404a,MOL_48f63e10138ec963,CC(C)C[C@H](N)C(=O)Nc1ccc(-c2cn[nH]c2)cc1,CC(C)C[C@H1](N)C(=O)NC1=CC=C(C=2C=N[NH1]C=2)C=C1,DYRK1A,-7.08,True,True,True,0.7810424753109896,2.3886000000000003,2.5875405696075,272.35200000000003,,,,,,,,True,True,-7.08,-8.994807148763512,3.0,3.0,5.0,83.80000000000001,2.0,20.0,0.3451215,0.11948831,True,,,0.075166605033572,1.0,CAN_55684d31cdc79ec3,MOL_48f63e10138ec963,CAN_c7c0133b4739404a,MOL_48f63e10138ec963,dyrk1a_pool_final_nontoxic-2.csv,/content/dyrk1a_pool_final_nontoxic-2.csv,reward_results_1.csv,1.0,final_results.csv,dyrk1a_2,dyrk1a_2/final_results.csv,dyrk1a_2,passed_boltz_protocol,CC(C)C[C@H](N)C(=O)Nc1ccc(-c2cn[nH]c2)cc1,,,,,;;;;;;;;;;
RLHF_0083,Pasan Boltz,CAN_e1d97083f8098a4f,MOL_6b80ed5aa6c3eeb8,CCC(=O)Nc1nccc2c1C=CCCC=C(C(=O)N1CCCCN1C)C=CC2,CCC(=O)NC1=NC=CC(=C1C=CCC2)CC=CC(=C2)C(=O)N3CCCCN3C,DYRK1A,-6.864,True,True,True,0.8483358626762486,3.7314000000000025,3.858910717185719,394.5190000000002,,,,,,,,True,True,-6.864,-10.379252859308464,1.0,4.0,3.0,65.54,3.0,29.0,0.1341577,0.0355569,True,,,0.0284785667840848,1.0,CAN_6d0c38b57da06c59,MOL_6b80ed5aa6c3eeb8,CAN_e1d97083f8098a4f,MOL_6b80ed5aa6c3eeb8,dyrk1a_pool_final_nontoxic-2.csv,/content/dyrk1a_pool_final_nontoxic-2.csv,reward_results_0.csv,1.0,final_results.csv,dyrk1a_2,dyrk1a_2/final_results.csv,dyrk1a_2,passed_boltz_protocol,CCC(=O)Nc1nccc2c1C=CCCC=C(C(=O)N1CCCCN1C)C=CC2,,,,,;;;;;;;;;;
RLHF_0084,Pasan Boltz,CAN_8e54dd0ec3663819,MOL_105027e4c5ae6a9d,CO[C@H](C)CNc1nccn2c(CC3CC3)nnc12,CO[C@H1](C)CNC1=NC=CN2C(CC3CC3)=NN=C12,DYRK1A,-6.835,True,True,True,0.8538530916518219,1.5235999999999996,3.221480219572081,261.329,,,,,,,,True,True,-6.835,-6.761,1.0,5.0,6.0,64.34,3.0,19.0,0.20381716,0.07549751,True,,,0.0312558814182407,1.0,CAN_1354936d3e7a0fb4,MOL_105027e4c5ae6a9d,CAN_8e54dd0ec3663819,MOL_105027e4c5ae6a9d,dyrk1a_pool_final_nontoxic-2.csv,/content/dyrk1a_pool_final_nontoxic-2.csv,reward_results_10.csv,1.0,final_results.csv,dyrk1a_2,dyrk1a_2/final_results.csv,dyrk1a_2,passed_boltz_protocol,CO[C@H](C)CNc1nccn2c(CC3CC3)nnc12,,,,,;;;;;;;;;;
RLHF_0085,Pasan Boltz,CAN_f6a43eb14b86ffe3,MOL_827fb63110f99729,C[C@H]1CCN(C)CCN1C(=O)c1ccccc1-c1ccccc1,C[C@H1]1CCN(CCN1C(=O)C2=CC=CC=C2C3=CC=CC=C3)C,DYRK1A,-6.802,True,True,True,0.8472743220206805,3.5198000000000027,2.326179906830257,308.42500000000007,,,,,,,,True,True,-6.802,-9.523499137752548,0.0,2.0,2.0,23.55,3.0,23.0,0.06888149,0.02194354,True,,,0.0281534699253411,1.0,CAN_15bf30b532dddc92,MOL_827fb63110f99729,CAN_f6a43eb14b86ffe3,MOL_827fb63110f99729,dyrk1a_pool_final_nontoxic-2.csv,/content/dyrk1a_pool_final_nontoxic-2.csv,reward_results_16.csv,1.0,final_results.csv,dyrk1a_2,dyrk1a_2/final_results.csv,dyrk1a_2,passed_boltz_protocol,C[C@H]1CCN(C)CCN1C(=O)c1ccccc1-c1ccccc1,,,,,;;;;;;;;;;
RLHF_0086,Pasan Boltz,CAN_2fc7f11284f884e1,MOL_48f5de350d0fef42,CC[C@@H1](CCC)NC(=O)C=1C=NN2C=CC(=NC=12)C3=CC=CC(=N3)C(N)=O,CC[C@@H1](CCC)NC(=O)C=1C=NN2C=CC(=NC=12)C3=CC=CC(=N3)C(N)=O,DYRK1A,,True,True,True,,,,,,,,,,,,False,True,,,,,,,,,,,,,,,,,,CAN_2fc7f11284f884e1,MOL_48f5de350d0fef42,,,,1.0,dyrk1a_final_ranked_protocol.csv,dyrk1a_2,dyrk1a_2/dyrk1a_final_ranked_protocol.csv,dyrk1a_2,passed_boltz_protocol,CC[C@@H1](CCC)NC(=O)C=1C=NN2C=CC(=NC=12)C3=CC=CC(=N3)C(N)=O,,,,,;;;;;;;;;;
RLHF_0087,Pasan Boltz,CAN_cf9ab9b05b731859,MOL_da16bd460fa416f7,CNC=C1CC=NN1C(=O)c1ccc(Cn2ccccccc3ccccc3c2=O)nc1C,CNC=C1CC=NN1C(=O)c1ccc(Cn2ccccccc3ccccc3c2=O)nc1C,NCS1,-10.720194987253096,True,True,True,,,,,0.4870320558547973,,,,3.109385806410728,6.384355545043945,,False,True,,-10.720194987253096,,,,,,,,,,,-0.3843555450439453,,,,,CAN_cf9ab9b05b731859,MOL_da16bd460fa416f7,,,,1.0,final_results.csv,ncs1_leu89,ncs1_leu89/final_results.csv,ncs1_leu89,passed_boltz_protocol,CNC=C1CC=NN1C(=O)c1ccc(Cn2ccccccc3ccccc3c2=O)nc1C,,,,,;;;;;;;;;;
RLHF_0088,Pasan Boltz,CAN_d8b71e36b1a506ea,MOL_8c9f8d84a8ae7c18,Cc1cn(-c2ccc(CNC(=O)c3cc4ccccc4oc3=O)cc2C)cn1,Cc1cn(-c2ccc(CNC(=O)c3cc4ccccc4oc3=O)cc2C)cn1,NCS1,-10.651570909222771,True,True,True,,,,,0.29202800989151,,,,,6.04418982565403,,False,True,,-10.651570909222771,,,,,,,,,,,-0.0441898256540298,,,,,CAN_d8b71e36b1a506ea,MOL_8c9f8d84a8ae7c18,,,,1.0,final_results.csv,ncs1_leu89,ncs1_leu89/final_results.csv,ncs1_leu89,passed_boltz_protocol,Cc1cn(-c2ccc(CNC(=O)c3cc4ccccc4oc3=O)cc2C)cn1,,,,,;;;;;;;;;;
RLHF_0089,Pasan Boltz,CAN_819b15d70467e892,MOL_decc557c8a02da6f,CCC1[NH2+][C@@H](CCNCC2CC2)C(=O)N1CC(=O)Nc1cccc(-c2ccccc2)c1,CCC1[NH2+][C@@H](CCNCC2CC2)C(=O)N1CC(=O)Nc1cccc(-c2ccccc2)c1,NCS1,-10.642147306300911,True,True,True,,,,,0.2120554745197296,,,,,5.287973403930664,,False,True,,-10.642147306300911,,,,,,,,,,,0.7120265960693359,,,,,CAN_819b15d70467e892,MOL_decc557c8a02da6f,,,,1.0,final_results.csv,ncs1_leu89,ncs1_leu89/final_results.csv,ncs1_leu89,passed_boltz_protocol,CCC1[NH2+][C@@H](CCNCC2CC2)C(=O)N1CC(=O)Nc1cccc(-c2ccccc2)c1,,,,,;;;;;;;;;;
RLHF_0090,Pasan Boltz,CAN_353f65dd3f802ea9,MOL_d4facaa397dadd14,CC(C)[C@@H](CNC(=O)c1ccc(O)c(F)c1)OCC1CCCNC1,CC(C)[C@@H](CNC(=O)c1ccc(O)c(F)c1)OCC1CCCNC1,NCS1,-10.56861700499929,True,True,True,,,,,0.0916119664907455,,,,,4.968592643737793,,False,True,,-10.56861700499929,,,,,,,,,,,1.031407356262207,,,,,CAN_353f65dd3f802ea9,MOL_d4facaa397dadd14,,,,1.0,final_results.csv,ncs1_leu89,ncs1_leu89/final_results.csv,ncs1_leu89,passed_boltz_protocol,CC(C)[C@@H](CNC(=O)c1ccc(O)c(F)c1)OCC1CCCNC1,,,,,;;;;;;;;;;
RLHF_0091,Pasan Boltz,CAN_7a0e0cc954104a70,MOL_0253e9b769797ec5,CCOc1ccccc1C(=O)Nc1ccccc1C(=O)NCc1cccnc1,CCOc1ccccc1C(=O)Nc1ccccc1C(=O)NCc1cccnc1,NCS1,-10.538053538817977,True,True,True,,,,,0.1840305477380752,,,,,5.161936819553375,,False,True,,-10.538053538817977,,,,,,,,,,,0.8380631804466248,,,,,CAN_7a0e0cc954104a70,MOL_0253e9b769797ec5,,,,1.0,final_results.csv,ncs1_leu89,ncs1_leu89/final_results.csv,ncs1_leu89,passed_boltz_protocol,CCOc1ccccc1C(=O)Nc1ccccc1C(=O)NCc1cccnc1,,,,,;;;;;;;;;;
RLHF_0092,Pasan Boltz,CAN_2cfcc4c68b6bcff9,MOL_f2caa37bf14ef8a9,C[C@@H](CC#N)NC(=O)c1ccccc1N1C(=O)c2ccccc2C1=O,C[C@@H](CC#N)NC(=O)c1ccccc1N1C(=O)c2ccccc2C1=O,NCS1,-10.53038287642081,True,True,True,,,,,0.18283012509346,,,,,4.279043197631836,,False,True,,-10.53038287642081,,,,,,,,,,,1.720956802368164,,,,,CAN_2cfcc4c68b6bcff9,MOL_f2caa37bf14ef8a9,,,,1.0,final_results.csv,ncs1_leu89,ncs1_leu89/final_results.csv,ncs1_leu89,passed_boltz_protocol,C[C@@H](CC#N)NC(=O)c1ccccc1N1C(=O)c2ccccc2C1=O,,,,,;;;;;;;;;;
RLHF_0093,Pasan Boltz,CAN_710bbf370721f68d,MOL_66956320e64982e7,CN1CCN(CCNC(=O)c2ccccc2N2C(=O)c3ccccc3C2=O)C1=O,CN1CCN(CCNC(=O)c2ccccc2N2C(=O)c3ccccc3C2=O)C1=O,NCS1,-10.529273286829376,True,True,True,,,,,0.1450998783111572,,,,,4.158709287643433,,False,True,,-10.529273286829376,,,,,,,,,,,1.8412907123565672,,,,,CAN_710bbf370721f68d,MOL_66956320e64982e7,,,,1.0,final_results.csv,ncs1_leu89,ncs1_leu89/final_results.csv,ncs1_leu89,passed_boltz_protocol,CN1CCN(CCNC(=O)c2ccccc2N2C(=O)c3ccccc3C2=O)C1=O,,,,,;;;;;;;;;;
RLHF_0094,Pasan Boltz,CAN_921d84d4db6a62c0,MOL_2d6eceb2ddae61d9,Cc1ccccc1NC(=O)C(=O)Nc1ccccc1C(=O)NCc1ccccc1,Cc1ccccc1NC(=O)C(=O)Nc1ccccc1C(=O)NCc1ccccc1,NCS1,-10.475157786678183,True,True,True,,,,,0.4163244068622589,,,,,6.122691825032234,,False,True,,-10.475157786678183,,,,,,,,,,,-0.1226918250322341,,,,,CAN_921d84d4db6a62c0,MOL_2d6eceb2ddae61d9,,,,1.0,final_results.csv,ncs1_leu89,ncs1_leu89/final_results.csv,ncs1_leu89,passed_boltz_protocol,Cc1ccccc1NC(=O)C(=O)Nc1ccccc1C(=O)NCc1ccccc1,,,,,;;;;;;;;;;
RLHF_0095,Pasan Boltz,CAN_d9dd0ada98072e07,MOL_cf1da39c24860501,CC[C@@H](CCN)NC(=O)c1ccccc1N1C(=O)c2ccccc2C1=O,CC[C@@H](CCN)NC(=O)c1ccccc1N1C(=O)c2ccccc2C1=O,NCS1,-10.469035804105086,True,True,True,,,,,0.12092225253582,,,,,4.433940172195435,,False,True,,-10.469035804105086,,,,,,,,,,,1.5660598278045654,,,,,CAN_d9dd0ada98072e07,MOL_cf1da39c24860501,,,,1.0,final_results.csv,ncs1_leu89,ncs1_leu89/final_results.csv,ncs1_leu89,passed_boltz_protocol,CC[C@@H](CCN)NC(=O)c1ccccc1N1C(=O)c2ccccc2C1=O,,,,,;;;;;;;;;;
RLHF_0096,Pasan Boltz,CAN_bb2248cba65e0632,MOL_22ffff8835b2f14f,CCN1C=CC(c2ccco2)=CN=C1CCN1C(=O)c2ccccc2S1(=O)=O,CCN1C=CC(c2ccco2)=CN=C1CCN1C(=O)c2ccccc2S1(=O)=O,NCS1,-10.437543139132616,True,True,True,,,,,0.2724027633666992,,,,,5.158983469009399,,False,True,,-10.437543139132616,,,,,,,,,,,0.8410165309906006,,,,,CAN_bb2248cba65e0632,MOL_22ffff8835b2f14f,,,,1.0,final_results.csv,ncs1_leu89,ncs1_leu89/final_results.csv,ncs1_leu89,passed_boltz_protocol,CCN1C=CC(c2ccco2)=CN=C1CCN1C(=O)c2ccccc2S1(=O)=O,,,,,;;;;;;;;;;
RLHF_0097,Pasan Boltz,CAN_1be538cf7dcf3be8,MOL_a11c69675ddae495,CCNc1ncccc1C(=O)Nc1ccccc1C(=O)NCc1ccccc1,CCNc1ncccc1C(=O)Nc1ccccc1C(=O)NCc1ccccc1,NCS1,-10.431110715693038,True,True,True,,,,,0.4504749178886413,,,,,5.92893086373806,,False,True,,-10.431110715693038,,,,,,,,,,,0.07106913626194,,,,,CAN_1be538cf7dcf3be8,MOL_a11c69675ddae495,,,,1.0,final_results.csv,ncs1_leu89,ncs1_leu89/final_results.csv,ncs1_leu89,passed_boltz_protocol,CCNc1ncccc1C(=O)Nc1ccccc1C(=O)NCc1ccccc1,,,,,;;;;;;;;;;
RLHF_0098,Pasan Boltz,CAN_238df941f8c7ae7c,MOL_7e04ee903a649581,COc1ccc(OC)c(CNC(=O)CC2CCC(=O)N2Cc2ccccc2)c1,COc1ccc(OC)c(CNC(=O)CC2CCC(=O)N2Cc2ccccc2)c1,NCS1,-10.424369708624004,True,True,True,,,,,0.2416743040084839,,,,,5.011669278144836,,False,True,,-10.424369708624004,,,,,,,,,,,0.9883307218551636,,,,,CAN_238df941f8c7ae7c,MOL_7e04ee903a649581,,,,1.0,final_results.csv,ncs1_leu89,ncs1_leu89/final_results.csv,ncs1_leu89,passed_boltz_protocol,COc1ccc(OC)c(CNC(=O)CC2CCC(=O)N2Cc2ccccc2)c1,,,,,;;;;;;;;;;
RLHF_0099,Pasan Boltz,CAN_da99c33e8c934271,MOL_08d470a0494eb995,Cc1nc(NC(=O)C2CCC2)nc2c1CC(C)N2CC(=O)Nc1ccccc1,Cc1nc(NC(=O)C2CCC2)nc2c1CC(C)N2CC(=O)Nc1ccccc1,NCS1,-10.420777803530674,True,True,True,,,,,0.214011400938034,,,,,4.990478277206421,,False,True,,-10.420777803530674,,,,,,,,,,,1.009521722793579,,,,,CAN_da99c33e8c934271,MOL_08d470a0494eb995,,,,1.0,final_results.csv,ncs1_leu89,ncs1_leu89/final_results.csv,ncs1_leu89,passed_boltz_protocol,Cc1nc(NC(=O)C2CCC2)nc2c1CC(C)N2CC(=O)Nc1ccccc1,,,,,;;;;;;;;;;
RLHF_0100,Pasan Boltz,CAN_b98a916e259573f7,MOL_698d0df963beb0e4,COCCN(C)C(=O)c1ccccc1N1C(=O)c2ccccc2C1=O,COCCN(C)C(=O)c1ccccc1N1C(=O)c2ccccc2C1=O,NCS1,-10.375664950544394,True,True,True,,,,,0.1736431419849395,,,,,3.8950352668762207,,False,True,,-10.375664950544394,,,,,,,,,,,2.10496473312378,,,,,CAN_b98a916e259573f7,MOL_698d0df963beb0e4,,,,1.0,final_results.csv,ncs1_leu89,ncs1_leu89/final_results.csv,ncs1_leu89,passed_boltz_protocol,COCCN(C)C(=O)c1ccccc1N1C(=O)c2ccccc2C1=O,,,,,;;;;;;;;;;
RLHF_0101,Pasan Boltz,CAN_4f03d759dc1b0fec,MOL_e62b75524487c874,CCCCNC(=O)c1ccccc1N1C(=O)c2ccccc2C1=O,CCCCNC(=O)c1ccccc1N1C(=O)c2ccccc2C1=O,NCS1,-10.371712321373613,True,True,True,,,,,0.1675519943237304,,,,,4.642786741256714,,False,True,,-10.371712321373613,,,,,,,,,,,1.357213258743286,,,,,CAN_4f03d759dc1b0fec,MOL_e62b75524487c874,,,,1.0,final_results.csv,ncs1_leu89,ncs1_leu89/final_results.csv,ncs1_leu89,passed_boltz_protocol,CCCCNC(=O)c1ccccc1N1C(=O)c2ccccc2C1=O,,,,,;;;;;;;;;;
RLHF_0102,Pasan Boltz,CAN_6c7401254e2f8e66,MOL_8ecae86c22369ba6,COCCC(=O)Nc1ccc(C)c(S(=O)(=O)Nc2ccccc2)c1,COCCC(=O)Nc1ccc(C)c(S(=O)(=O)Nc2ccccc2)c1,NCS1,-10.326434394836046,True,True,True,,,,,0.2575772702693939,,,,,4.55277419090271,,False,True,,-10.326434394836046,,,,,,,,,,,1.44722580909729,,,,,CAN_6c7401254e2f8e66,MOL_8ecae86c22369ba6,,,,1.0,final_results.csv,ncs1_leu89,ncs1_leu89/final_results.csv,ncs1_leu89,passed_boltz_protocol,COCCC(=O)Nc1ccc(C)c(S(=O)(=O)Nc2ccccc2)c1,,,,,;;;;;;;;;;
RLHF_0103,Pasan Boltz,CAN_a695f0158603f79d,MOL_795e22e30b750ca7,Cc1ccc(OCC(=O)Nc2ccccc2C(=O)N2CCOCC2)c(C)c1,Cc1ccc(OCC(=O)Nc2ccccc2C(=O)N2CCOCC2)c(C)c1,NCS1,-10.321863200226764,True,True,True,,,,,0.1731648743152618,,,,,5.237817943096161,,False,True,,-10.321863200226764,,,,,,,,,,,0.7621820569038391,,,,,CAN_a695f0158603f79d,MOL_795e22e30b750ca7,,,,1.0,final_results.csv,ncs1_leu89,ncs1_leu89/final_results.csv,ncs1_leu89,passed_boltz_protocol,Cc1ccc(OCC(=O)Nc2ccccc2C(=O)N2CCOCC2)c(C)c1,,,,,;;;;;;;;;;
RLHF_0104,Pasan Boltz,CAN_3cdfeba9c5bcd856,MOL_5babb7cbff3ec9a3,O=C1CCC[C@H](CNC(=O)c2ccc3ccccc3c2)N1,O=C1CCC[C@H](CNC(=O)c2ccc3ccccc3c2)N1,NCS1,-10.28629358718361,True,True,True,,,,,0.1659934222698211,,,,,4.999410271644592,,False,True,,-10.28629358718361,,,,,,,,,,,1.0005897283554075,,,,,CAN_3cdfeba9c5bcd856,MOL_5babb7cbff3ec9a3,,,,1.0,final_results.csv,ncs1_leu89,ncs1_leu89/final_results.csv,ncs1_leu89,passed_boltz_protocol,O=C1CCC[C@H](CNC(=O)c2ccc3ccccc3c2)N1,,,,,;;;;;;;;;;
RLHF_0105,Pasan Boltz,CAN_88f1c35809fc8e83,MOL_d8ea456b8da49e9d,CCC[C@@H]1[C@H](C)Cc2ccc(OC)cc2N1C(=O)CNC(=O)C(O)=CN,CCC[C@@H]1[C@H](C)Cc2ccc(OC)cc2N1C(=O)CNC(=O)C(O)=CN,NCS1,-10.283136075941126,True,True,True,,,,,0.203658789396286,,,,,4.93224048614502,,False,True,,-10.283136075941126,,,,,,,,,,,1.0677595138549805,,,,,CAN_88f1c35809fc8e83,MOL_d8ea456b8da49e9d,,,,1.0,final_results.csv,ncs1_leu89,ncs1_leu89/final_results.csv,ncs1_leu89,passed_boltz_protocol,CCC[C@@H]1[C@H](C)Cc2ccc(OC)cc2N1C(=O)CNC(=O)C(O)=CN,,,,,;;;;;;;;;;
RLHF_0106,Pasan Boltz,CAN_cc1ed125b4799263,MOL_d5c8c27ef32111cc,C[C@@H]1CCC[C@@H](NC(=O)c2ccccc2)C1C(=O)Nc1ccccc1,C[C@@H]1CCC[C@@H](NC(=O)c2ccccc2)C1C(=O)Nc1ccccc1,NCS1,-10.244532008973705,True,True,True,,,,,,,,,,,,False,True,,-10.244532008973705,,,,,,,,,,,,,,,,CAN_cc1ed125b4799263,MOL_d5c8c27ef32111cc,,,,1.0,final_results.csv,ncs1_leu89,ncs1_leu89/final_results.csv,ncs1_leu89,passed_boltz_protocol,C[C@@H]1CCC[C@@H](NC(=O)c2ccccc2)C1C(=O)Nc1ccccc1,,,,,;;;;;;;;;;
RLHF_0107,Pasan Boltz,CAN_2f17a074d1af9196,MOL_0d444aebc831fb4e,C[C@@H]1CC[C@@H](NC(=O)CCC(=O)O)CN1C(=O)c1cccc(Oc2ccccc2)c1,C[C@@H]1CC[C@@H](NC(=O)CCC(=O)O)CN1C(=O)c1cccc(Oc2ccccc2)c1,NCS1,-10.229758071389956,True,True,True,,,,,,,,,,,,False,True,,-10.229758071389956,,,,,,,,,,,,,,,,CAN_2f17a074d1af9196,MOL_0d444aebc831fb4e,,,,1.0,final_results.csv,ncs1_leu89,ncs1_leu89/final_results.csv,ncs1_leu89,passed_boltz_protocol,C[C@@H]1CC[C@@H](NC(=O)CCC(=O)O)CN1C(=O)c1cccc(Oc2ccccc2)c1,,,,,;;;;;;;;;;
RLHF_0108,Pasan Boltz,CAN_4a0833a99efd79c7,MOL_08e2a6b532cb5cd8,C=CC1Oc2ccccc2C(=O)N1CCCCN1CCN(c2ccccc2)CC1,C=CC1Oc2ccccc2C(=O)N1CCCCN1CCN(c2ccccc2)CC1,NCS1,-10.226295207922425,True,True,True,,,,,,,,,,,,False,True,,-10.226295207922425,,,,,,,,,,,,,,,,CAN_4a0833a99efd79c7,MOL_08e2a6b532cb5cd8,,,,1.0,final_results.csv,ncs1_leu89,ncs1_leu89/final_results.csv,ncs1_leu89,passed_boltz_protocol,C=CC1Oc2ccccc2C(=O)N1CCCCN1CCN(c2ccccc2)CC1,,,,,;;;;;;;;;;
RLHF_0109,Pasan Boltz,CAN_a0d494dcd0f1bf19,MOL_f2623c05dd9152a9,CCCO[C@@H]1CCCN1C(=O)c1ccccc1N1C(=O)c2ccccc2C1=O,CCCO[C@@H]1CCCN1C(=O)c1ccccc1N1C(=O)c2ccccc2C1=O,NCS1,-10.219049301497996,True,True,True,,,,,,,,,,,,False,True,,-10.219049301497996,,,,,,,,,,,,,,,,CAN_a0d494dcd0f1bf19,MOL_f2623c05dd9152a9,,,,1.0,final_results.csv,ncs1_leu89,ncs1_leu89/final_results.csv,ncs1_leu89,passed_boltz_protocol,CCCO[C@@H]1CCCN1C(=O)c1ccccc1N1C(=O)c2ccccc2C1=O,,,,,;;;;;;;;;;
RLHF_0110,Pasan Boltz,CAN_728d97084af50a75,MOL_9b4bb4423fcacdba,CC(C)(CNC(=O)c1ccccc1F)C(=O)Nc1ccccc1C(=O)N1CCCCC1,CC(C)(CNC(=O)c1ccccc1F)C(=O)Nc1ccccc1C(=O)N1CCCCC1,NCS1,-10.211753602489344,True,True,True,,,,,,,,,,,,False,True,,-10.211753602489344,,,,,,,,,,,,,,,,CAN_728d97084af50a75,MOL_9b4bb4423fcacdba,,,,1.0,final_results.csv,ncs1_leu89,ncs1_leu89/final_results.csv,ncs1_leu89,passed_boltz_protocol,CC(C)(CNC(=O)c1ccccc1F)C(=O)Nc1ccccc1C(=O)N1CCCCC1,,,,,;;;;;;;;;;
RLHF_0111,Pasan Boltz,CAN_862b6def8492f4bc,MOL_cf93d3c472e45015,CCc1nn(C)cc1C1Cc2ccccc2N1CC(=O)Nc1ccccc1C#N,CCc1nn(C)cc1C1Cc2ccccc2N1CC(=O)Nc1ccccc1C#N,NCS1,-10.208408208981943,True,True,True,,,,,,,,,,,,False,True,,-10.208408208981943,,,,,,,,,,,,,,,,CAN_862b6def8492f4bc,MOL_cf93d3c472e45015,,,,1.0,final_results.csv,ncs1_leu89,ncs1_leu89/final_results.csv,ncs1_leu89,passed_boltz_protocol,CCc1nn(C)cc1C1Cc2ccccc2N1CC(=O)Nc1ccccc1C#N,,,,,;;;;;;;;;;
RLHF_0112,Pasan Boltz,CAN_f167e5a89696fd98,MOL_1c03279c04f18dec,CCC(CC)C(=O)NNC(=O)c1ccccc1N1C(=O)c2ccccc2C1=O,CCC(CC)C(=O)NNC(=O)c1ccccc1N1C(=O)c2ccccc2C1=O,NCS1,-10.201808965323623,True,True,True,,,,,,,,,,,,False,True,,-10.201808965323623,,,,,,,,,,,,,,,,CAN_f167e5a89696fd98,MOL_1c03279c04f18dec,,,,1.0,final_results.csv,ncs1_leu89,ncs1_leu89/final_results.csv,ncs1_leu89,passed_boltz_protocol,CCC(CC)C(=O)NNC(=O)c1ccccc1N1C(=O)c2ccccc2C1=O,,,,,;;;;;;;;;;
RLHF_0113,Pasan Boltz,CAN_0192e1c349fb8ca1,MOL_c78d2018b7980ba3,CCc1ccc(CNC(=O)c2ccc(Cl)cc2-n2cnnn2)o1,CCc1ccc(CNC(=O)c2ccc(Cl)cc2-n2cnnn2)o1,NCS1,-10.198046277232498,True,True,True,,,,,,,,,,,,False,True,,-10.198046277232498,,,,,,,,,,,,,,,,CAN_0192e1c349fb8ca1,MOL_c78d2018b7980ba3,,,,1.0,final_results.csv,ncs1_leu89,ncs1_leu89/final_results.csv,ncs1_leu89,passed_boltz_protocol,CCc1ccc(CNC(=O)c2ccc(Cl)cc2-n2cnnn2)o1,,,,,;;;;;;;;;;
RLHF_0114,Pasan Boltz,CAN_1d4fbf7292a03fbd,MOL_2e2b1ee3074953b7,CCCS(=O)(=O)N(Cc1cccc(OC)c1)c1ccc(F)cc1,CCCS(=O)(=O)N(Cc1cccc(OC)c1)c1ccc(F)cc1,NCS1,-10.114400601901089,True,True,True,,,,,,,,,,,,False,True,,-10.114400601901089,,,,,,,,,,,,,,,,CAN_1d4fbf7292a03fbd,MOL_2e2b1ee3074953b7,,,,1.0,final_results.csv,ncs1_leu89,ncs1_leu89/final_results.csv,ncs1_leu89,passed_boltz_protocol,CCCS(=O)(=O)N(Cc1cccc(OC)c1)c1ccc(F)cc1,,,,,;;;;;;;;;;
RLHF_0115,Pasan Boltz,CAN_6186c6f66549359f,MOL_9d1ea7e82226b036,CN(CC(F)F)C(=O)c1ccccc1N1C(=O)c2ccccc2C1=O,CN(CC(F)F)C(=O)c1ccccc1N1C(=O)c2ccccc2C1=O,NCS1,-10.108548267140248,True,True,True,,,,,,,,,,,,False,True,,-10.108548267140248,,,,,,,,,,,,,,,,CAN_6186c6f66549359f,MOL_9d1ea7e82226b036,,,,1.0,final_results.csv,ncs1_leu89,ncs1_leu89/final_results.csv,ncs1_leu89,passed_boltz_protocol,CN(CC(F)F)C(=O)c1ccccc1N1C(=O)c2ccccc2C1=O,,,,,;;;;;;;;;;
RLHF_0116,Pasan Boltz,CAN_ffe5a7a44c8ad995,MOL_0b60339b9c561a2d,COCc1cc(C)nc(NNC(=O)c2ccccc2C(=O)N2CCCC2)n1,COCc1cc(C)nc(NNC(=O)c2ccccc2C(=O)N2CCCC2)n1,NCS1,-10.10808888027875,True,True,True,,,,,,,,,,,,False,True,,-10.10808888027875,,,,,,,,,,,,,,,,CAN_ffe5a7a44c8ad995,MOL_0b60339b9c561a2d,,,,1.0,final_results.csv,ncs1_leu89,ncs1_leu89/final_results.csv,ncs1_leu89,passed_boltz_protocol,COCc1cc(C)nc(NNC(=O)c2ccccc2C(=O)N2CCCC2)n1,,,,,;;;;;;;;;;
RLHF_0117,Pasan Boltz,CAN_7fceb284fad50b9e,MOL_3a8f1de228348a97,C[C@@H]1CCC[C@@H](C(=O)Nc2ccccc2)N1C(=O)c1cc2ccccc2c(=O)[nH]1,C[C@@H]1CCC[C@@H](C(=O)Nc2ccccc2)N1C(=O)c1cc2ccccc2c(=O)[nH]1,NCS1,-10.09467102875811,True,True,True,,,,,,,,,,,,False,True,,-10.09467102875811,,,,,,,,,,,,,,,,CAN_7fceb284fad50b9e,MOL_3a8f1de228348a97,,,,1.0,final_results.csv,ncs1_leu89,ncs1_leu89/final_results.csv,ncs1_leu89,passed_boltz_protocol,C[C@@H]1CCC[C@@H](C(=O)Nc2ccccc2)N1C(=O)c1cc2ccccc2c(=O)[nH]1,,,,,;;;;;;;;;;
RLHF_0118,Pasan Boltz,CAN_02b1d5ed71a4f45f,MOL_4eb444bbb7ce7d43,[NH]C(=O)NC(=O)N/N=C/c1ccccc1C(=O)Nc1cccc(F)c1,[NH]C(=O)NC(=O)N/N=C/c1ccccc1C(=O)Nc1cccc(F)c1,NCS1,-10.067202577865444,True,True,True,,,,,,,,,,,,False,True,,-10.067202577865444,,,,,,,,,,,,,,,,CAN_02b1d5ed71a4f45f,MOL_4eb444bbb7ce7d43,,,,1.0,final_results.csv,ncs1_leu89,ncs1_leu89/final_results.csv,ncs1_leu89,passed_boltz_protocol,[NH]C(=O)NC(=O)N/N=C/c1ccccc1C(=O)Nc1cccc(F)c1,,,,,;;;;;;;;;;
RLHF_0119,Pasan Boltz,CAN_f26d7c07e3d6e358,MOL_06bec40bc431edec,CC1NC(=O)c2ccccc2N1CC(=O)Nc1ccccc1,CC1NC(=O)c2ccccc2N1CC(=O)Nc1ccccc1,NCS1,-10.063728445411115,True,True,True,,,,,,,,,,,,False,True,,-10.063728445411115,,,,,,,,,,,,,,,,CAN_f26d7c07e3d6e358,MOL_06bec40bc431edec,,,,1.0,final_results.csv,ncs1_leu89,ncs1_leu89/final_results.csv,ncs1_leu89,passed_boltz_protocol,CC1NC(=O)c2ccccc2N1CC(=O)Nc1ccccc1,,,,,;;;;;;;;;;
RLHF_0120,Pasan Boltz,CAN_eb3077a3f1daf4d1,MOL_d3b49319dd69a112,O=C(CN1C(=O)c2ccc(Cl)cc2S1(=O)=O)c1ccccc1,O=C(CN1C(=O)c2ccc(Cl)cc2S1(=O)=O)c1ccccc1,NCS1,-10.063663805037988,True,True,True,,,,,,,,,,,,False,True,,-10.063663805037988,,,,,,,,,,,,,,,,CAN_eb3077a3f1daf4d1,MOL_d3b49319dd69a112,,,,1.0,final_results.csv,ncs1_leu89,ncs1_leu89/final_results.csv,ncs1_leu89,passed_boltz_protocol,O=C(CN1C(=O)c2ccc(Cl)cc2S1(=O)=O)c1ccccc1,,,,,;;;;;;;;;;
RLHF_0121,Pasan Boltz,CAN_dc4807a4043fc50a,MOL_810ab85d3fc5c879,CC1NC(NC(=O)c2ccccc2OCC(=O)NCCC#N)=NC1c1ccccc1,CC1NC(NC(=O)c2ccccc2OCC(=O)NCCC#N)=NC1c1ccccc1,NCS1,-10.044740891737865,True,True,True,,,,,,,,,,,,False,True,,-10.044740891737865,,,,,,,,,,,,,,,,CAN_dc4807a4043fc50a,MOL_810ab85d3fc5c879,,,,1.0,final_results.csv,ncs1_leu89,ncs1_leu89/final_results.csv,ncs1_leu89,passed_boltz_protocol,CC1NC(NC(=O)c2ccccc2OCC(=O)NCCC#N)=NC1c1ccccc1,,,,,;;;;;;;;;;
RLHF_0122,Pasan Boltz,CAN_52f05149ce9e097d,MOL_babbbe553d85eff5,C/C1=N\NC(=O)c2ccccc2NC(=O)c2ccccc2C(=O)N(C)CC(=O)C=CC=C1,C/C1=N\NC(=O)c2ccccc2NC(=O)c2ccccc2C(=O)N(C)CC(=O)C=CC=C1,NCS1,-10.022344493815895,True,True,True,,,,,,,,,,,,False,True,,-10.022344493815895,,,,,,,,,,,,,,,,CAN_52f05149ce9e097d,MOL_babbbe553d85eff5,,,,1.0,final_results.csv,ncs1_leu89,ncs1_leu89/final_results.csv,ncs1_leu89,passed_boltz_protocol,C/C1=N\NC(=O)c2ccccc2NC(=O)c2ccccc2C(=O)N(C)CC(=O)C=CC=C1,,,,,;;;;;;;;;;
RLHF_0123,Pasan Boltz,CAN_904e1de1eb8f0544,MOL_7270a153be3c9f77,O=C(CCNC(=O)c1ccccc1NC(=O)c1ccccc1)c1ccccc1,O=C(CCNC(=O)c1ccccc1NC(=O)c1ccccc1)c1ccccc1,NCS1,-9.994136508056638,True,True,True,,,,,,,,,,,,False,True,,-9.994136508056638,,,,,,,,,,,,,,,,CAN_904e1de1eb8f0544,MOL_7270a153be3c9f77,,,,1.0,final_results.csv,ncs1_leu89,ncs1_leu89/final_results.csv,ncs1_leu89,passed_boltz_protocol,O=C(CCNC(=O)c1ccccc1NC(=O)c1ccccc1)c1ccccc1,,,,,;;;;;;;;;;
RLHF_0124,Pasan Boltz,CAN_1d2f3d14b2e7d48e,MOL_630a1784c3f73592,Cc1ccc(CNC(=O)c2ccccc2NC(=O)c2ccccc2-n2cnnn2)o1,Cc1ccc(CNC(=O)c2ccccc2NC(=O)c2ccccc2-n2cnnn2)o1,NCS1,-9.97713706299485,True,True,True,,,,,,,,,,,,False,True,,-9.97713706299485,,,,,,,,,,,,,,,,CAN_1d2f3d14b2e7d48e,MOL_630a1784c3f73592,,,,1.0,final_results.csv,ncs1_leu89,ncs1_leu89/final_results.csv,ncs1_leu89,passed_boltz_protocol,Cc1ccc(CNC(=O)c2ccccc2NC(=O)c2ccccc2-n2cnnn2)o1,,,,,;;;;;;;;;;
RLHF_0125,Pasan Boltz,CAN_271544ee480b9bd1,MOL_929a857f3837b910,C[C@H]1CCCC[C@@H]1N1C(=O)c2ccccc2C1=O,C[C@H]1CCCC[C@@H]1N1C(=O)c2ccccc2C1=O,NCS1,-9.97216753262884,True,True,True,,,,,,,,,,,,False,True,,-9.97216753262884,,,,,,,,,,,,,,,,CAN_271544ee480b9bd1,MOL_929a857f3837b910,,,,1.0,final_results.csv,ncs1_leu89,ncs1_leu89/final_results.csv,ncs1_leu89,passed_boltz_protocol,C[C@H]1CCCC[C@@H]1N1C(=O)c2ccccc2C1=O,,,,,;;;;;;;;;;
RLHF_0126,Pasan Boltz,CAN_d2e21a4306c1602c,MOL_b6ca21a03d287fa6,CC1C=C(NC(=O)c2ccccc2C(=O)NCc2ccccc2)C(=O)N1C,CC1C=C(NC(=O)c2ccccc2C(=O)NCc2ccccc2)C(=O)N1C,NCS1,-9.952803848864468,True,True,True,,,,,,,,,,,,False,True,,-9.952803848864468,,,,,,,,,,,,,,,,CAN_d2e21a4306c1602c,MOL_b6ca21a03d287fa6,,,,1.0,final_results.csv,ncs1_leu89,ncs1_leu89/final_results.csv,ncs1_leu89,passed_boltz_protocol,CC1C=C(NC(=O)c2ccccc2C(=O)NCc2ccccc2)C(=O)N1C,,,,,;;;;;;;;;;
RLHF_0127,Pasan Boltz,CAN_5314a69b2f48e3d4,MOL_756e693e443e1df6,C=C[C@H](C)n1cnnc1-c1ccccc1NC(=O)c1ccccc1,C=C[C@H](C)n1cnnc1-c1ccccc1NC(=O)c1ccccc1,NCS1,-9.897157376331968,True,True,True,,,,,,,,,,,,False,True,,-9.897157376331968,,,,,,,,,,,,,,,,CAN_5314a69b2f48e3d4,MOL_756e693e443e1df6,,,,1.0,final_results.csv,ncs1_leu89,ncs1_leu89/final_results.csv,ncs1_leu89,passed_boltz_protocol,C=C[C@H](C)n1cnnc1-c1ccccc1NC(=O)c1ccccc1,,,,,;;;;;;;;;;
RLHF_0128,Pasan Boltz,CAN_7d6b88f42f889147,MOL_7b6457649f7bd65c,NC(=O)COc1ccc(-c2ccccc2)cc1CCc1ccc(O)c(O)c1,NC(=O)COc1ccc(-c2ccccc2)cc1CCc1ccc(O)c(O)c1,NCS1,-9.88940145015771,True,True,True,,,,,,,,,,,,False,True,,-9.88940145015771,,,,,,,,,,,,,,,,CAN_7d6b88f42f889147,MOL_7b6457649f7bd65c,,,,1.0,final_results.csv,ncs1_leu89,ncs1_leu89/final_results.csv,ncs1_leu89,passed_boltz_protocol,NC(=O)COc1ccc(-c2ccccc2)cc1CCc1ccc(O)c(O)c1,,,,,;;;;;;;;;;
RLHF_0129,Pasan Boltz,CAN_5f5fd7da62638f66,MOL_8f652c63c45126c2,COc1cc(CNC2CCN(c3ccccc3Cl)CC2)ccc1C#N,COc1cc(CNC2CCN(c3ccccc3Cl)CC2)ccc1C#N,NCS1,-9.870400888821203,True,True,True,,,,,,,,,,,,False,True,,-9.870400888821203,,,,,,,,,,,,,,,,CAN_5f5fd7da62638f66,MOL_8f652c63c45126c2,,,,1.0,final_results.csv,ncs1_leu89,ncs1_leu89/final_results.csv,ncs1_leu89,passed_boltz_protocol,COc1cc(CNC2CCN(c3ccccc3Cl)CC2)ccc1C#N,,,,,;;;;;;;;;;
RLHF_0130,Pasan Boltz,CAN_e0d76eae217d4ae0,MOL_eb5e881bf4f7f6bc,CCc1nn(C)cc1Nc1nccc(N[C@@H](C)c2ccccc2)n1,CCc1nn(C)cc1Nc1nccc(N[C@@H](C)c2ccccc2)n1,NCS1,-9.837082600739745,True,True,True,,,,,,,,,,,,False,True,,-9.837082600739745,,,,,,,,,,,,,,,,CAN_e0d76eae217d4ae0,MOL_eb5e881bf4f7f6bc,,,,1.0,final_results.csv,ncs1_leu89,ncs1_leu89/final_results.csv,ncs1_leu89,passed_boltz_protocol,CCc1nn(C)cc1Nc1nccc(N[C@@H](C)c2ccccc2)n1,,,,,;;;;;;;;;;
RLHF_0131,Pasan Boltz,CAN_d63b0308128f8afe,MOL_7048cb68bb94df64,O=C1NCCc2c(C(SCC(=O)N3CCCCC3)c3ccco3)ccc(O)c21,O=C1NCCc2c(C(SCC(=O)N3CCCCC3)c3ccco3)ccc(O)c21,NCS1,-9.790192614497272,True,True,True,,,,,,,,,,,,False,True,,-9.790192614497272,,,,,,,,,,,,,,,,CAN_d63b0308128f8afe,MOL_7048cb68bb94df64,,,,1.0,final_results.csv,ncs1_leu89,ncs1_leu89/final_results.csv,ncs1_leu89,passed_boltz_protocol,O=C1NCCc2c(C(SCC(=O)N3CCCCC3)c3ccco3)ccc(O)c21,,,,,;;;;;;;;;;
RLHF_0132,Pasan Boltz,CAN_8817768b11adeb69,MOL_b9a8beaa5a85d020,CC=C(F)CNC1=CCN(CC(=O)O)C(C2CCCC2)=N1,CC=C(F)CNC1=CCN(CC(=O)O)C(C2CCCC2)=N1,NCS1,-9.782728703991364,True,True,True,,,,,,,,,,,,False,True,,-9.782728703991364,,,,,,,,,,,,,,,,CAN_8817768b11adeb69,MOL_b9a8beaa5a85d020,,,,1.0,final_results.csv,ncs1_leu89,ncs1_leu89/final_results.csv,ncs1_leu89,passed_boltz_protocol,CC=C(F)CNC1=CCN(CC(=O)O)C(C2CCCC2)=N1,,,,,;;;;;;;;;;
RLHF_0133,Pasan Boltz,CAN_3944c743eecce86c,MOL_ab3367540a9e860e,COCC[NH+](C)c1ccccc1NC(=O)c1ccc2ccccc2n1,COCC[NH+](C)c1ccccc1NC(=O)c1ccc2ccccc2n1,NCS1,-9.778854993684805,True,True,True,,,,,,,,,,,,False,True,,-9.778854993684805,,,,,,,,,,,,,,,,CAN_3944c743eecce86c,MOL_ab3367540a9e860e,,,,1.0,final_results.csv,ncs1_leu89,ncs1_leu89/final_results.csv,ncs1_leu89,passed_boltz_protocol,COCC[NH+](C)c1ccccc1NC(=O)c1ccc2ccccc2n1,,,,,;;;;;;;;;;
RLHF_0134,Pasan Boltz,CAN_5e230bc2925bb4a9,MOL_3177018e957ff079,CC(C)N(CC(=O)N1CCCC1)C(=O)c1cc2ccccc2nc1-c1ccc[nH]1,CC(C)N(CC(=O)N1CCCC1)C(=O)c1cc2ccccc2nc1-c1ccc[nH]1,NCS1,-9.77272375867774,True,True,True,,,,,,,,,,,,False,True,,-9.77272375867774,,,,,,,,,,,,,,,,CAN_5e230bc2925bb4a9,MOL_3177018e957ff079,,,,1.0,final_results.csv,ncs1_leu89,ncs1_leu89/final_results.csv,ncs1_leu89,passed_boltz_protocol,CC(C)N(CC(=O)N1CCCC1)C(=O)c1cc2ccccc2nc1-c1ccc[nH]1,,,,,;;;;;;;;;;
RLHF_0135,Pasan Boltz,CAN_581f7a9c9d3ac924,MOL_e9f8e78659f80298,Cc1cc(CNC(=O)c2cc3ccccc3o2)on1,Cc1cc(CNC(=O)c2cc3ccccc3o2)on1,NCS1,-9.74547952470379,True,True,True,,,,,,,,,,,,False,True,,-9.74547952470379,,,,,,,,,,,,,,,,CAN_581f7a9c9d3ac924,MOL_e9f8e78659f80298,,,,1.0,final_results.csv,ncs1_leu89,ncs1_leu89/final_results.csv,ncs1_leu89,passed_boltz_protocol,Cc1cc(CNC(=O)c2cc3ccccc3o2)on1,,,,,;;;;;;;;;;
RLHF_0136,Pasan Boltz,CAN_e2930602a86cf06e,MOL_3aec3b1efbc4e38c,O=C(NN1C(=O)c2ccccc2C1=O)OCc1ccc(F)cc1F,O=C(NN1C(=O)c2ccccc2C1=O)OCc1ccc(F)cc1F,NCS1,-9.735173454729168,True,True,True,,,,,,,,,,,,False,True,,-9.735173454729168,,,,,,,,,,,,,,,,CAN_e2930602a86cf06e,MOL_3aec3b1efbc4e38c,,,,1.0,final_results.csv,ncs1_leu89,ncs1_leu89/final_results.csv,ncs1_leu89,passed_boltz_protocol,O=C(NN1C(=O)c2ccccc2C1=O)OCc1ccc(F)cc1F,,,,,;;;;;;;;;;
RLHF_0137,Pasan Boltz,CAN_6a512c1b63e76191,MOL_1cfc1abdd06bf6fd,CC(C)C(=O)Nc1ccc(Cl)cc1C(=O)NC1CCCCC1,CC(C)C(=O)Nc1ccc(Cl)cc1C(=O)NC1CCCCC1,NCS1,-9.725938081464315,True,True,True,,,,,,,,,,,,False,True,,-9.725938081464315,,,,,,,,,,,,,,,,CAN_6a512c1b63e76191,MOL_1cfc1abdd06bf6fd,,,,1.0,final_results.csv,ncs1_leu89,ncs1_leu89/final_results.csv,ncs1_leu89,passed_boltz_protocol,CC(C)C(=O)Nc1ccc(Cl)cc1C(=O)NC1CCCCC1,,,,,;;;;;;;;;;
RLHF_0138,Pasan Boltz,CAN_461ec089ecc38cfc,MOL_55eb48995d84ea9d,CN1C(=S)N(Cc2ccco2)C(=O)[C@@]1(C)CNc1ccccc1F,CN1C(=S)N(Cc2ccco2)C(=O)[C@@]1(C)CNc1ccccc1F,NCS1,-9.704307750188484,True,True,True,,,,,,,,,,,,False,True,,-9.704307750188484,,,,,,,,,,,,,,,,CAN_461ec089ecc38cfc,MOL_55eb48995d84ea9d,,,,1.0,final_results.csv,ncs1_leu89,ncs1_leu89/final_results.csv,ncs1_leu89,passed_boltz_protocol,CN1C(=S)N(Cc2ccco2)C(=O)[C@@]1(C)CNc1ccccc1F,,,,,;;;;;;;;;;
RLHF_0139,Pasan Boltz,CAN_d51e38177f82e637,MOL_bb291a5b85b35428,NS(=O)(=O)c1ccccc1C(=O)Nc1ccccc1C(=O)N1CCCCC1,NS(=O)(=O)c1ccccc1C(=O)Nc1ccccc1C(=O)N1CCCCC1,NCS1,-9.667248377550452,True,True,True,,,,,,,,,,,,False,True,,-9.667248377550452,,,,,,,,,,,,,,,,CAN_d51e38177f82e637,MOL_bb291a5b85b35428,,,,1.0,final_results.csv,ncs1_leu89,ncs1_leu89/final_results.csv,ncs1_leu89,passed_boltz_protocol,NS(=O)(=O)c1ccccc1C(=O)Nc1ccccc1C(=O)N1CCCCC1,,,,,;;;;;;;;;;
RLHF_0140,Pasan Boltz,CAN_7f658161bd156261,MOL_f582f9cd9f5d015b,Cn1ccnc1CNC(=O)Nc1ccccc1C(=O)n1ccccc1=O,Cn1ccnc1CNC(=O)Nc1ccccc1C(=O)n1ccccc1=O,NCS1,-9.656386291928357,True,True,True,,,,,,,,,,,,False,True,,-9.656386291928357,,,,,,,,,,,,,,,,CAN_7f658161bd156261,MOL_f582f9cd9f5d015b,,,,1.0,final_results.csv,ncs1_leu89,ncs1_leu89/final_results.csv,ncs1_leu89,passed_boltz_protocol,Cn1ccnc1CNC(=O)Nc1ccccc1C(=O)n1ccccc1=O,,,,,;;;;;;;;;;
RLHF_0141,Pasan Boltz,CAN_4a156a1f455e2c8a,MOL_0f1b8b1a7a285140,COC=Cc1ccccc1C=CC(=O)Nc1nc(C)cs1,COC=Cc1ccccc1C=CC(=O)Nc1nc(C)cs1,NCS1,-9.647640356382173,True,True,True,,,,,,,,,,,,False,True,,-9.647640356382173,,,,,,,,,,,,,,,,CAN_4a156a1f455e2c8a,MOL_0f1b8b1a7a285140,,,,1.0,final_results.csv,ncs1_leu89,ncs1_leu89/final_results.csv,ncs1_leu89,passed_boltz_protocol,COC=Cc1ccccc1C=CC(=O)Nc1nc(C)cs1,,,,,;;;;;;;;;;
RLHF_0142,Pasan Boltz,CAN_465a48ef73df195f,MOL_057b18ae25c3e068,C[NH2+][C@H](c1ccccc1NC=O)c1ccccc1-c1ccccc1,C[NH2+][C@H](c1ccccc1NC=O)c1ccccc1-c1ccccc1,NCS1,-9.642515612151511,True,True,True,,,,,,,,,,,,False,True,,-9.642515612151511,,,,,,,,,,,,,,,,CAN_465a48ef73df195f,MOL_057b18ae25c3e068,,,,1.0,final_results.csv,ncs1_leu89,ncs1_leu89/final_results.csv,ncs1_leu89,passed_boltz_protocol,C[NH2+][C@H](c1ccccc1NC=O)c1ccccc1-c1ccccc1,,,,,;;;;;;;;;;
RLHF_0143,Pasan Boltz,CAN_b03c0e2d76d922db,MOL_d2f1b3559e3f1def,Cc1ccc(C)c(NC(=O)c2ccccc2Cn2cncn2)c1C,Cc1ccc(C)c(NC(=O)c2ccccc2Cn2cncn2)c1C,NCS1,-9.559792245350748,True,True,True,,,,,,,,,,,,False,True,,-9.559792245350748,,,,,,,,,,,,,,,,CAN_b03c0e2d76d922db,MOL_d2f1b3559e3f1def,,,,1.0,final_results.csv,ncs1_leu89,ncs1_leu89/final_results.csv,ncs1_leu89,passed_boltz_protocol,Cc1ccc(C)c(NC(=O)c2ccccc2Cn2cncn2)c1C,,,,,;;;;;;;;;;
RLHF_0144,Pasan Boltz,CAN_494c000a24cd2956,MOL_4843d8b7c3faf897,C[C@H](F)NC(=O)Nc1ccc(C(F)F)cc1S(C)(=O)=O,C[C@H](F)NC(=O)Nc1ccc(C(F)F)cc1S(C)(=O)=O,NCS1,-9.454251499603677,True,True,True,,,,,,,,,,,,False,True,,-9.454251499603677,,,,,,,,,,,,,,,,CAN_494c000a24cd2956,MOL_4843d8b7c3faf897,,,,1.0,final_results.csv,ncs1_leu89,ncs1_leu89/final_results.csv,ncs1_leu89,passed_boltz_protocol,C[C@H](F)NC(=O)Nc1ccc(C(F)F)cc1S(C)(=O)=O,,,,,;;;;;;;;;;
RLHF_0145,Pasan Boltz,CAN_a82ab300689c4be5,MOL_98237b6899ce959c,O=C(NC1CCCc2ccccc21)c1ccccc1,O=C(NC1CCCc2ccccc21)c1ccccc1,NCS1,-9.442175251132683,True,True,True,,,,,,,,,,,,False,True,,-9.442175251132683,,,,,,,,,,,,,,,,CAN_a82ab300689c4be5,MOL_98237b6899ce959c,,,,1.0,final_results.csv,ncs1_leu89,ncs1_leu89/final_results.csv,ncs1_leu89,passed_boltz_protocol,O=C(NC1CCCc2ccccc21)c1ccccc1,,,,,;;;;;;;;;;
RLHF_0146,Pasan Boltz,CAN_ebc570d068c61cd7,MOL_52fd9a5f1150c633,CC[NH+](CCCCc1ccccc1)N1C(=O)c2ccccc2C1=O,CC[NH+](CCCCc1ccccc1)N1C(=O)c2ccccc2C1=O,NCS1,-9.392835002216664,True,True,True,,,,,,,,,,,,False,True,,-9.392835002216664,,,,,,,,,,,,,,,,CAN_ebc570d068c61cd7,MOL_52fd9a5f1150c633,,,,1.0,final_results.csv,ncs1_leu89,ncs1_leu89/final_results.csv,ncs1_leu89,passed_boltz_protocol,CC[NH+](CCCCc1ccccc1)N1C(=O)c2ccccc2C1=O,,,,,;;;;;;;;;;
RLHF_0147,Pasan Boltz,CAN_7d60f9b7a4ba95ab,MOL_2a07ab6a1870ecf5,O=C(COc1ccccc1)N1CCCCC1,O=C(COc1ccccc1)N1CCCCC1,NCS1,-9.27296124621649,True,True,True,,,,,,,,,,,,False,True,,-9.27296124621649,,,,,,,,,,,,,,,,CAN_7d60f9b7a4ba95ab,MOL_2a07ab6a1870ecf5,,,,1.0,final_results.csv,ncs1_leu89,ncs1_leu89/final_results.csv,ncs1_leu89,passed_boltz_protocol,O=C(COc1ccccc1)N1CCCCC1,,,,,;;;;;;;;;;
RLHF_0148,Pasan Boltz,CAN_40a8908a8841f798,MOL_79bff0d3896d54d2,C[C@H](NC(=O)C=Cc1ccccc1C=O)C(=O)Nc1ccc2ccccc2c1,C[C@H](NC(=O)C=Cc1ccccc1C=O)C(=O)Nc1ccc2ccccc2c1,NCS1,-9.255127406607103,True,True,True,,,,,,,,,,,,False,True,,-9.255127406607103,,,,,,,,,,,,,,,,CAN_40a8908a8841f798,MOL_79bff0d3896d54d2,,,,1.0,final_results.csv,ncs1_leu89,ncs1_leu89/final_results.csv,ncs1_leu89,passed_boltz_protocol,C[C@H](NC(=O)C=Cc1ccccc1C=O)C(=O)Nc1ccc2ccccc2c1,,,,,;;;;;;;;;;
RLHF_0149,Pasan Boltz,CAN_7de0ac6243fae15e,MOL_da6c619dfac3241b,CNC(=O)[C@](O)(c1ccccc1)c1cccc(Cl)c1,CNC(=O)[C@](O)(c1ccccc1)c1cccc(Cl)c1,NCS1,-9.225317595969951,True,True,True,,,,,,,,,,,,False,True,,-9.225317595969951,,,,,,,,,,,,,,,,CAN_7de0ac6243fae15e,MOL_da6c619dfac3241b,,,,1.0,final_results.csv,ncs1_leu89,ncs1_leu89/final_results.csv,ncs1_leu89,passed_boltz_protocol,CNC(=O)[C@](O)(c1ccccc1)c1cccc(Cl)c1,,,,,;;;;;;;;;;
RLHF_0150,Pasan Boltz,CAN_069633e9a0535dd6,MOL_4377d333d330ef59,COC(=O)c1ccc(C)cc1NC(=O)C12CC3CC(CC(C3)C1)C2,COC(=O)c1ccc(C)cc1NC(=O)C12CC3CC(CC(C3)C1)C2,NCS1,-9.218896523120312,True,True,True,,,,,,,,,,,,False,True,,-9.218896523120312,,,,,,,,,,,,,,,,CAN_069633e9a0535dd6,MOL_4377d333d330ef59,,,,1.0,final_results.csv,ncs1_leu89,ncs1_leu89/final_results.csv,ncs1_leu89,passed_boltz_protocol,COC(=O)c1ccc(C)cc1NC(=O)C12CC3CC(CC(C3)C1)C2,,,,,;;;;;;;;;;
RLHF_0151,Pasan Boltz,CAN_e1c6e0891fff6e5b,MOL_b39c369a38cf415f,O=C(c1nc(-c2ccccc2)no1)C(O)c1ccccc1,O=C(c1nc(-c2ccccc2)no1)C(O)c1ccccc1,NCS1,-9.169162442476637,True,True,True,,,,,,,,,,,,False,True,,-9.169162442476637,,,,,,,,,,,,,,,,CAN_e1c6e0891fff6e5b,MOL_b39c369a38cf415f,,,,1.0,final_results.csv,ncs1_leu89,ncs1_leu89/final_results.csv,ncs1_leu89,passed_boltz_protocol,O=C(c1nc(-c2ccccc2)no1)C(O)c1ccccc1,,,,,;;;;;;;;;;
RLHF_0152,Pasan Boltz,CAN_8100cc256af9d6cc,MOL_6e414bcdd265bf62,O=C(COc1ccccc1-c1ccccc1)N1C(=O)c2ccccc2C1=O,O=C(COc1ccccc1-c1ccccc1)N1C(=O)c2ccccc2C1=O,NCS1,-9.13738605475361,True,True,True,,,,,,,,,,,,False,True,,-9.13738605475361,,,,,,,,,,,,,,,,CAN_8100cc256af9d6cc,MOL_6e414bcdd265bf62,,,,1.0,final_results.csv,ncs1_leu89,ncs1_leu89/final_results.csv,ncs1_leu89,passed_boltz_protocol,O=C(COc1ccccc1-c1ccccc1)N1C(=O)c2ccccc2C1=O,,,,,;;;;;;;;;;
RLHF_0153,Pasan Boltz,CAN_c2097460101481d5,MOL_546ed3e485beb61c,O=C(NCC(=O)n1ccccc1=O)c1ccc2ccccc2c1O,O=C(NCC(=O)n1ccccc1=O)c1ccc2ccccc2c1O,NCS1,-9.064857581290562,True,True,True,,,,,,,,,,,,False,True,,-9.064857581290562,,,,,,,,,,,,,,,,CAN_c2097460101481d5,MOL_546ed3e485beb61c,,,,1.0,final_results.csv,ncs1_leu89,ncs1_leu89/final_results.csv,ncs1_leu89,passed_boltz_protocol,O=C(NCC(=O)n1ccccc1=O)c1ccc2ccccc2c1O,,,,,;;;;;;;;;;
RLHF_0154,Pasan Boltz,CAN_c2e63832ece7e68d,MOL_ed18f335b680537f,O=Cc1ccc(-c2ccc(CC3CCNCC3)cc2)[nH]1,O=Cc1ccc(-c2ccc(CC3CCNCC3)cc2)[nH]1,NCS1,-9.0238576426114,True,True,True,,,,,,,,,,,,False,True,,-9.0238576426114,,,,,,,,,,,,,,,,CAN_c2e63832ece7e68d,MOL_ed18f335b680537f,,,,1.0,final_results.csv,ncs1_leu89,ncs1_leu89/final_results.csv,ncs1_leu89,passed_boltz_protocol,O=Cc1ccc(-c2ccc(CC3CCNCC3)cc2)[nH]1,,,,,;;;;;;;;;;
RLHF_0155,Pasan Boltz,CAN_30fdd142b836f300,MOL_99485ab91b4e00ce,O=CN(Cc1cccc2ccccc12)C(=O)c1ccccc1,O=CN(Cc1cccc2ccccc12)C(=O)c1ccccc1,NCS1,-8.980657129982596,True,True,True,,,,,,,,,,,,False,True,,-8.980657129982596,,,,,,,,,,,,,,,,CAN_30fdd142b836f300,MOL_99485ab91b4e00ce,,,,1.0,final_results.csv,ncs1_leu89,ncs1_leu89/final_results.csv,ncs1_leu89,passed_boltz_protocol,O=CN(Cc1cccc2ccccc12)C(=O)c1ccccc1,,,,,;;;;;;;;;;
RLHF_0156,Pasan Boltz,CAN_7246fa0930fcaa5b,MOL_a4c2233bb49c3c30,CC(C)(C)n1cnc2cc(-c3ccccc3)cnc21,CC(C)(C)n1cnc2cc(-c3ccccc3)cnc21,NCS1,-8.83403176124383,True,True,True,,,,,,,,,,,,False,True,,-8.83403176124383,,,,,,,,,,,,,,,,CAN_7246fa0930fcaa5b,MOL_a4c2233bb49c3c30,,,,1.0,final_results.csv,ncs1_leu89,ncs1_leu89/final_results.csv,ncs1_leu89,passed_boltz_protocol,CC(C)(C)n1cnc2cc(-c3ccccc3)cnc21,,,,,;;;;;;;;;;
RLHF_0157,Pasan Boltz,CAN_6928bb1401f5ebcd,MOL_b8f8a05d5e6c1516,O=C(N/N=C/c1ccccn1)c1ccccc1,O=C(N/N=C/c1ccccn1)c1ccccc1,NCS1,-8.660975629146535,True,True,True,,,,,,,,,,,,False,True,,-8.660975629146535,,,,,,,,,,,,,,,,CAN_6928bb1401f5ebcd,MOL_b8f8a05d5e6c1516,,,,1.0,final_results.csv,ncs1_leu89,ncs1_leu89/final_results.csv,ncs1_leu89,passed_boltz_protocol,O=C(N/N=C/c1ccccn1)c1ccccc1,,,,,;;;;;;;;;;
RLHF_0158,Pasan Boltz,CAN_d51d70fb44ca9c18,MOL_0e9e2189176b8a09,O=C(NC(=O)c1cc2ccccc2oc1=O)c1ccccc1,O=C(NC(=O)c1cc2ccccc2oc1=O)c1ccccc1,NCS1,-8.66082052313265,True,True,True,,,,,,,,,,,,False,True,,-8.66082052313265,,,,,,,,,,,,,,,,CAN_d51d70fb44ca9c18,MOL_0e9e2189176b8a09,,,,1.0,final_results.csv,ncs1_leu89,ncs1_leu89/final_results.csv,ncs1_leu89,passed_boltz_protocol,O=C(NC(=O)c1cc2ccccc2oc1=O)c1ccccc1,,,,,;;;;;;;;;;
RLHF_0159,Pasan Boltz,CAN_05cdc7e49233f963,MOL_da8c09523c6c1974,O=C(C=Cc1ccccc1)N1C(=O)c2ccccc2C1=O,O=C(C=Cc1ccccc1)N1C(=O)c2ccccc2C1=O,NCS1,-8.569735945408862,True,True,True,,,,,,,,,,,,False,True,,-8.569735945408862,,,,,,,,,,,,,,,,CAN_05cdc7e49233f963,MOL_da8c09523c6c1974,,,,1.0,final_results.csv,ncs1_leu89,ncs1_leu89/final_results.csv,ncs1_leu89,passed_boltz_protocol,O=C(C=Cc1ccccc1)N1C(=O)c2ccccc2C1=O,,,,,;;;;;;;;;;
RLHF_0160,Pasan Boltz,CAN_3d5864b45b4effc6,MOL_d403544b2b5fd633,O=C(Oc1ccc(F)cc1F)N1C(=O)c2ccccc2C1=O,O=C(Oc1ccc(F)cc1F)N1C(=O)c2ccccc2C1=O,NCS1,-8.555413331777972,True,True,True,,,,,,,,,,,,False,True,,-8.555413331777972,,,,,,,,,,,,,,,,CAN_3d5864b45b4effc6,MOL_d403544b2b5fd633,,,,1.0,final_results.csv,ncs1_leu89,ncs1_leu89/final_results.csv,ncs1_leu89,passed_boltz_protocol,O=C(Oc1ccc(F)cc1F)N1C(=O)c2ccccc2C1=O,,,,,;;;;;;;;;;
RLHF_0161,Pasan Boltz,CAN_6dd090c10a366ecf,MOL_09933260c0042fa9,O=C(NCc1ccc2[nH]nnc2c1)c1ccccc1C(=O)N1Cc2ccccc2C1=O,O=C(NCc1ccc2[nH]nnc2c1)c1ccccc1C(=O)N1Cc2ccccc2C1=O,NCS1,-8.397,True,True,True,,,,,,,,,,,,False,True,,-8.397,,,,,,,,,,,,,,,,CAN_6dd090c10a366ecf,MOL_09933260c0042fa9,,,,1.0,final_results.csv,ncs1_leu89,ncs1_leu89/final_results.csv,ncs1_leu89,passed_boltz_protocol,O=C(NCc1ccc2[nH]nnc2c1)c1ccccc1C(=O)N1Cc2ccccc2C1=O,,,,,;;;;;;;;;;
RLHF_0162,Pasan Boltz,CAN_5ed9bc9a13029838,MOL_5d870cb6fe5e7ce3,C[C@@H](Cc1ccccc1F)N1C(=O)c2ccccc2C1=O,C[C@@H1](CC1=CC=CC=C1F)N2C(=O)C3=CC=CC=C3C2=O,NCS1,-8.311,True,True,True,0.8118624136826729,3.052900000000001,2.4014509938287123,283.302,,,,,,,,True,True,-8.311,-8.172503169949085,0.0,2.0,3.0,37.38,3.0,21.0,0.19041592,0.063411936,True,,,0.8204322268353201,1.0,CAN_a72e66aef43a2b1b,MOL_5d870cb6fe5e7ce3,CAN_5ed9bc9a13029838,MOL_5d870cb6fe5e7ce3,ncs1.csv,/content/ncs1.csv,reward_results_27.csv,1.0,final_results.csv,ncs1_leu89,ncs1_leu89/final_results.csv,ncs1_leu89,passed_boltz_protocol,C[C@@H](Cc1ccccc1F)N1C(=O)c2ccccc2C1=O,,,,,;;;;;;;;;;
RLHF_0163,Pasan Boltz,CAN_e529edac7f88379c,MOL_a3ea4a86b5a18851,CC(C)[C@H]1OC(=O)[C@@H]1c1nc2ccccc2n1CC(=O)Nc1ccccc1C(=O)N1CCOCC1,CC(C)[C@H]1OC(=O)[C@@H]1c1nc2ccccc2n1CC(=O)Nc1ccccc1C(=O)N1CCOCC1,NCS1,-8.014,True,True,True,,,,,,,,,,,,False,True,,-8.014,,,,,,,,,,,,,,,,CAN_e529edac7f88379c,MOL_a3ea4a86b5a18851,,,,1.0,final_results.csv,ncs1_leu89,ncs1_leu89/final_results.csv,ncs1_leu89,passed_boltz_protocol,CC(C)[C@H]1OC(=O)[C@@H]1c1nc2ccccc2n1CC(=O)Nc1ccccc1C(=O)N1CCOCC1,,,,,;;;;;;;;;;
RLHF_0164,Pasan Boltz,CAN_8094679dc693291e,MOL_0e28974063ec1b9a,CC1(C)C(=O)N(c2ccc(CNC(=O)c3nc4ccccc4[nH]3)cc2)C1(C)C,CC1(C)C(=O)N(c2ccc(CNC(=O)c3nc4ccccc4[nH]3)cc2)C1(C)C,NCS1,-7.798,True,True,True,,,,,,,,,,,,False,True,,-7.798,,,,,,,,,,,,,,,,CAN_8094679dc693291e,MOL_0e28974063ec1b9a,,,,1.0,final_results.csv,ncs1_leu89,ncs1_leu89/final_results.csv,ncs1_leu89,passed_boltz_protocol,CC1(C)C(=O)N(c2ccc(CNC(=O)c3nc4ccccc4[nH]3)cc2)C1(C)C,,,,,;;;;;;;;;;
RLHF_0165,Pasan Boltz,CAN_6ae22b750c23158b,MOL_aaac51c5c9100bdd,CC(C)=CCn1c(=O)[nH]c2cc(CNC(=O)c3cc(C)cc(C)c3)ccc21,CC(C)=CCn1c(=O)[nH]c2cc(CNC(=O)c3cc(C)cc(C)c3)ccc21,NCS1,-7.476,True,True,True,,,,,,,,,,,,False,True,,-7.476,,,,,,,,,,,,,,,,CAN_6ae22b750c23158b,MOL_aaac51c5c9100bdd,,,,1.0,final_results.csv,ncs1_leu89,ncs1_leu89/final_results.csv,ncs1_leu89,passed_boltz_protocol,CC(C)=CCn1c(=O)[nH]c2cc(CNC(=O)c3cc(C)cc(C)c3)ccc21,,,,,;;;;;;;;;;
RLHF_0166,Pasan Boltz,CAN_7f36a7bff4433511,MOL_1a3ffc67ab24828a,CCc1nn(CC(=O)NCc2ccccc2F)c(=O)c2ccccc12,CCc1nn(CC(=O)NCc2ccccc2F)c(=O)c2ccccc12,NCS1,-7.442,True,True,True,,,,,,,,,,,,False,True,,-7.442,,,,,,,,,,,,,,,,CAN_7f36a7bff4433511,MOL_1a3ffc67ab24828a,,,,1.0,final_results.csv,ncs1_leu89,ncs1_leu89/final_results.csv,ncs1_leu89,passed_boltz_protocol,CCc1nn(CC(=O)NCc2ccccc2F)c(=O)c2ccccc12,,,,,;;;;;;;;;;
RLHF_0167,Pasan Boltz,CAN_1dc525a0ffbeb3d8,MOL_669f446aa4eac9bd,CCCCCc1nc2ccccc2n1CC(=O)Nc1ccccc1C(=O)N1CCOCC1,CCCCCc1nc2ccccc2n1CC(=O)Nc1ccccc1C(=O)N1CCOCC1,NCS1,-7.345,True,True,True,,,,,,,,,,,,False,True,,-7.345,,,,,,,,,,,,,,,,CAN_1dc525a0ffbeb3d8,MOL_669f446aa4eac9bd,,,,1.0,final_results.csv,ncs1_leu89,ncs1_leu89/final_results.csv,ncs1_leu89,passed_boltz_protocol,CCCCCc1nc2ccccc2n1CC(=O)Nc1ccccc1C(=O)N1CCOCC1,,,,,;;;;;;;;;;
RLHF_0168,Pasan Boltz,CAN_7e3017377a68b6d6,MOL_b0501581a72452ec,CC[C@H](C(=O)O)n1nc2ccccc2c1C(=O)Nc1ccccc1,CC[C@H](C(=O)O)n1nc2ccccc2c1C(=O)Nc1ccccc1,NCS1,-7.299,True,True,True,,,,,,,,,,,,False,True,,-7.299,,,,,,,,,,,,,,,,CAN_7e3017377a68b6d6,MOL_b0501581a72452ec,,,,1.0,final_results.csv,ncs1_leu89,ncs1_leu89/final_results.csv,ncs1_leu89,passed_boltz_protocol,CC[C@H](C(=O)O)n1nc2ccccc2c1C(=O)Nc1ccccc1,,,,,;;;;;;;;;;
RLHF_0169,Pasan Boltz,CAN_22916536816060d2,MOL_09933260c0042fa9,O=C(NCc1ccc2[nH]nnc2c1)c1ccccc1C(=O)N1Cc2ccccc2C1=O,O=C1C2=CC=CC=C2CN1C(=O)C3=CC=CC=C3C(=O)NCC4=CC=C5[NH1]N=NC5=C4,NCS1_H10,-8.682,True,True,True,0.5021643485986244,2.684100000000001,2.5958083189870127,411.4210000000001,,,,,,,,True,True,-8.682,-8.397,2.0,5.0,4.0,108.05,5.0,31.0,0.18949895,0.0599602,True,,,0.9452647194739164,1.0,CAN_523b284adc38c6e4,MOL_09933260c0042fa9,CAN_22916536816060d2,MOL_09933260c0042fa9,ncs1_h_10.csv,/content/ncs1_h_10.csv,reward_results_28.csv,3.0,final_results.csv; ncs1_h_10.csv,ncs1_h10; ncs1_leu89,ncs1_h10/final_results.csv; ncs1_h10/ncs1_h_10.csv; ncs1_leu89/ncs1_h_10.csv,ncs1_h10; ncs1_leu89,passed_boltz_protocol; intermediate,O=C(NCc1ccc2[nH]nnc2c1)c1ccccc1C(=O)N1Cc2ccccc2C1=O,0.5021643485986244,2.684100000000001,2.5958083189870127,411.4210000000001,;;;;
RLHF_0170,Pasan Boltz,CAN_9e9a61294afeafdd,MOL_da8c09523c6c1974,O=C(C=Cc1ccccc1)N1C(=O)c2ccccc2C1=O,O=C(C=CC1=CC=CC=C1)N2C(=O)C3=CC=CC=C3C2=O,NCS1_H10,-8.665,True,True,True,0.6257925206249031,2.5226000000000006,2.050202081970632,277.27900000000005,,,,,,,,True,True,-8.665,-8.569735945408862,0.0,3.0,2.0,54.45,3.0,21.0,0.20104532,0.07771551,True,,,0.9551374219737632,1.0,CAN_259ec7a957bdc820,MOL_da8c09523c6c1974,CAN_9e9a61294afeafdd,MOL_da8c09523c6c1974,ncs1_h_10.csv,/content/ncs1_h_10.csv,reward_results_29.csv,3.0,final_results.csv; ncs1_h_10.csv,ncs1_h10; ncs1_leu89,ncs1_h10/final_results.csv; ncs1_h10/ncs1_h_10.csv; ncs1_leu89/ncs1_h_10.csv,ncs1_h10; ncs1_leu89,passed_boltz_protocol; intermediate,O=C(C=Cc1ccccc1)N1C(=O)c2ccccc2C1=O,0.6257925206249031,2.5226000000000006,2.050202081970632,277.27900000000005,;;;;
RLHF_0171,Pasan Boltz,CAN_e9728c03b9b5d3c7,MOL_3a8f1de228348a97,C[C@@H]1CCC[C@@H](C(=O)Nc2ccccc2)N1C(=O)c1cc2ccccc2c(=O)[nH]1,C[C@@H1]1CCC[C@H1](N1C(=O)C2=CC3=CC=CC=C3C(=O)[NH1]2)C(=O)NC4=CC=CC=C4,NCS1_H10,-8.581,True,True,True,0.7186697730446283,3.5500000000000016,2.951912145387004,389.455,,,,,,,,True,True,-8.581,-10.09467102875811,2.0,3.0,3.0,82.27000000000001,4.0,29.0,0.18045005,0.0830399,True,,,0.6607101042872886,1.0,CAN_fa46e688f88c0c96,MOL_3a8f1de228348a97,CAN_e9728c03b9b5d3c7,MOL_3a8f1de228348a97,ncs1_h_10.csv,/content/ncs1_h_10.csv,reward_results_27.csv,3.0,final_results.csv; ncs1_h_10.csv,ncs1_h10; ncs1_leu89,ncs1_h10/final_results.csv; ncs1_h10/ncs1_h_10.csv; ncs1_leu89/ncs1_h_10.csv,ncs1_h10; ncs1_leu89,passed_boltz_protocol; intermediate,C[C@@H]1CCC[C@@H](C(=O)Nc2ccccc2)N1C(=O)c1cc2ccccc2c(=O)[nH]1,0.7186697730446283,3.5500000000000016,2.951912145387004,389.455,;;;;
RLHF_0172,Pasan Boltz,CAN_260b71d32ef02abe,MOL_4eb444bbb7ce7d43,[NH]C(=O)NC(=O)N/N=C/c1ccccc1C(=O)Nc1cccc(F)c1,O=C(N/N=C/C1=CC=CC=C1C(=O)NC2=CC=CC(F)=C2)[NH1]\C(=O)[NH1],NCS1_H10,-8.473,True,True,True,0.5820823209507318,2.114,2.5089417856271936,342.31,,,,,,,,True,True,-8.473,-10.067202577865444,3.0,4.0,4.0,123.46,2.0,25.0,0.3403904,0.10931385,True,,,0.8876120951899893,1.0,CAN_1390ee6e66c8b6d7,MOL_4eb444bbb7ce7d43,CAN_260b71d32ef02abe,MOL_4eb444bbb7ce7d43,ncs1_h_10.csv,/content/ncs1_h_10.csv,reward_results_22.csv,3.0,final_results.csv; ncs1_h_10.csv,ncs1_h10; ncs1_leu89,ncs1_h10/final_results.csv; ncs1_h10/ncs1_h_10.csv; ncs1_leu89/ncs1_h_10.csv,ncs1_h10; ncs1_leu89,passed_boltz_protocol; intermediate,[NH]C(=O)NC(=O)N/N=C/c1ccccc1C(=O)Nc1cccc(F)c1,0.5820823209507318,2.114,2.5089417856271936,342.31,;;;;
RLHF_0173,Pasan Boltz,CAN_af6ae136d90b4665,MOL_2d6eceb2ddae61d9,Cc1ccccc1NC(=O)C(=O)Nc1ccccc1C(=O)NCc1ccccc1,CC1=CC=CC=C1NC(=O)C(=O)NC2=CC=CC=C2C(=O)NCC3=CC=CC=C3,NCS1_H10,-8.442,True,True,True,0.5857230715114802,3.502220000000002,1.7627199724943488,387.43900000000014,0.4163244068622589,,,,,6.122691825032234,,True,True,-8.442,-10.475157786678183,3.0,3.0,5.0,87.30000000000001,3.0,29.0,0.3319101,0.12205493,True,,-0.1226918250322341,0.6689632636879728,1.0,CAN_04acdf12135214e1,MOL_2d6eceb2ddae61d9,CAN_af6ae136d90b4665,MOL_2d6eceb2ddae61d9,ncs1_h_10.csv,/content/ncs1_h_10.csv,reward_results_26.csv,3.0,final_results.csv; ncs1_h_10.csv,ncs1_h10; ncs1_leu89,ncs1_h10/final_results.csv; ncs1_h10/ncs1_h_10.csv; ncs1_leu89/ncs1_h_10.csv,ncs1_h10; ncs1_leu89,passed_boltz_protocol; intermediate,Cc1ccccc1NC(=O)C(=O)Nc1ccccc1C(=O)NCc1ccccc1,0.5857230715114802,3.502220000000002,1.7627199724943488,387.43900000000014,;;;;
RLHF_0174,Pasan Boltz,CAN_7bba98cc301f1b3e,MOL_b6ca21a03d287fa6,CC1C=C(NC(=O)c2ccccc2C(=O)NCc2ccccc2)C(=O)N1C,CC1C=C(NC(=O)C2=CC=CC=C2C(=O)NCC3=CC=CC=C3)C(=O)N1C,NCS1_H10,-8.363,True,True,True,0.8538189462323338,2.0908,2.794873567170334,363.4170000000001,,,,,,,,True,True,-8.363,-9.952803848864468,2.0,3.0,5.0,78.51,3.0,27.0,0.11201425,0.046404406,True,,,0.8680275575935921,1.0,CAN_ff32d54ce8c9182c,MOL_b6ca21a03d287fa6,CAN_7bba98cc301f1b3e,MOL_b6ca21a03d287fa6,ncs1_h_10.csv,/content/ncs1_h_10.csv,reward_results_25.csv,3.0,final_results.csv; ncs1_h_10.csv,ncs1_h10; ncs1_leu89,ncs1_h10/final_results.csv; ncs1_h10/ncs1_h_10.csv; ncs1_leu89/ncs1_h_10.csv,ncs1_h10; ncs1_leu89,passed_boltz_protocol; intermediate,CC1C=C(NC(=O)c2ccccc2C(=O)NCc2ccccc2)C(=O)N1C,0.8538189462323338,2.0908,2.794873567170334,363.4170000000001,;;;;
RLHF_0175,Pasan Boltz,CAN_ecfb3b6b93ae91a8,MOL_9b4bb4423fcacdba,CC(C)(CNC(=O)c1ccccc1F)C(=O)Nc1ccccc1C(=O)N1CCCCC1,CC(C)(CNC(=O)C1=CC=CC=C1F)C(=O)NC2=CC=CC=C2C(=O)N3CCCCC3,NCS1_H10,-8.349,True,True,True,0.7380362067755271,3.8465000000000025,2.1978416346368803,425.5040000000003,,,,,,,,True,True,-8.349,-10.211753602489344,2.0,3.0,6.0,78.51,3.0,31.0,0.14235726,0.051835496,True,,,0.5275853673695888,1.0,CAN_88f796d9e76b43ce,MOL_9b4bb4423fcacdba,CAN_ecfb3b6b93ae91a8,MOL_9b4bb4423fcacdba,ncs1_h_10.csv,/content/ncs1_h_10.csv,reward_results_14.csv,3.0,final_results.csv; ncs1_h_10.csv,ncs1_h10; ncs1_leu89,ncs1_h10/final_results.csv; ncs1_h10/ncs1_h_10.csv; ncs1_leu89/ncs1_h_10.csv,ncs1_h10; ncs1_leu89,passed_boltz_protocol; intermediate,CC(C)(CNC(=O)c1ccccc1F)C(=O)Nc1ccccc1C(=O)N1CCCCC1,0.7380362067755271,3.8465000000000025,2.1978416346368803,425.5040000000003,;;;;
RLHF_0176,Pasan Boltz,CAN_c5bcae262d3be84d,MOL_7270a153be3c9f77,O=C(CCNC(=O)c1ccccc1NC(=O)c1ccccc1)c1ccccc1,O=C(CCNC(=O)C1=CC=CC=C1NC(=O)C2=CC=CC=C2)C3=CC=CC=C3,NCS1_H10,-8.345,True,True,True,0.6169638809607249,3.941700000000002,1.684364809619927,372.424,,,,,,,,True,True,-8.345,-9.994136508056638,2.0,3.0,7.0,75.27000000000001,3.0,28.0,0.19345152,0.07611857,True,,,0.4943133709256368,1.0,CAN_404488c9a34bb121,MOL_7270a153be3c9f77,CAN_c5bcae262d3be84d,MOL_7270a153be3c9f77,ncs1_h_10.csv,/content/ncs1_h_10.csv,reward_results_23.csv,3.0,final_results.csv; ncs1_h_10.csv,ncs1_h10; ncs1_leu89,ncs1_h10/final_results.csv; ncs1_h10/ncs1_h_10.csv; ncs1_leu89/ncs1_h_10.csv,ncs1_h10; ncs1_leu89,passed_boltz_protocol; intermediate,O=C(CCNC(=O)c1ccccc1NC(=O)c1ccccc1)c1ccccc1,0.6169638809607249,3.941700000000002,1.684364809619927,372.424,;;;;
RLHF_0177,Pasan Boltz,CAN_4262ef1baa7d7428,MOL_08d470a0494eb995,Cc1nc(NC(=O)C2CCC2)nc2c1CC(C)N2CC(=O)Nc1ccccc1,CC1CC2=C(C)N=C(NC(=O)C3CCC3)N=C2N1CC(=O)NC4=CC=CC=C4,NCS1_H10,-8.314,True,True,True,0.8340585173751467,2.913320000000001,2.931362027461283,379.46400000000006,0.214011400938034,,,,,4.990478277206421,,True,True,-8.314,-10.420777803530674,2.0,5.0,5.0,87.22,4.0,28.0,0.19716185,0.07694424,True,,1.009521722793579,0.859922970673421,1.0,CAN_7d3b2a6614ab21d7,MOL_08d470a0494eb995,CAN_4262ef1baa7d7428,MOL_08d470a0494eb995,ncs1_h_10.csv,/content/ncs1_h_10.csv,reward_results_25.csv,3.0,final_results.csv; ncs1_h_10.csv,ncs1_h10; ncs1_leu89,ncs1_h10/final_results.csv; ncs1_h10/ncs1_h_10.csv; ncs1_leu89/ncs1_h_10.csv,ncs1_h10; ncs1_leu89,passed_boltz_protocol; intermediate,Cc1nc(NC(=O)C2CCC2)nc2c1CC(C)N2CC(=O)Nc1ccccc1,0.8340585173751467,2.913320000000001,2.931362027461283,379.46400000000006,;;;;
RLHF_0178,Pasan Boltz,CAN_dd6bcdc35ff2c1a4,MOL_d5c8c27ef32111cc,C[C@@H]1CCC[C@@H](NC(=O)c2ccccc2)C1C(=O)Nc1ccccc1,C[C@@H1]1CCC[C@@H1](NC(=O)C2=CC=CC=C2)C1C(=O)NC3=CC=CC=C3,NCS1_H10,-8.094,True,True,True,0.8905457159778091,3.8599000000000014,2.8363881472461294,336.43500000000006,,,,,,,,True,True,-8.094,-10.244532008973705,2.0,2.0,4.0,58.2,3.0,25.0,0.21412086,0.08059051,True,,,0.4956097203305398,1.0,CAN_9deb187a25d2e22e,MOL_d5c8c27ef32111cc,CAN_dd6bcdc35ff2c1a4,MOL_d5c8c27ef32111cc,ncs1_h_10.csv,/content/ncs1_h_10.csv,reward_results_27.csv,3.0,final_results.csv; ncs1_h_10.csv,ncs1_h10; ncs1_leu89,ncs1_h10/final_results.csv; ncs1_h10/ncs1_h_10.csv; ncs1_leu89/ncs1_h_10.csv,ncs1_h10; ncs1_leu89,passed_boltz_protocol; intermediate,C[C@@H]1CCC[C@@H](NC(=O)c2ccccc2)C1C(=O)Nc1ccccc1,0.8905457159778091,3.8599000000000014,2.8363881472461294,336.43500000000006,;;;;
RLHF_0179,Pasan Boltz,CAN_f831e69f4d4e83c6,MOL_795e22e30b750ca7,Cc1ccc(OCC(=O)Nc2ccccc2C(=O)N2CCOCC2)c(C)c1,CC1=CC(C)=CC=C1OCC(=O)NC2=CC=CC=C2C(=O)N3CCOCC3,NCS1_H10,-8.024,True,True,True,0.8812217462827361,2.7933400000000006,1.89008620159826,368.4330000000002,0.1731648743152618,,,,,5.237817943096161,,True,True,-8.024,-10.321863200226764,1.0,4.0,5.0,67.87,3.0,27.0,0.098603934,0.038652204,True,,0.7621820569038391,0.8283951524093532,1.0,CAN_772c51d6574ad44c,MOL_795e22e30b750ca7,CAN_f831e69f4d4e83c6,MOL_795e22e30b750ca7,ncs1_h_10.csv,/content/ncs1_h_10.csv,reward_results_29.csv,3.0,final_results.csv; ncs1_h_10.csv,ncs1_h10; ncs1_leu89,ncs1_h10/final_results.csv; ncs1_h10/ncs1_h_10.csv; ncs1_leu89/ncs1_h_10.csv,ncs1_h10; ncs1_leu89,passed_boltz_protocol; intermediate,Cc1ccc(OCC(=O)Nc2ccccc2C(=O)N2CCOCC2)c(C)c1,0.8812217462827361,2.7933400000000006,1.89008620159826,368.4330000000002,;;;;
RLHF_0180,Pasan Boltz,CAN_b09e5566320fc000,MOL_a3ea4a86b5a18851,CC(C)[C@H]1OC(=O)[C@@H]1c1nc2ccccc2n1CC(=O)Nc1ccccc1C(=O)N1CCOCC1,CC(C)[C@H1]1OC(=O)[C@@H1]1C2=NC3=CC=CC=C3N2CC(=O)NC4=CC=CC=C4C(=O)N5CCOCC5,NCS1_H10,-8.022,True,True,True,0.5491271850135763,2.812400000000001,3.3264647231703988,476.5330000000003,,,,,,,,True,True,-8.022,-8.014,1.0,6.0,6.0,102.76,5.0,35.0,0.17433749,0.06528708,True,,,0.8245405788602885,1.0,CAN_ca8035ae8e064f9e,MOL_a3ea4a86b5a18851,CAN_b09e5566320fc000,MOL_a3ea4a86b5a18851,ncs1_h_10.csv,/content/ncs1_h_10.csv,reward_results_23.csv,3.0,final_results.csv; ncs1_h_10.csv,ncs1_h10; ncs1_leu89,ncs1_h10/final_results.csv; ncs1_h10/ncs1_h_10.csv; ncs1_leu89/ncs1_h_10.csv,ncs1_h10; ncs1_leu89,passed_boltz_protocol; intermediate,CC(C)[C@H]1OC(=O)[C@@H]1c1nc2ccccc2n1CC(=O)Nc1ccccc1C(=O)N1CCOCC1,0.5491271850135763,2.812400000000001,3.3264647231703988,476.5330000000003,;;;;
RLHF_0181,Pasan Boltz,CAN_7d933e538c61d385,MOL_d403544b2b5fd633,O=C(Oc1ccc(F)cc1F)N1C(=O)c2ccccc2C1=O,O=C(OC1=CC=C(F)C=C1F)N2C(=O)C3=CC=CC=C3C2=O,NCS1_H10,-7.991,True,True,True,0.759907391323301,2.759800000000001,2.146326635875284,303.22,,,,,,,,True,True,-7.991,-8.555413331777972,0.0,4.0,1.0,63.68,3.0,22.0,0.122729175,0.0485161,True,,,0.8254662265280385,1.0,CAN_f7fe23b522944580,MOL_d403544b2b5fd633,CAN_7d933e538c61d385,MOL_d403544b2b5fd633,ncs1_h_10.csv,/content/ncs1_h_10.csv,reward_results_17.csv,3.0,final_results.csv; ncs1_h_10.csv,ncs1_h10; ncs1_leu89,ncs1_h10/final_results.csv; ncs1_h10/ncs1_h_10.csv; ncs1_leu89/ncs1_h_10.csv,ncs1_h10; ncs1_leu89,passed_boltz_protocol; intermediate,O=C(Oc1ccc(F)cc1F)N1C(=O)c2ccccc2C1=O,0.759907391323301,2.759800000000001,2.146326635875284,303.22,;;;;
RLHF_0182,Pasan Boltz,CAN_7a60bbf187edf9fc,MOL_0e9e2189176b8a09,O=C(NC(=O)c1cc2ccccc2oc1=O)c1ccccc1,O=C(NC(=O)C1=CC2=CC=CC=C2OC1=O)C3=CC=CC=C3,NCS1_H10,-7.933,True,True,True,0.5810354464646198,2.3632,1.8095761044395056,293.278,,,,,,,,True,True,-7.933,-8.66082052313265,1.0,4.0,2.0,76.38,3.0,22.0,0.18881379,0.061268423,True,,,0.8238934624462252,1.0,CAN_d8353fd8a6234d6e,MOL_0e9e2189176b8a09,CAN_7a60bbf187edf9fc,MOL_0e9e2189176b8a09,ncs1_h_10.csv,/content/ncs1_h_10.csv,reward_results_21.csv,3.0,final_results.csv; ncs1_h_10.csv,ncs1_h10; ncs1_leu89,ncs1_h10/final_results.csv; ncs1_h10/ncs1_h_10.csv; ncs1_leu89/ncs1_h_10.csv,ncs1_h10; ncs1_leu89,passed_boltz_protocol; intermediate,O=C(NC(=O)c1cc2ccccc2oc1=O)c1ccccc1,0.5810354464646198,2.3632,1.8095761044395056,293.278,;;;;
RLHF_0183,Pasan Boltz,CAN_1039157eb47f5382,MOL_5d870cb6fe5e7ce3,C[C@@H](Cc1ccccc1F)N1C(=O)c2ccccc2C1=O,C[C@@H1](CC1=CC=CC=C1F)N2C(=O)C3=CC=CC=C3C2=O,NCS1_H10,-7.928,True,True,True,0.8118624136826729,3.052900000000001,2.4014509938287123,283.302,,,,,,,,True,True,-7.928,-8.172503169949085,0.0,2.0,3.0,37.38,3.0,21.0,0.19041592,0.063411936,True,,,0.7441355421061565,1.0,CAN_22278611ee86688a,MOL_5d870cb6fe5e7ce3,CAN_1039157eb47f5382,MOL_5d870cb6fe5e7ce3,ncs1_h_10.csv,/content/ncs1_h_10.csv,reward_results_27.csv,3.0,final_results.csv; ncs1_h_10.csv,ncs1_h10; ncs1_leu89,ncs1_h10/final_results.csv; ncs1_h10/ncs1_h_10.csv; ncs1_leu89/ncs1_h_10.csv,ncs1_h10; ncs1_leu89,passed_boltz_protocol; intermediate,C[C@@H](Cc1ccccc1F)N1C(=O)c2ccccc2C1=O,0.8118624136826729,3.052900000000001,2.4014509938287123,283.302,;;;;
RLHF_0184,Pasan Boltz,CAN_10203f2a36e8adfb,MOL_630a1784c3f73592,Cc1ccc(CNC(=O)c2ccccc2NC(=O)c2ccccc2-n2cnnn2)o1,CC1=CC=C(CNC(=O)C2=CC=CC=C2NC(=O)C3=CC=CC=C3N4C=NN=N4)O1,NCS1_H10,-7.903,True,True,True,0.5124441996765101,2.746020000000001,2.2566119637726736,402.4140000000001,,,,,,,,True,True,-7.903,-9.97713706299485,2.0,6.0,6.0,114.94,4.0,30.0,0.415837,0.09912199,True,,,0.8030889368529557,1.0,CAN_ec449b67521bc899,MOL_630a1784c3f73592,CAN_10203f2a36e8adfb,MOL_630a1784c3f73592,ncs1_h_10.csv,/content/ncs1_h_10.csv,reward_results_21.csv,3.0,final_results.csv; ncs1_h_10.csv,ncs1_h10; ncs1_leu89,ncs1_h10/final_results.csv; ncs1_h10/ncs1_h_10.csv; ncs1_leu89/ncs1_h_10.csv,ncs1_h10; ncs1_leu89,passed_boltz_protocol; intermediate,Cc1ccc(CNC(=O)c2ccccc2NC(=O)c2ccccc2-n2cnnn2)o1,0.5124441996765101,2.746020000000001,2.2566119637726736,402.4140000000001,;;;;
RLHF_0185,Pasan Boltz,CAN_7822a6799fc24457,MOL_1c03279c04f18dec,CCC(CC)C(=O)NNC(=O)c1ccccc1N1C(=O)c2ccccc2C1=O,CCC(CC)C(=O)NNC(=O)C1=CC=CC=C1N2C(=O)C3=CC=CC=C3C2=O,NCS1_H10,-7.876,True,True,True,0.6166926489550194,2.684400000000001,2.1995122783904737,379.41600000000017,,,,,,,,True,True,-7.876,-10.201808965323623,2.0,4.0,5.0,95.58,3.0,28.0,0.29699352,0.11090315,True,,,0.802501711976236,1.0,CAN_b321b4875233ed97,MOL_1c03279c04f18dec,CAN_7822a6799fc24457,MOL_1c03279c04f18dec,ncs1_h_10.csv,/content/ncs1_h_10.csv,reward_results_16.csv,3.0,final_results.csv; ncs1_h_10.csv,ncs1_h10; ncs1_leu89,ncs1_h10/final_results.csv; ncs1_h10/ncs1_h_10.csv; ncs1_leu89/ncs1_h_10.csv,ncs1_h10; ncs1_leu89,passed_boltz_protocol; intermediate,CCC(CC)C(=O)NNC(=O)c1ccccc1N1C(=O)c2ccccc2C1=O,0.6166926489550194,2.684400000000001,2.1995122783904737,379.41600000000017,;;;;
RLHF_0186,Pasan Boltz,CAN_283c7ca534eb0eb2,MOL_f2623c05dd9152a9,CCCO[C@@H]1CCCN1C(=O)c1ccccc1N1C(=O)c2ccccc2C1=O,CCCO[C@@H1]1CCCN1C(=O)C2=CC=CC=C2N3C(=O)C4=CC=CC=C4C3=O,NCS1_H10,-7.868,True,True,True,0.7473886576555603,3.475900000000003,2.772456577120483,378.42800000000017,,,,,,,,True,True,-7.868,-10.219049301497996,0.0,4.0,5.0,66.92,4.0,28.0,0.22643681,0.09828057,True,,,0.5906394777028013,1.0,CAN_61e59b3a918ab5ff,MOL_f2623c05dd9152a9,CAN_283c7ca534eb0eb2,MOL_f2623c05dd9152a9,ncs1_h_10.csv,/content/ncs1_h_10.csv,reward_results_27.csv,3.0,final_results.csv; ncs1_h_10.csv,ncs1_h10; ncs1_leu89,ncs1_h10/final_results.csv; ncs1_h10/ncs1_h_10.csv; ncs1_leu89/ncs1_h_10.csv,ncs1_h10; ncs1_leu89,passed_boltz_protocol; intermediate,CCCO[C@@H]1CCCN1C(=O)c1ccccc1N1C(=O)c2ccccc2C1=O,0.7473886576555603,3.475900000000003,2.772456577120483,378.42800000000017,;;;;
RLHF_0187,Pasan Boltz,CAN_bfa3558960c3ac7a,MOL_0e28974063ec1b9a,CC1(C)C(=O)N(c2ccc(CNC(=O)c3nc4ccccc4[nH]3)cc2)C1(C)C,CC1(C)N(C(=O)C1(C)C)C2=CC=C(CNC(=O)C3=NC4=CC=CC=C4[NH1]3)C=C2,NCS1_H10,-7.865,True,True,True,0.6825113661280888,3.644300000000002,2.565867307976273,376.46,,,,,,,,True,True,-7.865,-7.798,2.0,3.0,4.0,78.09,4.0,28.0,0.23921303,0.094518036,True,,,0.5312774389448178,1.0,CAN_1498e44221b43f0a,MOL_0e28974063ec1b9a,CAN_bfa3558960c3ac7a,MOL_0e28974063ec1b9a,ncs1_h_10.csv,/content/ncs1_h_10.csv,reward_results_15.csv,3.0,final_results.csv; ncs1_h_10.csv,ncs1_h10; ncs1_leu89,ncs1_h10/final_results.csv; ncs1_h10/ncs1_h_10.csv; ncs1_leu89/ncs1_h_10.csv,ncs1_h10; ncs1_leu89,passed_boltz_protocol; intermediate,CC1(C)C(=O)N(c2ccc(CNC(=O)c3nc4ccccc4[nH]3)cc2)C1(C)C,0.6825113661280888,3.644300000000002,2.565867307976273,376.46,;;;;
RLHF_0188,Pasan Boltz,CAN_74d375867628c375,MOL_3177018e957ff079,CC(C)N(CC(=O)N1CCCC1)C(=O)c1cc2ccccc2nc1-c1ccc[nH]1,CC(C)N(CC(=O)N1CCCC1)C(=O)C2=CC3=CC=CC=C3N=C2C4=CC=C[NH1]4,NCS1_H10,-7.85,True,True,True,0.7221213047085346,3.7029000000000014,2.593794485932717,390.487,,,,,,,,True,True,-7.85,-9.77272375867774,1.0,3.0,5.0,69.30000000000001,4.0,29.0,0.2775712,0.110497445,True,,,0.5082942596227349,1.0,CAN_1aef3f12772945f9,MOL_3177018e957ff079,CAN_74d375867628c375,MOL_3177018e957ff079,ncs1_h_10.csv,/content/ncs1_h_10.csv,reward_results_26.csv,3.0,final_results.csv; ncs1_h_10.csv,ncs1_h10; ncs1_leu89,ncs1_h10/final_results.csv; ncs1_h10/ncs1_h_10.csv; ncs1_leu89/ncs1_h_10.csv,ncs1_h10; ncs1_leu89,passed_boltz_protocol; intermediate,CC(C)N(CC(=O)N1CCCC1)C(=O)c1cc2ccccc2nc1-c1ccc[nH]1,0.7221213047085346,3.7029000000000014,2.593794485932717,390.487,;;;;
RLHF_0189,Pasan Boltz,CAN_eab554a15f847a16,MOL_66956320e64982e7,CN1CCN(CCNC(=O)c2ccccc2N2C(=O)c3ccccc3C2=O)C1=O,C1CN(CCNC(=O)C2=CC=CC=C2N3C(=O)C4=CC=CC=C4C3=O)C(=O)N1C,NCS1_H10,-7.845,True,True,True,0.7826968124851745,1.5843999999999998,2.299194940282952,392.4150000000001,0.1450998783111572,,,,,4.158709287643433,,True,True,-7.845,-10.529273286829376,1.0,4.0,5.0,90.02999999999999,4.0,29.0,0.1824483,0.06062722,True,,1.8412907123565672,0.6061605102159447,1.0,CAN_8497274d6628131a,MOL_66956320e64982e7,CAN_eab554a15f847a16,MOL_66956320e64982e7,ncs1_h_10.csv,/content/ncs1_h_10.csv,reward_results_23.csv,3.0,final_results.csv; ncs1_h_10.csv,ncs1_h10; ncs1_leu89,ncs1_h10/final_results.csv; ncs1_h10/ncs1_h_10.csv; ncs1_leu89/ncs1_h_10.csv,ncs1_h10; ncs1_leu89,passed_boltz_protocol; intermediate,CN1CCN(CCNC(=O)c2ccccc2N2C(=O)c3ccccc3C2=O)C1=O,0.7826968124851745,1.5843999999999998,2.299194940282952,392.4150000000001,;;;;
RLHF_0190,Pasan Boltz,CAN_d13eecd5e5b53774,MOL_4377d333d330ef59,COC(=O)c1ccc(C)cc1NC(=O)C12CC3CC(CC(C3)C1)C2,COC(=O)C1=CC=C(C)C=C1NC(=O)C23CC4CC(CC(C4)C2)C3,NCS1_H10,-7.843,True,True,True,0.8556988460198058,3.9365200000000033,3.3701322217584435,327.4240000000001,,,,,,,,True,True,-7.843,-9.218896523120312,1.0,3.0,3.0,55.4,5.0,24.0,0.2093073,0.062316846,True,,,0.4331587784137409,1.0,CAN_475c77cd3c22e20e,MOL_4377d333d330ef59,CAN_d13eecd5e5b53774,MOL_4377d333d330ef59,ncs1_h_10.csv,/content/ncs1_h_10.csv,reward_results_6.csv,3.0,final_results.csv; ncs1_h_10.csv,ncs1_h10; ncs1_leu89,ncs1_h10/final_results.csv; ncs1_h10/ncs1_h_10.csv; ncs1_leu89/ncs1_h_10.csv,ncs1_h10; ncs1_leu89,passed_boltz_protocol; intermediate,COC(=O)c1ccc(C)cc1NC(=O)C12CC3CC(CC(C3)C1)C2,0.8556988460198058,3.9365200000000033,3.3701322217584435,327.4240000000001,;;;;
RLHF_0191,Pasan Boltz,CAN_7f9400e4d3b8cfea,MOL_79bff0d3896d54d2,C[C@H](NC(=O)C=Cc1ccccc1C=O)C(=O)Nc1ccc2ccccc2c1,C[C@@H1](C(=O)NC1=CC=C2C=CC=CC2=C1)NC(=O)C=CC3=CC=CC=C3C=O,NCS1_H10,-7.782,True,True,True,0.5103218507699695,3.808900000000002,2.5948883078897147,372.4240000000001,,,,,,,,True,True,-7.782,-9.255127406607103,2.0,3.0,6.0,75.27000000000001,3.0,28.0,0.3311703,0.15878719,True,,,0.4600678773693225,1.0,CAN_64d0b3c3d1bcf316,MOL_79bff0d3896d54d2,CAN_7f9400e4d3b8cfea,MOL_79bff0d3896d54d2,ncs1_h_10.csv,/content/ncs1_h_10.csv,reward_results_23.csv,3.0,final_results.csv; ncs1_h_10.csv,ncs1_h10; ncs1_leu89,ncs1_h10/final_results.csv; ncs1_h10/ncs1_h_10.csv; ncs1_leu89/ncs1_h_10.csv,ncs1_h10; ncs1_leu89,passed_boltz_protocol; intermediate,C[C@H](NC(=O)C=Cc1ccccc1C=O)C(=O)Nc1ccc2ccccc2c1,0.5103218507699695,3.808900000000002,2.5948883078897147,372.4240000000001,;;;;
RLHF_0192,Pasan Boltz,CAN_7d4a9daee99d8473,MOL_6e414bcdd265bf62,O=C(COc1ccccc1-c1ccccc1)N1C(=O)c2ccccc2C1=O,O=C(COC1=CC=CC=C1C2=CC=CC=C2)N3C(=O)C4=CC=CC=C4C3=O,NCS1_H10,-7.747,True,True,True,0.6700054209572687,3.555200000000002,1.968263831660506,357.36500000000007,,,,,,,,True,True,-7.747,-9.13738605475361,0.0,4.0,4.0,63.68,4.0,27.0,0.19120969,0.06659672,True,,,0.5341807033790291,1.0,CAN_691a5e05c7302d38,MOL_6e414bcdd265bf62,CAN_7d4a9daee99d8473,MOL_6e414bcdd265bf62,ncs1_h_10.csv,/content/ncs1_h_10.csv,reward_results_18.csv,3.0,final_results.csv; ncs1_h_10.csv,ncs1_h10; ncs1_leu89,ncs1_h10/final_results.csv; ncs1_h10/ncs1_h_10.csv; ncs1_leu89/ncs1_h_10.csv,ncs1_h10; ncs1_leu89,passed_boltz_protocol; intermediate,O=C(COc1ccccc1-c1ccccc1)N1C(=O)c2ccccc2C1=O,0.6700054209572687,3.555200000000002,1.968263831660506,357.36500000000007,;;;;
RLHF_0193,Pasan Boltz,CAN_32c0bc146d1d091d,MOL_bb291a5b85b35428,NS(=O)(=O)c1ccccc1C(=O)Nc1ccccc1C(=O)N1CCCCC1,NS(=O)(=O)C1=CC=CC=C1C(=O)NC2=CC=CC=C2C(=O)N3CCCCC3,NCS1_H10,-7.744,True,True,True,0.8379572530991826,2.2124000000000006,1.937115637951381,387.4610000000003,,,,,,,,True,True,-7.744,-9.667248377550452,2.0,4.0,4.0,109.57,3.0,27.0,0.07348381,0.025873959,True,,,0.7452301601364913,1.0,CAN_1576b3a504499bac,MOL_bb291a5b85b35428,CAN_32c0bc146d1d091d,MOL_bb291a5b85b35428,ncs1_h_10.csv,/content/ncs1_h_10.csv,reward_results_19.csv,3.0,final_results.csv; ncs1_h_10.csv,ncs1_h10; ncs1_leu89,ncs1_h10/final_results.csv; ncs1_h10/ncs1_h_10.csv; ncs1_leu89/ncs1_h_10.csv,ncs1_h10; ncs1_leu89,passed_boltz_protocol; intermediate,NS(=O)(=O)c1ccccc1C(=O)Nc1ccccc1C(=O)N1CCCCC1,0.8379572530991826,2.2124000000000006,1.937115637951381,387.4610000000003,;;;;
RLHF_0194,Pasan Boltz,CAN_39f8d7a7abb63115,MOL_a11c69675ddae495,CCNc1ncccc1C(=O)Nc1ccccc1C(=O)NCc1ccccc1,CCNC1=NC=CC=C1C(=O)NC2=CC=CC=C2C(=O)NCC3=CC=CC=C3,NCS1_H10,-7.709,True,True,True,0.5888687536846166,3.695700000000002,1.8827049805600995,374.4440000000001,0.4504749178886413,,,,,5.92893086373806,,True,True,-7.709,-10.431110715693038,3.0,4.0,7.0,83.12,3.0,28.0,0.40174565,0.10223073,True,,0.07106913626194,0.4791324063784415,1.0,CAN_9ebb2de957f7bb97,MOL_a11c69675ddae495,CAN_39f8d7a7abb63115,MOL_a11c69675ddae495,ncs1_h_10.csv,/content/ncs1_h_10.csv,reward_results_27.csv,3.0,final_results.csv; ncs1_h_10.csv,ncs1_h10; ncs1_leu89,ncs1_h10/final_results.csv; ncs1_h10/ncs1_h_10.csv; ncs1_leu89/ncs1_h_10.csv,ncs1_h10; ncs1_leu89,passed_boltz_protocol; intermediate,CCNc1ncccc1C(=O)Nc1ccccc1C(=O)NCc1ccccc1,0.5888687536846166,3.695700000000002,1.8827049805600995,374.4440000000001,;;;;
RLHF_0195,Pasan Boltz,CAN_0c1a84aa33be788a,MOL_f2caa37bf14ef8a9,C[C@@H](CC#N)NC(=O)c1ccccc1N1C(=O)c2ccccc2C1=O,C[C@@H1](CC#N)NC(=O)C1=CC=CC=C1N2C(=O)C3=CC=CC=C3C2=O,NCS1_H10,-7.704,True,True,True,0.8705636190083886,2.5191800000000004,2.584160021381715,333.3470000000001,0.18283012509346,,,,,4.279043197631836,,True,True,-7.704,-10.53038287642081,1.0,4.0,4.0,90.27,3.0,25.0,0.2968354,0.11236333,True,,1.720956802368164,0.7522975797636573,1.0,CAN_582b3ec021381b80,MOL_f2caa37bf14ef8a9,CAN_0c1a84aa33be788a,MOL_f2caa37bf14ef8a9,ncs1_h_10.csv,/content/ncs1_h_10.csv,reward_results_19.csv,3.0,final_results.csv; ncs1_h_10.csv,ncs1_h10; ncs1_leu89,ncs1_h10/final_results.csv; ncs1_h10/ncs1_h_10.csv; ncs1_leu89/ncs1_h_10.csv,ncs1_h10; ncs1_leu89,passed_boltz_protocol; intermediate,C[C@@H](CC#N)NC(=O)c1ccccc1N1C(=O)c2ccccc2C1=O,0.8705636190083886,2.5191800000000004,2.584160021381715,333.3470000000001,;;;;
RLHF_0196,Pasan Boltz,CAN_61a96ee93f6cab43,MOL_d3b49319dd69a112,O=C(CN1C(=O)c2ccc(Cl)cc2S1(=O)=O)c1ccccc1,O=C(CN1C(=O)C2=CC=C(Cl)C=C2S1(=O)=O)C3=CC=CC=C3,NCS1_H10,-7.699,True,True,True,0.807237350580485,2.367400000000001,2.1889115034667075,335.76800000000003,,,,,,,,True,True,-7.699,-10.063663805037988,0.0,4.0,3.0,71.52000000000001,3.0,22.0,0.08573616,0.03221569,True,,,0.7457767187432874,1.0,CAN_14ee398b426fc5bd,MOL_d3b49319dd69a112,CAN_61a96ee93f6cab43,MOL_d3b49319dd69a112,ncs1_h_10.csv,/content/ncs1_h_10.csv,reward_results_12.csv,3.0,final_results.csv; ncs1_h_10.csv,ncs1_h10; ncs1_leu89,ncs1_h10/final_results.csv; ncs1_h10/ncs1_h_10.csv; ncs1_leu89/ncs1_h_10.csv,ncs1_h10; ncs1_leu89,passed_boltz_protocol; intermediate,O=C(CN1C(=O)c2ccc(Cl)cc2S1(=O)=O)c1ccccc1,0.807237350580485,2.367400000000001,2.1889115034667075,335.76800000000003,;;;;
RLHF_0197,Pasan Boltz,CAN_4407a093a3c9e0db,MOL_99485ab91b4e00ce,O=CN(Cc1cccc2ccccc12)C(=O)c1ccccc1,O=CN(CC1=CC=CC2=CC=CC=C12)C(=O)C3=CC=CC=C3,NCS1_H10,-7.686,True,True,True,0.6876309335687845,3.638600000000002,2.0718002802636803,289.334,,,,,,,,True,True,-7.686,-8.980657129982596,0.0,2.0,4.0,37.38,3.0,22.0,0.22048339,0.09086582,True,,,0.4914277242283291,1.0,CAN_63b4f99b976610d6,MOL_99485ab91b4e00ce,CAN_4407a093a3c9e0db,MOL_99485ab91b4e00ce,ncs1_h_10.csv,/content/ncs1_h_10.csv,reward_results_28.csv,3.0,final_results.csv; ncs1_h_10.csv,ncs1_h10; ncs1_leu89,ncs1_h10/final_results.csv; ncs1_h10/ncs1_h_10.csv; ncs1_leu89/ncs1_h_10.csv,ncs1_h10; ncs1_leu89,passed_boltz_protocol; intermediate,O=CN(Cc1cccc2ccccc12)C(=O)c1ccccc1,0.6876309335687845,3.638600000000002,2.0718002802636803,289.334,;;;;
RLHF_0198,Pasan Boltz,CAN_95967d2608e1149a,MOL_0253e9b769797ec5,CCOc1ccccc1C(=O)Nc1ccccc1C(=O)NCc1cccnc1,CCOC1=CC=CC=C1C(=O)NC2=CC=CC=C2C(=O)NCC3=CC=CN=C3,NCS1_H10,-7.672,True,True,True,0.6603622491263594,3.662600000000001,1.821202416457535,375.42800000000005,0.1840305477380752,,,,,5.161936819553375,,True,True,-7.672,-10.538053538817977,2.0,4.0,7.0,80.32,3.0,28.0,0.34636867,0.090605326,True,,0.8380631804466248,0.4802541124604201,1.0,CAN_baa926a0d59e3078,MOL_0253e9b769797ec5,CAN_95967d2608e1149a,MOL_0253e9b769797ec5,ncs1_h_10.csv,/content/ncs1_h_10.csv,reward_results_25.csv,3.0,final_results.csv; ncs1_h_10.csv,ncs1_h10; ncs1_leu89,ncs1_h10/final_results.csv; ncs1_h10/ncs1_h_10.csv; ncs1_leu89/ncs1_h_10.csv,ncs1_h10; ncs1_leu89,passed_boltz_protocol; intermediate,CCOc1ccccc1C(=O)Nc1ccccc1C(=O)NCc1cccnc1,0.6603622491263594,3.662600000000001,1.821202416457535,375.42800000000005,;;;;
RLHF_0199,Pasan Boltz,CAN_f0ae5210a694b6eb,MOL_546ed3e485beb61c,O=C(NCC(=O)n1ccccc1=O)c1ccc2ccccc2c1O,O=C(CNC(=O)C1=CC=C2C=CC=CC2=C1O)N3C=CC=CC3=O,NCS1_H10,-7.631,True,True,True,0.769117266423162,1.7773,2.2648760166597004,322.32000000000005,,,,,,,,True,True,-7.631,-9.064857581290562,2.0,4.0,3.0,88.4,3.0,24.0,0.2414101,0.079548314,True,,,0.6044868018230266,1.0,CAN_8593edcd20c8b9e2,MOL_546ed3e485beb61c,CAN_f0ae5210a694b6eb,MOL_546ed3e485beb61c,ncs1_h_10.csv,/content/ncs1_h_10.csv,reward_results_6.csv,3.0,final_results.csv; ncs1_h_10.csv,ncs1_h10; ncs1_leu89,ncs1_h10/final_results.csv; ncs1_h10/ncs1_h_10.csv; ncs1_leu89/ncs1_h_10.csv,ncs1_h10; ncs1_leu89,passed_boltz_protocol; intermediate,O=C(NCC(=O)n1ccccc1=O)c1ccc2ccccc2c1O,0.769117266423162,1.7773,2.2648760166597004,322.32000000000005,;;;;
RLHF_0200,Pasan Boltz,CAN_0cc15b62948ee335,MOL_8c9f8d84a8ae7c18,Cc1cn(-c2ccc(CNC(=O)c3cc4ccccc4oc3=O)cc2C)cn1,CC1=CC(CNC(=O)C2=CC3=CC=CC=C3OC2=O)=CC=C1N4C=NC(C)=C4,NCS1_H10,-7.484,True,True,True,0.5553629826509024,3.525540000000002,2.309072544662662,373.4120000000001,0.29202800989151,,,,,6.04418982565403,,True,True,-7.484,-10.651570909222771,1.0,4.0,4.0,77.13000000000001,4.0,28.0,0.2685138,0.06668202,True,,-0.0441898256540298,0.4657859702875709,1.0,CAN_506a85cf060df030,MOL_8c9f8d84a8ae7c18,CAN_0cc15b62948ee335,MOL_8c9f8d84a8ae7c18,ncs1_h_10.csv,/content/ncs1_h_10.csv,reward_results_16.csv,3.0,final_results.csv; ncs1_h_10.csv,ncs1_h10; ncs1_leu89,ncs1_h10/final_results.csv; ncs1_h10/ncs1_h_10.csv; ncs1_leu89/ncs1_h_10.csv,ncs1_h10; ncs1_leu89,passed_boltz_protocol; intermediate,Cc1cn(-c2ccc(CNC(=O)c3cc4ccccc4oc3=O)cc2C)cn1,0.5553629826509024,3.525540000000002,2.309072544662662,373.4120000000001,;;;;
RLHF_0201,Pasan Boltz,CAN_80fba6dfda0ebc54,MOL_669f446aa4eac9bd,CCCCCc1nc2ccccc2n1CC(=O)Nc1ccccc1C(=O)N1CCOCC1,CCCCCC1=NC2=CC=CC=C2N1CC(=O)NC3=CC=CC=C3C(=O)N4CCOCC4,NCS1_H10,-7.462,True,True,True,0.5460885472162852,3.8801000000000014,2.148824769691222,434.5400000000003,,,,,,,,True,True,-7.462,-7.345,1.0,4.0,8.0,76.46000000000001,4.0,32.0,0.19661228,0.07715106,True,,,0.363478421114157,1.0,CAN_9b5d5f87cd65e4ee,MOL_669f446aa4eac9bd,CAN_80fba6dfda0ebc54,MOL_669f446aa4eac9bd,ncs1_h_10.csv,/content/ncs1_h_10.csv,reward_results_22.csv,3.0,final_results.csv; ncs1_h_10.csv,ncs1_h10; ncs1_leu89,ncs1_h10/final_results.csv; ncs1_h10/ncs1_h_10.csv; ncs1_leu89/ncs1_h_10.csv,ncs1_h10; ncs1_leu89,passed_boltz_protocol; intermediate,CCCCCc1nc2ccccc2n1CC(=O)Nc1ccccc1C(=O)N1CCOCC1,0.5460885472162852,3.8801000000000014,2.148824769691222,434.5400000000003,;;;;
RLHF_0202,Pasan Boltz,CAN_1d7e2e50ca25406c,MOL_b0501581a72452ec,CC[C@H](C(=O)O)n1nc2ccccc2c1C(=O)Nc1ccccc1,CC[C@H1](C(O)=O)N1N=C2C=CC=CC2=C1C(=O)NC3=CC=CC=C3,NCS1_H10,-7.448,True,True,True,0.7541144238825284,3.324300000000002,2.6905910785292875,323.35200000000003,,,,,,,,True,True,-7.448,-7.299,2.0,3.0,5.0,84.22,3.0,24.0,0.26079485,0.09093392,True,,,0.5089760397306237,1.0,CAN_dd0d0f4cdbb63f9e,MOL_b0501581a72452ec,CAN_1d7e2e50ca25406c,MOL_b0501581a72452ec,ncs1_h_10.csv,/content/ncs1_h_10.csv,reward_results_15.csv,3.0,final_results.csv; ncs1_h_10.csv,ncs1_h10; ncs1_leu89,ncs1_h10/final_results.csv; ncs1_h10/ncs1_h_10.csv; ncs1_leu89/ncs1_h_10.csv,ncs1_h10; ncs1_leu89,passed_boltz_protocol; intermediate,CC[C@H](C(=O)O)n1nc2ccccc2c1C(=O)Nc1ccccc1,0.7541144238825284,3.324300000000002,2.6905910785292875,323.35200000000003,;;;;
RLHF_0203,Pasan Boltz,CAN_31181847ce9183a9,MOL_55eb48995d84ea9d,CN1C(=S)N(Cc2ccco2)C(=O)[C@@]1(C)CNc1ccccc1F,CN1[C@](C)(CNC2=CC=CC=C2F)C(=O)N(CC3=CC=CO3)C1=S,NCS1_H10,-7.445,True,True,True,0.843096492859591,2.8484000000000007,3.28390740188986,347.415,,,,,,,,True,True,-7.445,-9.704307750188484,1.0,4.0,5.0,48.720000000000006,3.0,24.0,0.16851121,0.064478196,True,,,0.612477610313681,1.0,CAN_eccf20d3b2759a8b,MOL_55eb48995d84ea9d,CAN_31181847ce9183a9,MOL_55eb48995d84ea9d,ncs1_h_10.csv,/content/ncs1_h_10.csv,reward_results_12.csv,3.0,final_results.csv; ncs1_h_10.csv,ncs1_h10; ncs1_leu89,ncs1_h10/final_results.csv; ncs1_h10/ncs1_h_10.csv; ncs1_leu89/ncs1_h_10.csv,ncs1_h10; ncs1_leu89,passed_boltz_protocol; intermediate,CN1C(=S)N(Cc2ccco2)C(=O)[C@@]1(C)CNc1ccccc1F,0.843096492859591,2.8484000000000007,3.28390740188986,347.415,;;;;
RLHF_0204,Pasan Boltz,CAN_1c4360fc9673084a,MOL_aaac51c5c9100bdd,CC(C)=CCn1c(=O)[nH]c2cc(CNC(=O)c3cc(C)cc(C)c3)ccc21,CC(C)=CCN1C2=CC=C(CNC(=O)C3=CC(C)=CC(C)=C3)C=C2NC1=O,NCS1_H10,-7.421,True,True,True,0.6764391216682664,3.842640000000002,2.404586884914945,363.46100000000007,,,,,,,,True,True,-7.421,-7.476,2.0,2.0,5.0,66.89,3.0,27.0,0.13800718,0.049424578,True,,,0.361367275300013,1.0,CAN_5969e6438865d23c,MOL_aaac51c5c9100bdd,CAN_1c4360fc9673084a,MOL_aaac51c5c9100bdd,ncs1_h_10.csv,/content/ncs1_h_10.csv,reward_results_7.csv,3.0,final_results.csv; ncs1_h_10.csv,ncs1_h10; ncs1_leu89,ncs1_h10/final_results.csv; ncs1_h10/ncs1_h_10.csv; ncs1_leu89/ncs1_h_10.csv,ncs1_h10; ncs1_leu89,passed_boltz_protocol; intermediate,CC(C)=CCn1c(=O)[nH]c2cc(CNC(=O)c3cc(C)cc(C)c3)ccc21,0.6764391216682664,3.842640000000002,2.404586884914945,363.46100000000007,;;;;
RLHF_0205,Pasan Boltz,CAN_a17c8deddafbc429,MOL_5babb7cbff3ec9a3,O=C1CCC[C@H](CNC(=O)c2ccc3ccccc3c2)N1,O=C(NC[C@H1]1CCCC(=O)N1)C2=CC=C3C=CC=CC3=C2,NCS1_H10,-7.408,True,True,True,0.9067448384944348,2.2383,2.471989818715969,282.3430000000001,0.1659934222698211,,,,,4.999410271644592,,True,True,-7.408,-10.28629358718361,2.0,2.0,3.0,58.2,3.0,21.0,0.13677916,0.057834473,True,,1.0005897283554075,0.6063140313201846,1.0,CAN_60ed3439f1d6123d,MOL_5babb7cbff3ec9a3,CAN_a17c8deddafbc429,MOL_5babb7cbff3ec9a3,ncs1_h_10.csv,/content/ncs1_h_10.csv,reward_results_8.csv,3.0,final_results.csv; ncs1_h_10.csv,ncs1_h10; ncs1_leu89,ncs1_h10/final_results.csv; ncs1_h10/ncs1_h_10.csv; ncs1_leu89/ncs1_h_10.csv,ncs1_h10; ncs1_leu89,passed_boltz_protocol; intermediate,O=C1CCC[C@H](CNC(=O)c2ccc3ccccc3c2)N1,0.9067448384944348,2.2383,2.471989818715969,282.3430000000001,;;;;
RLHF_0206,Pasan Boltz,CAN_7c1baddfed0eff0c,MOL_06bec40bc431edec,CC1NC(=O)c2ccccc2N1CC(=O)Nc1ccccc1,CC1[NH1]C(=O)C2=CC=CC=C2N1CC(=O)NC3=CC=CC=C3,NCS1_H10,-7.402,True,True,True,0.9124762505176984,2.2211,2.5530044500841367,295.342,,,,,,,,True,True,-7.402,-10.063728445411115,2.0,3.0,3.0,61.440000000000005,3.0,22.0,0.18389173,0.059080068,True,,,0.601429363063048,1.0,CAN_c40be4a5d652b96f,MOL_06bec40bc431edec,CAN_7c1baddfed0eff0c,MOL_06bec40bc431edec,ncs1_h_10.csv,/content/ncs1_h_10.csv,reward_results_24.csv,3.0,final_results.csv; ncs1_h_10.csv,ncs1_h10; ncs1_leu89,ncs1_h10/final_results.csv; ncs1_h10/ncs1_h_10.csv; ncs1_leu89/ncs1_h_10.csv,ncs1_h10; ncs1_leu89,passed_boltz_protocol; intermediate,CC1NC(=O)c2ccccc2N1CC(=O)Nc1ccccc1,0.9124762505176984,2.2211,2.5530044500841367,295.342,;;;;
RLHF_0207,Pasan Boltz,CAN_2faa9251f8d97843,MOL_cf93d3c472e45015,CCc1nn(C)cc1C1Cc2ccccc2N1CC(=O)Nc1ccccc1C#N,CCC1=NN(C)C=C1C2CC3=CC=CC=C3N2CC(=O)NC4=CC=CC=C4C#N,NCS1_H10,-7.396,True,True,True,0.7282680985772784,3.596680000000002,3.0930799479549496,385.47100000000006,,,,,,,,True,True,-7.396,-10.208408208981943,1.0,4.0,5.0,73.95,4.0,29.0,0.19538012,0.061614502,True,,,0.4166686669113499,1.0,CAN_2f40bf8039062536,MOL_cf93d3c472e45015,CAN_2faa9251f8d97843,MOL_cf93d3c472e45015,ncs1_h_10.csv,/content/ncs1_h_10.csv,reward_results_22.csv,3.0,final_results.csv; ncs1_h_10.csv,ncs1_h10; ncs1_leu89,ncs1_h10/final_results.csv; ncs1_h10/ncs1_h_10.csv; ncs1_leu89/ncs1_h_10.csv,ncs1_h10; ncs1_leu89,passed_boltz_protocol; intermediate,CCc1nn(C)cc1C1Cc2ccccc2N1CC(=O)Nc1ccccc1C#N,0.7282680985772784,3.596680000000002,3.0930799479549496,385.47100000000006,;;;;
RLHF_0208,Pasan Boltz,CAN_23b6185e2e79ad9d,MOL_da16bd460fa416f7,CNC=C1CC=NN1C(=O)c1ccc(Cn2ccccccc3ccccc3c2=O)nc1C,CNC=C(N1C(=O)C2=CC=C(CN3C(=O)C4=CC=CC=C4C=CC=CC=C3)N=C2C)CC=N1,NCS1_H10,-7.384,True,True,True,0.6712046340018701,3.770120000000003,3.5280877600421743,439.5190000000001,0.4870320558547973,,,,3.109385806410728,6.384355545043945,,True,True,-7.384,-10.720194987253096,1.0,5.0,4.0,79.59,4.0,33.0,0.13863136,0.03692959,True,,-0.3843555450439453,0.3683435129840977,1.0,CAN_f11abb926e72f528,MOL_da16bd460fa416f7,CAN_23b6185e2e79ad9d,MOL_da16bd460fa416f7,ncs1_h_10.csv,/content/ncs1_h_10.csv,reward_results_13.csv,3.0,final_results.csv; ncs1_h_10.csv,ncs1_h10; ncs1_leu89,ncs1_h10/final_results.csv; ncs1_h10/ncs1_h_10.csv; ncs1_leu89/ncs1_h_10.csv,ncs1_h10; ncs1_leu89,passed_boltz_protocol; intermediate,CNC=C1CC=NN1C(=O)c1ccc(Cn2ccccccc3ccccc3c2=O)nc1C,0.6712046340018701,3.770120000000003,3.5280877600421743,439.5190000000001,;;;;
RLHF_0209,Pasan Boltz,CAN_e21e8c98235e200e,MOL_756e693e443e1df6,C=C[C@H](C)n1cnnc1-c1ccccc1NC(=O)c1ccccc1,C=C[C@H1](C)N1C=NN=C1C2=CC=CC=C2NC(=O)C3=CC=CC=C3,NCS1_H10,-7.37,True,True,True,0.7247612434611643,3.9444000000000026,2.8090596207287746,318.38000000000005,,,,,,,,True,True,-7.37,-9.897157376331968,1.0,3.0,5.0,59.81,3.0,24.0,0.3928349,0.121896505,True,,,0.3236313395305906,1.0,CAN_9613e01213c6377a,MOL_756e693e443e1df6,CAN_e21e8c98235e200e,MOL_756e693e443e1df6,ncs1_h_10.csv,/content/ncs1_h_10.csv,reward_results_14.csv,3.0,final_results.csv; ncs1_h_10.csv,ncs1_h10; ncs1_leu89,ncs1_h10/final_results.csv; ncs1_h10/ncs1_h_10.csv; ncs1_leu89/ncs1_h_10.csv,ncs1_h10; ncs1_leu89,passed_boltz_protocol; intermediate,C=C[C@H](C)n1cnnc1-c1ccccc1NC(=O)c1ccccc1,0.7247612434611643,3.9444000000000026,2.8090596207287746,318.38000000000005,;;;;
RLHF_0210,Pasan Boltz,CAN_e170259b21ef02ac,MOL_98237b6899ce959c,O=C(NC1CCCc2ccccc21)c1ccccc1,O=C(NC1CCCC2=CC=CC=C12)C3=CC=CC=C3,NCS1_H10,-7.359,True,True,True,0.8693194608612319,3.4940000000000024,2.05292371774058,251.32900000000004,,,,,,,,True,True,-7.359,-9.442175251132683,1.0,1.0,2.0,29.1,3.0,19.0,0.12899639,0.039214157,True,,,0.4305129575839854,1.0,CAN_5eea8750fd64e25f,MOL_98237b6899ce959c,CAN_e170259b21ef02ac,MOL_98237b6899ce959c,ncs1_h_10.csv,/content/ncs1_h_10.csv,reward_results_13.csv,3.0,final_results.csv; ncs1_h_10.csv,ncs1_h10; ncs1_leu89,ncs1_h10/final_results.csv; ncs1_h10/ncs1_h_10.csv; ncs1_leu89/ncs1_h_10.csv,ncs1_h10; ncs1_leu89,passed_boltz_protocol; intermediate,O=C(NC1CCCc2ccccc21)c1ccccc1,0.8693194608612319,3.4940000000000024,2.05292371774058,251.32900000000004,;;;;
RLHF_0211,Pasan Boltz,CAN_3abb10e2a7935936,MOL_b39c369a38cf415f,O=C(c1nc(-c2ccccc2)no1)C(O)c1ccccc1,O=C(C1=NC(=NO1)C2=CC=CC=C2)C(O)C3=CC=CC=C3,NCS1_H10,-7.351,True,True,True,0.7433866622285719,2.6529000000000007,2.505515669913949,280.283,,,,,,,,True,True,-7.351,-9.169162442476637,1.0,5.0,4.0,76.22,3.0,21.0,0.151917,0.05609988,True,,,0.5876550256205458,1.0,CAN_16e669a108ab8305,MOL_b39c369a38cf415f,CAN_3abb10e2a7935936,MOL_b39c369a38cf415f,ncs1_h_10.csv,/content/ncs1_h_10.csv,reward_results_16.csv,3.0,final_results.csv; ncs1_h_10.csv,ncs1_h10; ncs1_leu89,ncs1_h10/final_results.csv; ncs1_h10/ncs1_h_10.csv; ncs1_leu89/ncs1_h_10.csv,ncs1_h10; ncs1_leu89,passed_boltz_protocol; intermediate,O=C(c1nc(-c2ccccc2)no1)C(O)c1ccccc1,0.7433866622285719,2.6529000000000007,2.505515669913949,280.283,;;;;
RLHF_0212,Pasan Boltz,CAN_312f46388cb80584,MOL_d2f1b3559e3f1def,Cc1ccc(C)c(NC(=O)c2ccccc2Cn2cncn2)c1C,CC1=CC=C(C)C(NC(=O)C2=CC=CC=C2CN3C=NC=N3)=C1C,NCS1_H10,-7.303,True,True,True,0.8001001102768115,3.503960000000001,2.156397509872372,320.3960000000001,,,,,,,,True,True,-7.303,-9.559792245350748,1.0,3.0,4.0,59.81,3.0,24.0,0.23053208,0.06481143,True,,,0.4072501223072244,1.0,CAN_c139bb739af93aaf,MOL_d2f1b3559e3f1def,CAN_312f46388cb80584,MOL_d2f1b3559e3f1def,ncs1_h_10.csv,/content/ncs1_h_10.csv,reward_results_17.csv,3.0,final_results.csv; ncs1_h_10.csv,ncs1_h10; ncs1_leu89,ncs1_h10/final_results.csv; ncs1_h10/ncs1_h_10.csv; ncs1_leu89/ncs1_h_10.csv,ncs1_h10; ncs1_leu89,passed_boltz_protocol; intermediate,Cc1ccc(C)c(NC(=O)c2ccccc2Cn2cncn2)c1C,0.8001001102768115,3.503960000000001,2.156397509872372,320.3960000000001,;;;;
RLHF_0213,Pasan Boltz,CAN_b739ce14ec0fc4e9,MOL_057b18ae25c3e068,C[NH2+][C@H](c1ccccc1NC=O)c1ccccc1-c1ccccc1,C[NH2+1][C@@H1](C1=CC=CC=C1C2=CC=CC=C2)C3=CC=CC=C3NC=O,NCS1_H10,-7.299,True,True,True,0.6738561038115998,3.204500000000001,3.1559971935906965,317.41200000000003,,,,,,,,True,True,-7.299,-9.642515612151511,2.0,1.0,6.0,45.71,3.0,24.0,0.45963317,0.14170502,True,,,0.4769160062188811,1.0,CAN_c5f109940f16a3a6,MOL_057b18ae25c3e068,CAN_b739ce14ec0fc4e9,MOL_057b18ae25c3e068,ncs1_h_10.csv,/content/ncs1_h_10.csv,reward_results_14.csv,3.0,final_results.csv; ncs1_h_10.csv,ncs1_h10; ncs1_leu89,ncs1_h10/final_results.csv; ncs1_h10/ncs1_h_10.csv; ncs1_leu89/ncs1_h_10.csv,ncs1_h10; ncs1_leu89,passed_boltz_protocol; intermediate,C[NH2+][C@H](c1ccccc1NC=O)c1ccccc1-c1ccccc1,0.6738561038115998,3.204500000000001,3.1559971935906965,317.41200000000003,;;;;
RLHF_0214,Pasan Boltz,CAN_f7436e792a925eed,MOL_e62b75524487c874,CCCCNC(=O)c1ccccc1N1C(=O)c2ccccc2C1=O,CCCCNC(=O)C1=CC=CC=C1N2C(=O)C3=CC=CC=C3C2=O,NCS1_H10,-7.254,True,True,True,0.6795236213455539,3.017100000000002,1.841511537021692,322.36400000000003,0.1675519943237304,,,,,4.642786741256714,,True,True,-7.254,-10.371712321373613,1.0,3.0,5.0,66.48,3.0,24.0,0.28726053,0.104223244,True,,1.357213258743286,0.4936035630868602,1.0,CAN_4241bd96ba6f5398,MOL_e62b75524487c874,CAN_f7436e792a925eed,MOL_e62b75524487c874,ncs1_h_10.csv,/content/ncs1_h_10.csv,reward_results_9.csv,3.0,final_results.csv; ncs1_h_10.csv,ncs1_h10; ncs1_leu89,ncs1_h10/final_results.csv; ncs1_h10/ncs1_h_10.csv; ncs1_leu89/ncs1_h_10.csv,ncs1_h10; ncs1_leu89,passed_boltz_protocol; intermediate,CCCCNC(=O)c1ccccc1N1C(=O)c2ccccc2C1=O,0.6795236213455539,3.017100000000002,1.841511537021692,322.36400000000003,;;;;
RLHF_0215,Pasan Boltz,CAN_3a113bb8bed3f6b8,MOL_1cfc1abdd06bf6fd,CC(C)C(=O)Nc1ccc(Cl)cc1C(=O)NC1CCCCC1,CC(C)C(=O)NC1=CC=C(Cl)C=C1C(=O)NC2CCCCC2,NCS1_H10,-7.161,True,True,True,0.8799653110481859,3.9970000000000026,1.866838615698737,322.8360000000002,,,,,,,,True,True,-7.161,-9.725938081464315,2.0,2.0,4.0,58.2,2.0,22.0,0.28379422,0.092907965,True,,,0.2553585885306918,1.0,CAN_2c05ab5172ad7b98,MOL_1cfc1abdd06bf6fd,CAN_3a113bb8bed3f6b8,MOL_1cfc1abdd06bf6fd,ncs1_h_10.csv,/content/ncs1_h_10.csv,reward_results_11.csv,3.0,final_results.csv; ncs1_h_10.csv,ncs1_h10; ncs1_leu89,ncs1_h10/final_results.csv; ncs1_h10/ncs1_h_10.csv; ncs1_leu89/ncs1_h_10.csv,ncs1_h10; ncs1_leu89,passed_boltz_protocol; intermediate,CC(C)C(=O)Nc1ccc(Cl)cc1C(=O)NC1CCCCC1,0.8799653110481859,3.9970000000000026,1.866838615698737,322.8360000000002,;;;;
RLHF_0216,Pasan Boltz,CAN_7de2dca419901bed,MOL_f582f9cd9f5d015b,Cn1ccnc1CNC(=O)Nc1ccccc1C(=O)n1ccccc1=O,CN1C=CN=C1CNC(=O)NC2=CC=CC=C2C(=O)N3C=CC=CC3=O,NCS1_H10,-7.146,True,True,True,0.7457120917409101,1.592,2.390146745180917,351.3660000000001,,,,,,,,True,True,-7.146,-9.656386291928357,2.0,4.0,4.0,98.02,3.0,26.0,0.26538473,0.06544951,True,,,0.3674178793325232,1.0,CAN_d10d32c420d50a0f,MOL_f582f9cd9f5d015b,CAN_7de2dca419901bed,MOL_f582f9cd9f5d015b,ncs1_h_10.csv,/content/ncs1_h_10.csv,reward_results_12.csv,3.0,final_results.csv; ncs1_h_10.csv,ncs1_h10; ncs1_leu89,ncs1_h10/final_results.csv; ncs1_h10/ncs1_h_10.csv; ncs1_leu89/ncs1_h_10.csv,ncs1_h10; ncs1_leu89,passed_boltz_protocol; intermediate,Cn1ccnc1CNC(=O)Nc1ccccc1C(=O)n1ccccc1=O,0.7457120917409101,1.592,2.390146745180917,351.3660000000001,;;;;
RLHF_0217,Pasan Boltz,CAN_d410be03717a48bd,MOL_1a3ffc67ab24828a,CCc1nn(CC(=O)NCc2ccccc2F)c(=O)c2ccccc12,CCC1=NN(CC(=O)NCC2=CC=CC=C2F)C(=O)C3=CC=CC=C13,NCS1_H10,-7.136,True,True,True,0.7763409522244282,2.4144000000000005,2.0309948981484727,339.37000000000006,,,,,,,,True,True,-7.136,-7.442,1.0,3.0,5.0,63.99,3.0,25.0,0.056364167,0.02127829,True,,,0.4776426599582422,1.0,CAN_ccb7e27c9b4d2f33,MOL_1a3ffc67ab24828a,CAN_d410be03717a48bd,MOL_1a3ffc67ab24828a,ncs1_h_10.csv,/content/ncs1_h_10.csv,reward_results_28.csv,3.0,final_results.csv; ncs1_h_10.csv,ncs1_h10; ncs1_leu89,ncs1_h10/final_results.csv; ncs1_h10/ncs1_h_10.csv; ncs1_leu89/ncs1_h_10.csv,ncs1_h10; ncs1_leu89,passed_boltz_protocol; intermediate,CCc1nn(CC(=O)NCc2ccccc2F)c(=O)c2ccccc12,0.7763409522244282,2.4144000000000005,2.0309948981484727,339.37000000000006,;;;;
RLHF_0218,Pasan Boltz,CAN_335bf77ac3c78880,MOL_3aec3b1efbc4e38c,O=C(NN1C(=O)c2ccccc2C1=O)OCc1ccc(F)cc1F,O=C(OCC1=CC=C(F)C=C1F)NN2C(=O)C3=CC=CC=C3C2=O,NCS1_H10,-7.135,True,True,True,0.8759516047334365,2.402200000000001,2.235240840729398,332.26200000000006,,,,,,,,True,True,-7.135,-9.735173454729168,1.0,4.0,3.0,75.71000000000001,3.0,24.0,0.2159607,0.084825106,True,,,0.4767250094109882,1.0,CAN_27ea90601388813c,MOL_3aec3b1efbc4e38c,CAN_335bf77ac3c78880,MOL_3aec3b1efbc4e38c,ncs1_h_10.csv,/content/ncs1_h_10.csv,reward_results_27.csv,3.0,final_results.csv; ncs1_h_10.csv,ncs1_h10; ncs1_leu89,ncs1_h10/final_results.csv; ncs1_h10/ncs1_h_10.csv; ncs1_leu89/ncs1_h_10.csv,ncs1_h10; ncs1_leu89,passed_boltz_protocol; intermediate,O=C(NN1C(=O)c2ccccc2C1=O)OCc1ccc(F)cc1F,0.8759516047334365,2.402200000000001,2.235240840729398,332.26200000000006,;;;;
RLHF_0219,Pasan Boltz,CAN_0d0a75451c31002f,MOL_0b60339b9c561a2d,COCc1cc(C)nc(NNC(=O)c2ccccc2C(=O)N2CCCC2)n1,COCC1=CC(C)=NC(NNC(=O)C2=CC=CC=C2C(=O)N3CCCC3)=N1,NCS1_H10,-7.114,True,True,True,0.7554734927388199,1.92432,2.334125162637223,369.4250000000002,,,,,,,,True,True,-7.114,-10.10808888027875,2.0,6.0,6.0,96.45,3.0,27.0,0.19086474,0.052451223,True,,,0.4161066225686943,1.0,CAN_e77fcbeecd36c36a,MOL_0b60339b9c561a2d,CAN_0d0a75451c31002f,MOL_0b60339b9c561a2d,ncs1_h_10.csv,/content/ncs1_h_10.csv,reward_results_12.csv,3.0,final_results.csv; ncs1_h_10.csv,ncs1_h10; ncs1_leu89,ncs1_h10/final_results.csv; ncs1_h10/ncs1_h_10.csv; ncs1_leu89/ncs1_h_10.csv,ncs1_h10; ncs1_leu89,passed_boltz_protocol; intermediate,COCc1cc(C)nc(NNC(=O)c2ccccc2C(=O)N2CCCC2)n1,0.7554734927388199,1.92432,2.334125162637223,369.4250000000002,;;;;
RLHF_0220,Pasan Boltz,CAN_493d03fb302dc418,MOL_0d444aebc831fb4e,C[C@@H]1CC[C@@H](NC(=O)CCC(=O)O)CN1C(=O)c1cccc(Oc2ccccc2)c1,C[C@@H1]1CC[C@H1](CN1C(=O)C2=CC=CC(OC3=CC=CC=C3)=C2)NC(=O)CCC(O)=O,NCS1_H10,-7.092,True,True,True,0.7288547430291443,3.453000000000001,2.844584548322881,410.4700000000002,,,,,,,,True,True,-7.092,-10.229758071389956,2.0,4.0,7.0,95.94,3.0,30.0,0.13387029,0.050103176,True,,,0.3365393544840422,1.0,CAN_2427f7b57f3fd6e2,MOL_0d444aebc831fb4e,CAN_493d03fb302dc418,MOL_0d444aebc831fb4e,ncs1_h_10.csv,/content/ncs1_h_10.csv,reward_results_18.csv,3.0,final_results.csv; ncs1_h_10.csv,ncs1_h10; ncs1_leu89,ncs1_h10/final_results.csv; ncs1_h10/ncs1_h_10.csv; ncs1_leu89/ncs1_h_10.csv,ncs1_h10; ncs1_leu89,passed_boltz_protocol; intermediate,C[C@@H]1CC[C@@H](NC(=O)CCC(=O)O)CN1C(=O)c1cccc(Oc2ccccc2)c1,0.7288547430291443,3.453000000000001,2.844584548322881,410.4700000000002,;;;;
RLHF_0221,Pasan Boltz,CAN_42de48672ba452bb,MOL_929a857f3837b910,C[C@H]1CCCC[C@@H]1N1C(=O)c2ccccc2C1=O,C[C@H1]1CCCC[C@@H1]1N2C(=O)C3=CC=CC=C3C2=O,NCS1_H10,-7.076,True,True,True,0.7111492767343887,2.8613000000000017,2.656414086372985,243.306,,,,,,,,True,True,-7.076,-9.97216753262884,0.0,2.0,1.0,37.38,3.0,18.0,0.20509374,0.07054397,True,,,0.4264654104734267,1.0,CAN_0af9c8e21fae886f,MOL_929a857f3837b910,CAN_42de48672ba452bb,MOL_929a857f3837b910,ncs1_h_10.csv,/content/ncs1_h_10.csv,reward_results_17.csv,3.0,final_results.csv; ncs1_h_10.csv,ncs1_h10; ncs1_leu89,ncs1_h10/final_results.csv; ncs1_h10/ncs1_h_10.csv; ncs1_leu89/ncs1_h_10.csv,ncs1_h10; ncs1_leu89,passed_boltz_protocol; intermediate,C[C@H]1CCCC[C@@H]1N1C(=O)c2ccccc2C1=O,0.7111492767343887,2.8613000000000017,2.656414086372985,243.306,;;;;
RLHF_0222,Pasan Boltz,CAN_0b4cee8fceb7dca1,MOL_9d1ea7e82226b036,CN(CC(F)F)C(=O)c1ccccc1N1C(=O)c2ccccc2C1=O,CN(CC(F)F)C(=O)C1=CC=CC=C1N2C(=O)C3=CC=CC=C3C2=O,NCS1_H10,-7.074,True,True,True,0.8016397504986433,2.824300000000001,2.2423702997217934,344.31700000000006,,,,,,,,True,True,-7.074,-10.108548267140248,0.0,3.0,4.0,57.690000000000005,3.0,25.0,0.22874133,0.09592988,True,,,0.4292464233865551,1.0,CAN_0d0f6cf73c944c9d,MOL_9d1ea7e82226b036,CAN_0b4cee8fceb7dca1,MOL_9d1ea7e82226b036,ncs1_h_10.csv,/content/ncs1_h_10.csv,reward_results_29.csv,3.0,final_results.csv; ncs1_h_10.csv,ncs1_h10; ncs1_leu89,ncs1_h10/final_results.csv; ncs1_h10/ncs1_h_10.csv; ncs1_leu89/ncs1_h_10.csv,ncs1_h10; ncs1_leu89,passed_boltz_protocol; intermediate,CN(CC(F)F)C(=O)c1ccccc1N1C(=O)c2ccccc2C1=O,0.8016397504986433,2.824300000000001,2.242370299721794,344.31700000000006,;;;;
RLHF_0223,Pasan Boltz,CAN_aff59587cb9d01d8,MOL_7b6457649f7bd65c,NC(=O)COc1ccc(-c2ccccc2)cc1CCc1ccc(O)c(O)c1,NC(=O)COC1=CC=C(C=C1CCC2=CC=C(O)C(O)=C2)C3=CC=CC=C3,NCS1_H10,-7.071,True,True,True,0.560927115911226,3.414100000000003,2.06476712067918,363.413,,,,,,,,True,True,-7.071,-9.88940145015771,3.0,4.0,7.0,92.78000000000002,3.0,27.0,0.32680148,0.13718268,True,,,0.3356508423696411,1.0,CAN_b8ca3e91c7669950,MOL_7b6457649f7bd65c,CAN_aff59587cb9d01d8,MOL_7b6457649f7bd65c,ncs1_h_10.csv,/content/ncs1_h_10.csv,reward_results_5.csv,3.0,final_results.csv; ncs1_h_10.csv,ncs1_h10; ncs1_leu89,ncs1_h10/final_results.csv; ncs1_h10/ncs1_h_10.csv; ncs1_leu89/ncs1_h_10.csv,ncs1_h10; ncs1_leu89,passed_boltz_protocol; intermediate,NC(=O)COc1ccc(-c2ccccc2)cc1CCc1ccc(O)c(O)c1,0.560927115911226,3.414100000000003,2.06476712067918,363.413,;;;;
RLHF_0224,Pasan Boltz,CAN_9480808dab86f155,MOL_c78d2018b7980ba3,CCc1ccc(CNC(=O)c2ccc(Cl)cc2-n2cnnn2)o1,CCC1=CC=C(CNC(=O)C2=CC=C(Cl)C=C2N3C=NN=N3)O1,NCS1_H10,-7.065,True,True,True,0.7754991091672659,2.4011,2.414097115631177,331.76300000000003,,,,,,,,True,True,-7.065,-10.198046277232498,1.0,5.0,5.0,85.84,3.0,23.0,0.20714422,0.048248406,True,,,0.4391885320812423,1.0,CAN_c57f18bb41863145,MOL_c78d2018b7980ba3,CAN_9480808dab86f155,MOL_c78d2018b7980ba3,ncs1_h_10.csv,/content/ncs1_h_10.csv,reward_results_16.csv,3.0,final_results.csv; ncs1_h_10.csv,ncs1_h10; ncs1_leu89,ncs1_h10/final_results.csv; ncs1_h10/ncs1_h_10.csv; ncs1_leu89/ncs1_h_10.csv,ncs1_h10; ncs1_leu89,passed_boltz_protocol; intermediate,CCc1ccc(CNC(=O)c2ccc(Cl)cc2-n2cnnn2)o1,0.7754991091672659,2.4011,2.414097115631177,331.76300000000003,;;;;
RLHF_0225,Pasan Boltz,CAN_4975f3ccd2554042,MOL_a4c2233bb49c3c30,CC(C)(C)n1cnc2cc(-c3ccccc3)cnc21,CC(C)(C)N1C=NC2=CC(=CN=C12)C3=CC=CC=C3,NCS1_H10,-7.047,True,True,True,0.6573105018666257,3.8533000000000026,2.307646379421953,251.33300000000003,,,,,,,,True,True,-7.047,-8.83403176124383,0.0,2.0,1.0,30.71,3.0,19.0,0.38049826,0.12936236,True,,,0.2464115289583318,1.0,CAN_928d616108a49c33,MOL_a4c2233bb49c3c30,CAN_4975f3ccd2554042,MOL_a4c2233bb49c3c30,ncs1_h_10.csv,/content/ncs1_h_10.csv,reward_results_10.csv,3.0,final_results.csv; ncs1_h_10.csv,ncs1_h10; ncs1_leu89,ncs1_h10/final_results.csv; ncs1_h10/ncs1_h_10.csv; ncs1_leu89/ncs1_h_10.csv,ncs1_h10; ncs1_leu89,passed_boltz_protocol; intermediate,CC(C)(C)n1cnc2cc(-c3ccccc3)cnc21,0.6573105018666257,3.8533000000000026,2.307646379421953,251.33300000000003,;;;;
RLHF_0226,Pasan Boltz,CAN_eb124ae277870078,MOL_810ab85d3fc5c879,CC1NC(NC(=O)c2ccccc2OCC(=O)NCCC#N)=NC1c1ccccc1,CC1NC(NC(=O)C2=CC=CC=C2OCC(=O)NCCC#N)=NC1C3=CC=CC=C3,NCS1_H10,-7.032,True,True,True,0.608836548467635,1.91408,3.3087267181639834,405.45800000000014,,,,,,,,True,True,-7.032,-10.044740891737865,3.0,6.0,7.0,115.61,3.0,30.0,0.103128485,0.042986393,True,,,0.3754288469026713,1.0,CAN_48a606b2027efd5f,MOL_810ab85d3fc5c879,CAN_eb124ae277870078,MOL_810ab85d3fc5c879,ncs1_h_10.csv,/content/ncs1_h_10.csv,reward_results_21.csv,3.0,final_results.csv; ncs1_h_10.csv,ncs1_h10; ncs1_leu89,ncs1_h10/final_results.csv; ncs1_h10/ncs1_h_10.csv; ncs1_leu89/ncs1_h_10.csv,ncs1_h10; ncs1_leu89,passed_boltz_protocol; intermediate,CC1NC(NC(=O)c2ccccc2OCC(=O)NCCC#N)=NC1c1ccccc1,0.608836548467635,1.91408,3.308726718163983,405.45800000000014,;;;;
RLHF_0227,Pasan Boltz,CAN_a4acaa156253553c,MOL_cf1da39c24860501,CC[C@@H](CCN)NC(=O)c1ccccc1N1C(=O)c2ccccc2C1=O,CC[C@@H1](CCN)NC(=O)C1=CC=CC=C1N2C(=O)C3=CC=CC=C3C2=O,NCS1_H10,-7.019,True,True,True,0.7814754891391262,2.3444000000000003,2.592477765862471,351.4060000000001,0.12092225253582,,,,,4.433940172195435,,True,True,-7.019,-10.469035804105086,2.0,4.0,6.0,92.5,3.0,26.0,0.29034364,0.106534936,True,,1.5660598278045654,0.4126077458508961,1.0,CAN_9039babc9ba7bf65,MOL_cf1da39c24860501,CAN_a4acaa156253553c,MOL_cf1da39c24860501,ncs1_h_10.csv,/content/ncs1_h_10.csv,reward_results_19.csv,3.0,final_results.csv; ncs1_h_10.csv,ncs1_h10; ncs1_leu89,ncs1_h10/final_results.csv; ncs1_h10/ncs1_h_10.csv; ncs1_leu89/ncs1_h_10.csv,ncs1_h10; ncs1_leu89,passed_boltz_protocol; intermediate,CC[C@@H](CCN)NC(=O)c1ccccc1N1C(=O)c2ccccc2C1=O,0.7814754891391262,2.3444000000000003,2.592477765862471,351.4060000000001,;;;;
RLHF_0228,Pasan Boltz,CAN_0ec8024aa3730f70,MOL_d4facaa397dadd14,CC(C)[C@@H](CNC(=O)c1ccc(O)c(F)c1)OCC1CCCNC1,CC(C)[C@@H1](CNC(=O)C1=CC=C(O)C(F)=C1)OCC2CNCCC2,NCS1_H10,-6.97,True,True,True,0.713407557414501,2.3019000000000007,3.268346274933661,338.4230000000001,0.0916119664907455,,,,,4.968592643737793,,True,True,-6.97,-10.56861700499929,3.0,4.0,7.0,70.59,2.0,24.0,0.09179357,0.035917714,True,,1.031407356262207,0.3849459189235087,1.0,CAN_869ea36279c00e6f,MOL_d4facaa397dadd14,CAN_0ec8024aa3730f70,MOL_d4facaa397dadd14,ncs1_h_10.csv,/content/ncs1_h_10.csv,reward_results_2.csv,3.0,final_results.csv; ncs1_h_10.csv,ncs1_h10; ncs1_leu89,ncs1_h10/final_results.csv; ncs1_h10/ncs1_h_10.csv; ncs1_leu89/ncs1_h_10.csv,ncs1_h10; ncs1_leu89,passed_boltz_protocol; intermediate,CC(C)[C@@H](CNC(=O)c1ccc(O)c(F)c1)OCC1CCCNC1,0.713407557414501,2.3019000000000007,3.268346274933661,338.4230000000001,;;;;
RLHF_0229,Pasan Boltz,CAN_fb74eb019b73a2dc,MOL_decc557c8a02da6f,CCC1[NH2+][C@@H](CCNCC2CC2)C(=O)N1CC(=O)Nc1cccc(-c2ccccc2)c1,CCC1[NH2+1][C@@H1](CCNCC2CC2)C(=O)N1CC(=O)NC3=CC=CC(=C3)C4=CC=CC=C4,NCS1_H10,-6.915,True,True,True,0.5148360072217764,2.1921000000000017,3.706072804778629,421.56500000000005,0.2120554745197296,,,,,5.287973403930664,,True,True,-6.915,-10.642147306300911,3.0,3.0,10.0,78.05000000000001,4.0,31.0,0.115546204,0.04355892,True,,0.7120265960693359,0.349969549900444,1.0,CAN_3ca041c7f4245c5a,MOL_decc557c8a02da6f,CAN_fb74eb019b73a2dc,MOL_decc557c8a02da6f,ncs1_h_10.csv,/content/ncs1_h_10.csv,reward_results_19.csv,3.0,final_results.csv; ncs1_h_10.csv,ncs1_h10; ncs1_leu89,ncs1_h10/final_results.csv; ncs1_h10/ncs1_h_10.csv; ncs1_leu89/ncs1_h_10.csv,ncs1_h10; ncs1_leu89,passed_boltz_protocol; intermediate,CCC1[NH2+][C@@H](CCNCC2CC2)C(=O)N1CC(=O)Nc1cccc(-c2ccccc2)c1,0.5148360072217764,2.1921000000000017,3.706072804778629,421.56500000000005,;;;;
RLHF_0230,Pasan Boltz,CAN_cad557fe3ea6ea90,MOL_698d0df963beb0e4,COCCN(C)C(=O)c1ccccc1N1C(=O)c2ccccc2C1=O,COCCN(C)C(=O)C1=CC=CC=C1N2C(=O)C3=CC=CC=C3C2=O,NCS1_H10,-6.884,True,True,True,0.7841035308050044,2.2056000000000004,2.035755412000817,338.36300000000006,0.1736431419849395,,,,,3.8950352668762207,,True,True,-6.884,-10.375664950544394,0.0,4.0,5.0,66.92,3.0,25.0,0.23367202,0.08450863,True,,2.10496473312378,0.3357530241325374,1.0,CAN_32944971860490b1,MOL_698d0df963beb0e4,CAN_cad557fe3ea6ea90,MOL_698d0df963beb0e4,ncs1_h_10.csv,/content/ncs1_h_10.csv,reward_results_24.csv,3.0,final_results.csv; ncs1_h_10.csv,ncs1_h10; ncs1_leu89,ncs1_h10/final_results.csv; ncs1_h10/ncs1_h_10.csv; ncs1_leu89/ncs1_h_10.csv,ncs1_h10; ncs1_leu89,passed_boltz_protocol; intermediate,COCCN(C)C(=O)c1ccccc1N1C(=O)c2ccccc2C1=O,0.7841035308050044,2.2056000000000004,2.035755412000817,338.36300000000006,;;;;
RLHF_0231,Pasan Boltz,CAN_7699b11fd6b2e2f9,MOL_da6c619dfac3241b,CNC(=O)[C@](O)(c1ccccc1)c1cccc(Cl)c1,CNC(=O)[C@@](O)(C1=CC=CC(Cl)=C1)C2=CC=CC=C2,NCS1_H10,-6.87,True,True,True,0.9031703970316168,2.3219000000000003,2.518904409218912,275.735,,,,,,,,True,True,-6.87,-9.225317595969951,2.0,2.0,3.0,49.33,2.0,19.0,0.10580964,0.03574568,True,,,0.3354279030133811,1.0,CAN_b479fe359709e2fb,MOL_da6c619dfac3241b,CAN_7699b11fd6b2e2f9,MOL_da6c619dfac3241b,ncs1_h_10.csv,/content/ncs1_h_10.csv,reward_results_21.csv,3.0,final_results.csv; ncs1_h_10.csv,ncs1_h10; ncs1_leu89,ncs1_h10/final_results.csv; ncs1_h10/ncs1_h_10.csv; ncs1_leu89/ncs1_h_10.csv,ncs1_h10; ncs1_leu89,passed_boltz_protocol; intermediate,CNC(=O)[C@](O)(c1ccccc1)c1cccc(Cl)c1,0.9031703970316168,2.3219000000000003,2.518904409218912,275.735,;;;;
RLHF_0232,Pasan Boltz,CAN_ffd7c401aa0ac51a,MOL_e9f8e78659f80298,Cc1cc(CNC(=O)c2cc3ccccc3o2)on1,CC=1C=C(CNC(=O)C2=CC3=CC=CC=C3O2)ON=1,NCS1_H10,-6.803,True,True,True,0.7817898135000219,2.6592200000000004,2.11268754492312,256.261,,,,,,,,True,True,-6.803,-9.74547952470379,1.0,4.0,3.0,68.27000000000001,3.0,19.0,0.2527352,0.05726235,True,,,0.3038281006540305,1.0,CAN_a0762eaa5ec48656,MOL_e9f8e78659f80298,CAN_ffd7c401aa0ac51a,MOL_e9f8e78659f80298,ncs1_h_10.csv,/content/ncs1_h_10.csv,reward_results_16.csv,3.0,final_results.csv; ncs1_h_10.csv,ncs1_h10; ncs1_leu89,ncs1_h10/final_results.csv; ncs1_h10/ncs1_h_10.csv; ncs1_leu89/ncs1_h_10.csv,ncs1_h10; ncs1_leu89,passed_boltz_protocol; intermediate,Cc1cc(CNC(=O)c2cc3ccccc3o2)on1,0.7817898135000219,2.6592200000000004,2.11268754492312,256.261,;;;;
RLHF_0233,Pasan Boltz,CAN_f8c16874215269cb,MOL_4843d8b7c3faf897,C[C@H](F)NC(=O)Nc1ccc(C(F)F)cc1S(C)(=O)=O,C[C@@H1](NC(=O)NC1=CC=C(C=C1S(C)(=O)=O)C(F)F)F,NCS1_H10,-6.803,True,True,True,0.8388969745429425,2.464700000000001,3.1495934225238145,310.297,,,,,,,,True,True,-6.803,-9.454251499603677,2.0,3.0,4.0,75.27000000000001,1.0,20.0,0.09044998,0.03117648,True,,,0.3064499962727716,1.0,CAN_345b82dddf48d35b,MOL_4843d8b7c3faf897,CAN_f8c16874215269cb,MOL_4843d8b7c3faf897,ncs1_h_10.csv,/content/ncs1_h_10.csv,reward_results_4.csv,3.0,final_results.csv; ncs1_h_10.csv,ncs1_h10; ncs1_leu89,ncs1_h10/final_results.csv; ncs1_h10/ncs1_h_10.csv; ncs1_leu89/ncs1_h_10.csv,ncs1_h10; ncs1_leu89,passed_boltz_protocol; intermediate,C[C@H](F)NC(=O)Nc1ccc(C(F)F)cc1S(C)(=O)=O,0.8388969745429425,2.464700000000001,3.1495934225238145,310.297,;;;;
RLHF_0234,Pasan Boltz,CAN_eeeef54a76707d01,MOL_b8f8a05d5e6c1516,O=C(N/N=C/c1ccccn1)c1ccccc1,O=C(N/N=C/C1=CC=CC=N1)C2=CC=CC=C2,NCS1_H10,-6.786,True,True,True,0.6398015227007373,1.8455,1.806504120302094,225.251,,,,,,,,True,True,-6.786,-8.660975629146535,1.0,3.0,3.0,54.35,2.0,17.0,0.2876498,0.074079886,True,,,0.257430948957466,1.0,CAN_27b4e306a28417b7,MOL_b8f8a05d5e6c1516,CAN_eeeef54a76707d01,MOL_b8f8a05d5e6c1516,ncs1_h_10.csv,/content/ncs1_h_10.csv,reward_results_9.csv,3.0,final_results.csv; ncs1_h_10.csv,ncs1_h10; ncs1_leu89,ncs1_h10/final_results.csv; ncs1_h10/ncs1_h_10.csv; ncs1_leu89/ncs1_h_10.csv,ncs1_h10; ncs1_leu89,passed_boltz_protocol; intermediate,O=C(N/N=C/c1ccccn1)c1ccccc1,0.6398015227007373,1.8455,1.806504120302094,225.251,;;;;
RLHF_0235,Pasan Boltz,CAN_26e6d1209eb33221,MOL_7048cb68bb94df64,O=C1NCCc2c(C(SCC(=O)N3CCCCC3)c3ccco3)ccc(O)c21,O=C(CSC(C1=CC=CO1)C2=CC=C(O)C3=C2CCNC3=O)N4CCCCC4,NCS1_H10,-6.674,True,True,True,0.8058758760849689,3.106200000000002,3.377411470282876,400.5000000000003,,,,,,,,True,True,-6.674,-9.790192614497272,2.0,5.0,5.0,82.77999999999999,4.0,28.0,0.42141154,0.1523339,True,,,0.2186047191665559,1.0,CAN_1f7593a3e5d5e6eb,MOL_7048cb68bb94df64,CAN_26e6d1209eb33221,MOL_7048cb68bb94df64,ncs1_h_10.csv,/content/ncs1_h_10.csv,reward_results_3.csv,3.0,final_results.csv; ncs1_h_10.csv,ncs1_h10; ncs1_leu89,ncs1_h10/final_results.csv; ncs1_h10/ncs1_h_10.csv; ncs1_leu89/ncs1_h_10.csv,ncs1_h10; ncs1_leu89,passed_boltz_protocol; intermediate,O=C1NCCc2c(C(SCC(=O)N3CCCCC3)c3ccco3)ccc(O)c21,0.8058758760849689,3.106200000000002,3.377411470282876,400.5000000000003,;;;;
RLHF_0236,Pasan Boltz,CAN_23c3ba6927c3465a,MOL_babbbe553d85eff5,C/C1=N\NC(=O)c2ccccc2NC(=O)c2ccccc2C(=O)N(C)CC(=O)C=CC=C1,C/C(=N\NC(=O)C1=CC=CC=C1NC(=O)C2=CC=CC=C2C(=O)N(C)CC3=O)C=CC=C3,NCS1_H10,-6.635,True,True,True,0.6699707991211111,2.811700000000001,3.417772505622988,430.4640000000002,,,,,,,,True,True,-6.635,-10.022344493815895,2.0,5.0,0.0,107.94,3.0,32.0,0.08281831,0.028149145,True,,,0.2242964026432907,1.0,CAN_cf440dfe05837f6b,MOL_babbbe553d85eff5,CAN_23c3ba6927c3465a,MOL_babbbe553d85eff5,ncs1_h_10.csv,/content/ncs1_h_10.csv,reward_results_20.csv,3.0,final_results.csv; ncs1_h_10.csv,ncs1_h10; ncs1_leu89,ncs1_h10/final_results.csv; ncs1_h10/ncs1_h_10.csv; ncs1_leu89/ncs1_h_10.csv,ncs1_h10; ncs1_leu89,passed_boltz_protocol; intermediate,C/C1=N\NC(=O)c2ccccc2NC(=O)c2ccccc2C(=O)N(C)CC(=O)C=CC=C1,0.6699707991211111,2.811700000000001,3.417772505622988,430.4640000000002,;;;;
RLHF_0237,Pasan Boltz,CAN_0320dfd3f84b8550,MOL_8ecae86c22369ba6,COCCC(=O)Nc1ccc(C)c(S(=O)(=O)Nc2ccccc2)c1,COCCC(=O)NC1=CC=C(C)C(=C1)S(=O)(=O)NC2=CC=CC=C2,NCS1_H10,-6.634,True,True,True,0.8056782410367165,2.7708200000000005,1.83075335508072,348.42400000000004,0.2575772702693939,,,,,4.55277419090271,,True,True,-6.634,-10.326434394836046,2.0,4.0,7.0,84.5,2.0,24.0,0.089105375,0.036410544,True,,1.44722580909729,0.2257918618968528,1.0,CAN_a83edf12d22504ac,MOL_8ecae86c22369ba6,CAN_0320dfd3f84b8550,MOL_8ecae86c22369ba6,ncs1_h_10.csv,/content/ncs1_h_10.csv,reward_results_4.csv,3.0,final_results.csv; ncs1_h_10.csv,ncs1_h10; ncs1_leu89,ncs1_h10/final_results.csv; ncs1_h10/ncs1_h_10.csv; ncs1_leu89/ncs1_h_10.csv,ncs1_h10; ncs1_leu89,passed_boltz_protocol; intermediate,COCCC(=O)Nc1ccc(C)c(S(=O)(=O)Nc2ccccc2)c1,0.8056782410367165,2.7708200000000005,1.83075335508072,348.42400000000004,;;;;
RLHF_0238,Pasan Boltz,CAN_c70afed3f78b1191,MOL_7e04ee903a649581,COc1ccc(OC)c(CNC(=O)CC2CCC(=O)N2Cc2ccccc2)c1,COC1=CC=C(OC)C=C1CNC(=O)CC2CCC(=O)N2CC3=CC=CC=C3,NCS1_H10,-6.626,True,True,True,0.7623115737088175,2.9013000000000018,2.566448307889713,382.4600000000001,0.2416743040084839,,,,,5.011669278144836,,True,True,-6.626,-10.424369708624004,1.0,4.0,8.0,67.86999999999999,3.0,28.0,0.07799499,0.030548347,True,,0.9883307218551636,0.2158842746617255,1.0,CAN_8b2706efaf76fb26,MOL_7e04ee903a649581,CAN_c70afed3f78b1191,MOL_7e04ee903a649581,ncs1_h_10.csv,/content/ncs1_h_10.csv,reward_results_6.csv,3.0,final_results.csv; ncs1_h_10.csv,ncs1_h10; ncs1_leu89,ncs1_h10/final_results.csv; ncs1_h10/ncs1_h_10.csv; ncs1_leu89/ncs1_h_10.csv,ncs1_h10; ncs1_leu89,passed_boltz_protocol; intermediate,COc1ccc(OC)c(CNC(=O)CC2CCC(=O)N2Cc2ccccc2)c1,0.7623115737088175,2.9013000000000018,2.566448307889713,382.4600000000001,;;;;
RLHF_0239,Pasan Boltz,CAN_1ef85c365fad2091,MOL_08e2a6b532cb5cd8,C=CC1Oc2ccccc2C(=O)N1CCCCN1CCN(c2ccccc2)CC1,C=CC1OC2=CC=CC=C2C(=O)N1CCCCN3CCN(CC3)C4=CC=CC=C4,NCS1_H10,-6.555,True,True,True,0.5333831580867213,3.6357000000000026,2.901575413255064,391.51500000000016,,,,,,,,True,True,-6.555,-10.226295207922425,0.0,4.0,7.0,36.02,4.0,29.0,0.12067086,0.03987214,True,,,0.1327859158716753,1.0,CAN_778c67fd23d468a0,MOL_08e2a6b532cb5cd8,CAN_1ef85c365fad2091,MOL_08e2a6b532cb5cd8,ncs1_h_10.csv,/content/ncs1_h_10.csv,reward_results_9.csv,3.0,final_results.csv; ncs1_h_10.csv,ncs1_h10; ncs1_leu89,ncs1_h10/final_results.csv; ncs1_h10/ncs1_h_10.csv; ncs1_leu89/ncs1_h_10.csv,ncs1_h10; ncs1_leu89,passed_boltz_protocol; intermediate,C=CC1Oc2ccccc2C(=O)N1CCCCN1CCN(c2ccccc2)CC1,0.5333831580867213,3.6357000000000026,2.901575413255064,391.51500000000016,;;;;
RLHF_0240,Pasan Boltz,CAN_6f2fc664ff9c8bc7,MOL_8f652c63c45126c2,COc1cc(CNC2CCN(c3ccccc3Cl)CC2)ccc1C#N,COC1=CC(CNC2CCN(CC2)C3=CC=CC=C3Cl)=CC=C1C#N,NCS1_H10,-6.545,True,True,True,0.8808979733255742,3.978880000000003,2.1148743130997207,355.8690000000001,,,,,,,,True,True,-6.545,-9.870400888821203,1.0,4.0,5.0,48.29,3.0,25.0,0.08141028,0.03248617,True,,,0.1036147599809509,1.0,CAN_40198228f58c44ff,MOL_8f652c63c45126c2,CAN_6f2fc664ff9c8bc7,MOL_8f652c63c45126c2,ncs1_h_10.csv,/content/ncs1_h_10.csv,reward_results_5.csv,3.0,final_results.csv; ncs1_h_10.csv,ncs1_h10; ncs1_leu89,ncs1_h10/final_results.csv; ncs1_h10/ncs1_h_10.csv; ncs1_leu89/ncs1_h_10.csv,ncs1_h10; ncs1_leu89,passed_boltz_protocol; intermediate,COc1cc(CNC2CCN(c3ccccc3Cl)CC2)ccc1C#N,0.8808979733255742,3.978880000000003,2.1148743130997207,355.8690000000001,;;;;
RLHF_0241,Pasan Boltz,CAN_bfce67a69b526212,MOL_2a07ab6a1870ecf5,O=C(COc1ccccc1)N1CCCCC1,O=C(COC1=CC=CC=C1)N2CCCCC2,NCS1_H10,-6.524,True,True,True,0.7785885537983971,2.0779,1.4826024851682984,219.2839999999999,,,,,,,,True,True,-6.524,-9.27296124621649,0.0,2.0,3.0,29.54,2.0,16.0,0.0753992,0.020870583,True,,,0.1782211024218891,1.0,CAN_146fe5e357231b08,MOL_2a07ab6a1870ecf5,CAN_bfce67a69b526212,MOL_2a07ab6a1870ecf5,ncs1_h_10.csv,/content/ncs1_h_10.csv,reward_results_4.csv,3.0,final_results.csv; ncs1_h_10.csv,ncs1_h10; ncs1_leu89,ncs1_h10/final_results.csv; ncs1_h10/ncs1_h_10.csv; ncs1_leu89/ncs1_h_10.csv,ncs1_h10; ncs1_leu89,passed_boltz_protocol; intermediate,O=C(COc1ccccc1)N1CCCCC1,0.7785885537983971,2.0779,1.4826024851682984,219.2839999999999,;;;;
RLHF_0242,Pasan Boltz,CAN_d7e6e0fe1c780f02,MOL_ab3367540a9e860e,COCC[NH+](C)c1ccccc1NC(=O)c1ccc2ccccc2n1,COCC[NH1+1](C)C1=CC=CC=C1NC(=O)C2=CC=C3C=CC=CC3=N2,NCS1_H10,-6.506,True,True,True,0.7260541762074731,2.2797,3.381588922480617,336.4150000000001,,,,,,,,True,True,-6.506,-9.778854993684805,2.0,3.0,6.0,55.66,3.0,25.0,0.47818074,0.15959503,True,,,0.1803011604357312,1.0,CAN_f35202d2f71956c0,MOL_ab3367540a9e860e,CAN_d7e6e0fe1c780f02,MOL_ab3367540a9e860e,ncs1_h_10.csv,/content/ncs1_h_10.csv,reward_results_28.csv,3.0,final_results.csv; ncs1_h_10.csv,ncs1_h10; ncs1_leu89,ncs1_h10/final_results.csv; ncs1_h10/ncs1_h_10.csv; ncs1_leu89/ncs1_h_10.csv,ncs1_h10; ncs1_leu89,passed_boltz_protocol; intermediate,COCC[NH+](C)c1ccccc1NC(=O)c1ccc2ccccc2n1,0.7260541762074731,2.2797,3.381588922480617,336.4150000000001,;;;;
RLHF_0243,Pasan Boltz,CAN_f638a52f565547ea,MOL_eb5e881bf4f7f6bc,CCc1nn(C)cc1Nc1nccc(N[C@@H](C)c2ccccc2)n1,CCC1=NN(C)C=C1NC2=NC=CC(=N2)N[C@@H1](C)C3=CC=CC=C3,NCS1_H10,-6.455,True,True,True,0.724260270359862,3.689200000000002,2.94549440333747,322.41600000000005,,,,,,,,True,True,-6.455,-9.837082600739745,2.0,5.0,6.0,67.66,3.0,24.0,0.44996536,0.09099957,True,,,0.1061020316845956,1.0,CAN_b255afd0235bf91b,MOL_eb5e881bf4f7f6bc,CAN_f638a52f565547ea,MOL_eb5e881bf4f7f6bc,ncs1_h_10.csv,/content/ncs1_h_10.csv,reward_results_9.csv,3.0,final_results.csv; ncs1_h_10.csv,ncs1_h10; ncs1_leu89,ncs1_h10/final_results.csv; ncs1_h10/ncs1_h_10.csv; ncs1_leu89/ncs1_h_10.csv,ncs1_h10; ncs1_leu89,passed_boltz_protocol; intermediate,CCc1nn(C)cc1Nc1nccc(N[C@@H](C)c2ccccc2)n1,0.724260270359862,3.689200000000002,2.94549440333747,322.41600000000005,;;;;
RLHF_0244,Pasan Boltz,CAN_16cfdfa94e77b497,MOL_0f1b8b1a7a285140,COC=Cc1ccccc1C=CC(=O)Nc1nc(C)cs1,CC1=CSC(NC(=O)C=CC2=CC=CC=C2C=COC)=N1,NCS1_H10,-6.447,True,True,True,0.6760696919483971,3.7205200000000014,2.5504290050475547,300.3830000000001,,,,,,,,True,True,-6.447,-9.647640356382173,1.0,4.0,5.0,51.22,2.0,21.0,0.475123,0.2095102,True,,,0.1023241196675277,1.0,CAN_16abd53cf7910c1c,MOL_0f1b8b1a7a285140,CAN_16cfdfa94e77b497,MOL_0f1b8b1a7a285140,ncs1_h_10.csv,/content/ncs1_h_10.csv,reward_results_15.csv,3.0,final_results.csv; ncs1_h_10.csv,ncs1_h10; ncs1_leu89,ncs1_h10/final_results.csv; ncs1_h10/ncs1_h_10.csv; ncs1_leu89/ncs1_h_10.csv,ncs1_h10; ncs1_leu89,passed_boltz_protocol; intermediate,COC=Cc1ccccc1C=CC(=O)Nc1nc(C)cs1,0.6760696919483971,3.7205200000000014,2.5504290050475547,300.3830000000001,;;;;
RLHF_0245,Pasan Boltz,CAN_731ca1fa07954f21,MOL_2e2b1ee3074953b7,CCCS(=O)(=O)N(Cc1cccc(OC)c1)c1ccc(F)cc1,CCCS(=O)(=O)N(CC1=CC=CC(OC)=C1)C2=CC=C(F)C=C2,NCS1_H10,-6.329,True,True,True,0.7756811273318988,3.580700000000003,2.0420573210507573,337.416,,,,,,,,True,True,-6.329,-10.114400601901089,0.0,3.0,7.0,46.61,2.0,23.0,0.31586698,0.10605932,True,,,0.0883795347279161,1.0,CAN_c0be17555911dd83,MOL_2e2b1ee3074953b7,CAN_731ca1fa07954f21,MOL_2e2b1ee3074953b7,ncs1_h_10.csv,/content/ncs1_h_10.csv,reward_results_3.csv,3.0,final_results.csv; ncs1_h_10.csv,ncs1_h10; ncs1_leu89,ncs1_h10/final_results.csv; ncs1_h10/ncs1_h_10.csv; ncs1_leu89/ncs1_h_10.csv,ncs1_h10; ncs1_leu89,passed_boltz_protocol; intermediate,CCCS(=O)(=O)N(Cc1cccc(OC)c1)c1ccc(F)cc1,0.7756811273318988,3.580700000000003,2.0420573210507573,337.416,;;;;
RLHF_0246,Pasan Boltz,CAN_e7dc754ae26abfce,MOL_ed18f335b680537f,O=Cc1ccc(-c2ccc(CC3CCNCC3)cc2)[nH]1,O=CC1=CC=C(C2=CC=C(C=C2)CC3CCNCC3)[NH1]1,NCS1_H10,-6.275,True,True,True,0.8371430074879379,3.0363000000000007,2.5370396545830936,268.3599999999999,,,,,,,,True,True,-6.275,-9.0238576426114,2.0,2.0,4.0,44.89,3.0,20.0,0.134617,0.061397213,True,,,0.1044018711864587,1.0,CAN_9683e666bbd9d091,MOL_ed18f335b680537f,CAN_e7dc754ae26abfce,MOL_ed18f335b680537f,ncs1_h_10.csv,/content/ncs1_h_10.csv,reward_results_1.csv,3.0,final_results.csv; ncs1_h_10.csv,ncs1_h10; ncs1_leu89,ncs1_h10/final_results.csv; ncs1_h10/ncs1_h_10.csv; ncs1_leu89/ncs1_h_10.csv,ncs1_h10; ncs1_leu89,passed_boltz_protocol; intermediate,O=Cc1ccc(-c2ccc(CC3CCNCC3)cc2)[nH]1,0.8371430074879379,3.0363000000000007,2.5370396545830936,268.3599999999999,;;;;
RLHF_0247,Pasan Boltz,CAN_26dfb0235f230318,MOL_22ffff8835b2f14f,CCN1C=CC(c2ccco2)=CN=C1CCN1C(=O)c2ccccc2S1(=O)=O,CCN1C(CCN2C(=O)C3=CC=CC=C3S2(=O)=O)=NC=C(C4=CC=CO4)C=C1,NCS1_H10,-6.235,True,True,True,0.7741613930713228,3.103000000000001,3.387928506201125,397.4560000000001,0.2724027633666992,,,,,5.158983469009399,,True,True,-6.235,-10.437543139132616,0.0,6.0,5.0,83.19000000000001,4.0,28.0,0.15558437,0.04681006,True,,0.8410165309906006,0.0934609406704105,1.0,CAN_f8d42d2ca02e9f0c,MOL_22ffff8835b2f14f,CAN_26dfb0235f230318,MOL_22ffff8835b2f14f,ncs1_h_10.csv,/content/ncs1_h_10.csv,reward_results_3.csv,3.0,final_results.csv; ncs1_h_10.csv,ncs1_h10; ncs1_leu89,ncs1_h10/final_results.csv; ncs1_h10/ncs1_h_10.csv; ncs1_leu89/ncs1_h_10.csv,ncs1_h10; ncs1_leu89,passed_boltz_protocol; intermediate,CCN1C=CC(c2ccco2)=CN=C1CCN1C(=O)c2ccccc2S1(=O)=O,0.7741613930713228,3.103000000000001,3.387928506201125,397.4560000000002,;;;;
RLHF_0248,Pasan Boltz,CAN_d11f47f21829d5fd,MOL_d8ea456b8da49e9d,CCC[C@@H]1[C@H](C)Cc2ccc(OC)cc2N1C(=O)CNC(=O)C(O)=CN,CCC[C@@H1]1[C@H1](C)CC2=CC=C(OC)C=C2N1C(=O)CNC(=O)C(O)=CN,NCS1_H10,-6.226,True,True,True,0.5298192715379254,1.8634,3.7737024727049695,361.4420000000001,0.203658789396286,,,,,4.93224048614502,,True,True,-6.226,-10.283136075941126,3.0,5.0,6.0,104.89,2.0,26.0,0.1567245,0.04817679,True,,1.0677595138549805,0.0904007073051071,1.0,CAN_bf7e73bb895f54dd,MOL_d8ea456b8da49e9d,CAN_d11f47f21829d5fd,MOL_d8ea456b8da49e9d,ncs1_h_10.csv,/content/ncs1_h_10.csv,reward_results_20.csv,3.0,final_results.csv; ncs1_h_10.csv,ncs1_h10; ncs1_leu89,ncs1_h10/final_results.csv; ncs1_h10/ncs1_h_10.csv; ncs1_leu89/ncs1_h_10.csv,ncs1_h10; ncs1_leu89,passed_boltz_protocol; intermediate,CCC[C@@H]1[C@H](C)Cc2ccc(OC)cc2N1C(=O)CNC(=O)C(O)=CN,0.5298192715379254,1.8634,3.7737024727049695,361.4420000000001,;;;;
RLHF_0249,Pasan Boltz,CAN_c6f9bcd58c5e344f,MOL_52fd9a5f1150c633,CC[NH+](CCCCc1ccccc1)N1C(=O)c2ccccc2C1=O,CC[NH1+1](CCCCC1=CC=CC=C1)N2C(=O)C3=CC=CC=C3C2=O,NCS1_H10,-6.198,True,True,True,0.6263755642255802,2.1253,3.366766644140146,323.4160000000001,,,,,,,,True,True,-6.198,-9.392835002216664,1.0,2.0,7.0,41.82,3.0,24.0,0.12863268,0.041536767,True,,,0.0931975408279267,1.0,CAN_ec7aa8270f239df1,MOL_52fd9a5f1150c633,CAN_c6f9bcd58c5e344f,MOL_52fd9a5f1150c633,ncs1_h_10.csv,/content/ncs1_h_10.csv,reward_results_18.csv,3.0,final_results.csv; ncs1_h_10.csv,ncs1_h10; ncs1_leu89,ncs1_h10/final_results.csv; ncs1_h10/ncs1_h_10.csv; ncs1_leu89/ncs1_h_10.csv,ncs1_h10; ncs1_leu89,passed_boltz_protocol; intermediate,CC[NH+](CCCCc1ccccc1)N1C(=O)c2ccccc2C1=O,0.6263755642255802,2.1253,3.366766644140146,323.4160000000001,;;;;
RLHF_0250,Pasan Boltz,CAN_e349177772205a3d,MOL_b9a8beaa5a85d020,CC=C(F)CNC1=CCN(CC(=O)O)C(C2CCCC2)=N1,CC=C(CNC1=CCN(CC(O)=O)C(=N1)C2CCCC2)F,NCS1_H10,-6.154,True,True,True,0.7888010441809647,2.2796000000000003,3.685839709089276,295.358,,,,,,,,True,True,-6.154,-9.782728703991364,2.0,4.0,6.0,64.93,2.0,21.0,0.0962435,0.020138273,True,,,0.0874557834292708,1.0,CAN_5650f5ee0894d254,MOL_b9a8beaa5a85d020,CAN_e349177772205a3d,MOL_b9a8beaa5a85d020,ncs1_h_10.csv,/content/ncs1_h_10.csv,reward_results_7.csv,3.0,final_results.csv; ncs1_h_10.csv,ncs1_h10; ncs1_leu89,ncs1_h10/final_results.csv; ncs1_h10/ncs1_h_10.csv; ncs1_leu89/ncs1_h_10.csv,ncs1_h10; ncs1_leu89,passed_boltz_protocol; intermediate,CC=C(F)CNC1=CCN(CC(=O)O)C(C2CCCC2)=N1,0.7888010441809647,2.2796000000000003,3.685839709089276,295.358,;;;;
RLHF_0251,Top docking que no pasa Boltz,CAN_4deef820447dc99d,MOL_dc1d125803b584ae,C[C@H1](NC(=O)C1=CC=C2C(=O)N3C(=NC2=C1)CCC3)C4=CC=C5C(=C4)CCC(=O)N5,C[C@H1](NC(=O)C1=CC=C2C(=O)N3C(=NC2=C1)CCC3)C4=CC=C5C(=C4)CCC(=O)N5,BACE1,-11.599,True,True,False,,2.718400000000001,,402.4540000000002,0.2381448596715927,,,,,,4.211767678894832e-05,False,True,,-11.599,,,,,,,,,,,0.2345502972602844,,,,,CAN_4deef820447dc99d,MOL_dc1d125803b584ae,,,,3.0,final_multiplicative_ranked.csv; bace_4.csv; reward_results_27.csv,bace_2; bace_3,bace_2/final_multiplicative_ranked.csv; bace_3/bace_4.csv; bace_3/reward_results_27.csv,bace_2; bace_3,intermediate; sent_to_boltz,C[C@H1](NC(=O)C1=CC=C2C(=O)N3C(=NC2=C1)CCC3)C4=CC=C5C(=C4)CCC(=O)N5,,2.718400000000001,,402.4540000000002,4.211767678894832e-05;;;
RLHF_0252,Top docking que no pasa Boltz,CAN_d7f8362a8b0fb1d2,MOL_d75261dd3bd3f054,O=C(CCNC1=CC=CC=C1C(=O)O)C2=NC3=CC=CC=C3O2,O=C(CCNC1=CC=CC=C1C(=O)O)C2=NC3=CC=CC=C3O2,BACE1,-11.325941925303248,True,False,False,,,,,0.4107704758644104,,,,,4.703516,0.00016847070715579328,False,True,,-11.325941925303248,,,,,,,,,,,1.2964835166931152,,,,,CAN_d7f8362a8b0fb1d2,MOL_d75261dd3bd3f054,,,,2.0,bace_boltz_affinity_probability_ranked_v2_pic50_corrected.csv; bace_multiplicative_ranked.csv,bace,bace/bace_boltz_affinity_probability_ranked_v2_pic50_corrected.csv; bace/bace_multiplicative_ranked.csv,bace,intermediate,O=C(CCNC1=CC=CC=C1C(=O)O)C2=NC3=CC=CC=C3O2,,,,,0.00016847070715579328;;;;;;;;
RLHF_0253,Top docking que no pasa Boltz,CAN_8e6d1e35f2918460,MOL_38c086d8889f0f71,O=C(NC1=CC=C2C(=C1)C3=CC=CC=C3C2=O)C4=CC5=C6C(=C4)CCN6C(=O)C5=O,O=C(NC1=CC=C2C(=C1)C3=CC=CC=C3C2=O)C4=CC5=C6C(=C4)CCN6C(=O)C5=O,BACE1,-11.288,True,False,False,,3.235700000000002,,394.38600000000025,,,,,,,0.00025270606073368994,False,True,,-11.288,,,,,,,,,,,,,,,,CAN_8e6d1e35f2918460,MOL_38c086d8889f0f71,,,,1.0,reward_results_22.csv,bace_3,bace_3/reward_results_22.csv,bace_3,intermediate,O=C(NC1=CC=C2C(=C1)C3=CC=CC=C3C2=O)C4=CC5=C6C(=C4)CCN6C(=O)C5=O,,3.235700000000002,,394.38600000000025,0.00025270606073368994;;;;;;;;;;
RLHF_0254,Top docking que no pasa Boltz,CAN_610b245b4ce90e3e,MOL_a00bc3492913e50f,CC1=CC=CC=C1C#CC2=CC=CC(=C2)C3=CN=C4N=C(N)[NH1]C4=C3,CC1=CC=CC=C1C#CC2=CC=CC(=C2)C3=CN=C4N=C(N)[NH1]C4=C3,BACE1,-11.184,True,False,False,,3.9153200000000017,,324.38700000000006,,,,,,,0.00033694141431158656,False,True,,-11.184,,,,,,,,,,,,,,,,CAN_610b245b4ce90e3e,MOL_a00bc3492913e50f,,,,1.0,reward_results_8.csv,bace_4,bace_4/reward_results_8.csv,bace_4,intermediate,CC1=CC=CC=C1C#CC2=CC=CC(=C2)C3=CN=C4N=C(N)[NH1]C4=C3,,3.9153200000000017,,324.38700000000006,0.00033694141431158656;;;;;;;;;;
RLHF_0255,Top docking que no pasa Boltz,CAN_4810a0219687b9da,MOL_7f77faf92fa7c203,CC(=O)OCC1=CC=CC(=C1)C2=CC=C(N=C2)C(=O)NCC=C3C=C(NC=C3)C#N,CC(=O)OCC1=CC=CC(=C1)C2=CC=C(N=C2)C(=O)NCC=C3C=C(NC=C3)C#N,BACE1,-11.17823007576069,True,False,False,,2.992280000000001,,400.4380000000001,0.5367354154586792,,,,,,0.0004211767678894832,False,True,,-11.17823007576069,,,,,,,,,,,1.0094867944717407,,,,,CAN_4810a0219687b9da,MOL_7f77faf92fa7c203,,,,2.0,final_multiplicative_ranked.csv; reward_results_8.csv,bace_4,bace_4/final_multiplicative_ranked.csv; bace_4/reward_results_8.csv,bace_4,intermediate,CC(=O)OCC1=CC=CC(=C1)C2=CC=C(N=C2)C(=O)NCC=C3C=C(NC=C3)C#N,,2.992280000000001,,400.4380000000001,0.0004211767678894832;;;;;;;;
RLHF_0256,Top docking que no pasa Boltz,CAN_14e7f526f8e98e07,MOL_3a228de31b5184f6,CC1(C)OC2=CC=CC(C3=CN=C(NC(=O)CCC#N)N=C3)=C2C=C1C#N,CC1(C)OC2=CC=CC(C3=CN=C(NC(=O)CCC#N)N=C3)=C2C=C1C#N,BACE1,-11.161530372214049,True,True,False,,3.4638600000000013,,359.38900000000007,0.4916084408760071,,,,,,0.0005054121214673799,False,True,,-11.161530372214049,,,,,,,,,,,0.0919706225395202,,,,,CAN_14e7f526f8e98e07,MOL_3a228de31b5184f6,,,,3.0,final_multiplicative_ranked.csv; bace_4.csv; reward_results_9.csv,bace_2; bace_3,bace_2/final_multiplicative_ranked.csv; bace_3/bace_4.csv; bace_3/reward_results_9.csv,bace_2; bace_3,intermediate; sent_to_boltz,CC1(C)OC2=CC=CC(C3=CN=C(NC(=O)CCC#N)N=C3)=C2C=C1C#N,,3.4638600000000013,,359.38900000000007,0.0005054121214673799;;;
RLHF_0257,Top docking que no pasa Boltz,CAN_6f72d167ebc05e2f,MOL_90f32c241d47e48f,C[C@H1](C[NH2+1]C(=O)O)C1=CC=C(C2=CN=C(N3C=CC=CC3=O)C=N2)C=C1,C[C@H1](C[NH2+1]C(=O)O)C1=CC=C(C2=CN=C(N3C=CC=CC3=O)C=N2)C=C1,BACE1,-11.1099830708103,True,True,False,,1.6393999999999993,,351.3860000000001,0.26358363032341,,,,,,0.0006738828286231731,False,True,,-11.1099830708103,,,,,,,,,,,0.8451969027519226,,,,,CAN_6f72d167ebc05e2f,MOL_90f32c241d47e48f,,,,3.0,final_multiplicative_ranked.csv; bace_4.csv; reward_results_3.csv,bace_2; bace_3,bace_2/final_multiplicative_ranked.csv; bace_3/bace_4.csv; bace_3/reward_results_3.csv,bace_2; bace_3,intermediate; sent_to_boltz,C[C@H1](C[NH2+1]C(=O)O)C1=CC=C(C2=CN=C(N3C=CC=CC3=O)C=N2)C=C1,,1.6393999999999993,,351.3860000000001,0.0006738828286231731;;;
RLHF_0258,Top docking que no pasa Boltz,CAN_c6f6abd33716aa8c,MOL_5cb84b02697c43c2,O=C(OC1=CC=C(Cl)C=C1)N2C=CC(=N2)C3=CC=C(N=C3)C(=O)N4C=NN=C4,O=C(OC1=CC=C(Cl)C=C1)N2C=CC(=N2)C3=CC=C(N=C3)C(=O)N4C=NN=C4,BACE1,-11.106369109015173,True,False,False,,2.925600000000001,,394.7780000000001,0.6253155469894409,,,,,,0.0007160005054121215,False,True,,-11.106369109015173,,,,,,,,,,,0.7312965989112854,,,,,CAN_c6f6abd33716aa8c,MOL_5cb84b02697c43c2,,,,2.0,final_multiplicative_ranked.csv; reward_results_16.csv,bace_4,bace_4/final_multiplicative_ranked.csv; bace_4/reward_results_16.csv,bace_4,intermediate,O=C(OC1=CC=C(Cl)C=C1)N2C=CC(=N2)C3=CC=C(N=C3)C(=O)N4C=NN=C4,,2.925600000000001,,394.7780000000001,0.0007160005054121215;;;;;;;;
RLHF_0259,Top docking que no pasa Boltz,CAN_1854962677910be3,MOL_921f8122246724a9,Cc1ncc(C(=O)N2CCNCC2)c2cc3c4c(ccc3cc12)C(=O)NCC4,CC1=NC=C(C2=C1C=C3C=CC4=C(CCNC4=O)C3=C2)C(=O)N5CCNCC5,BACE1,-11.1,True,False,False,0.639420451952651,2.0277199999999995,2.796525493380612,374.4440000000001,,,,,,,0.0008634123741734406,True,False,-11.1,,2.0,4.0,1.0,74.33,5.0,28.0,0.20760457,0.07369995,True,,,0.9069022394510992,1.0,CAN_6af43ba6b5ffe6a3,MOL_921f8122246724a9,,,bace_pool_final_nontoxic-2.csv,/content/bace_pool_final_nontoxic-2.csv,docking_results_3_24.csv,,,,,,,,,,,,0.0008634123741734406;;;;;;;;;;
RLHF_0260,Top docking que no pasa Boltz,CAN_1eddcdac5b2e1a25,MOL_527a8b1a4c1057d3,O=C(N[C@H]1CCCc2ccccc21)c1ccc2ccc3c(c2c1)CCNC3=O,O=C(N[C@H1]1CCCC2=CC=CC=C21)C3=CC=C4C=CC5=C(CCNC5=O)C4=C3,BACE1,-11.1,True,False,False,0.7179909623599006,3.933100000000002,2.794479095882208,370.4520000000002,,,,,,,0.0008634123741734406,True,False,-11.1,,2.0,2.0,2.0,58.2,5.0,28.0,0.2623197,0.10908262,True,,,0.5311367966506582,1.0,CAN_79d51e4ea707856e,MOL_527a8b1a4c1057d3,,,bace_pool_final_nontoxic-2.csv,/content/bace_pool_final_nontoxic-2.csv,docking_results_3_23.csv,,,,,,,,,,,,0.0008634123741734406;;;;;;;;;;
RLHF_0261,Top docking que no pasa Boltz,CAN_8068f4efb6187c08,MOL_51a8a1e894bb781d,Cc1ccc(C(=O)N2CCNCC2)cc1-c1ccc2c3c(ccc2c1)CCNC3=O,CC1=CC=C(C=C1C2=CC=C3C4=C(CCNC4=O)C=CC3=C2)C(=O)N5CCNCC5,BACE1,-11.1,True,False,False,0.6959971461798429,3.1465200000000006,2.521173767486202,399.4940000000002,,,,,,,0.0008634123741734406,True,False,-11.1,,2.0,3.0,2.0,61.440000000000005,5.0,30.0,0.18048203,0.07115867,True,,,0.8487038266091305,1.0,CAN_1709c7d63894c32b,MOL_51a8a1e894bb781d,,,bace_pool_final_nontoxic-2.csv,/content/bace_pool_final_nontoxic-2.csv,docking_results_3_20.csv,,,,,,,,,,,,0.0008634123741734406;;;;;;;;;;
RLHF_0262,Top docking que no pasa Boltz,CAN_42307aa2cb9404d1,MOL_7ad47a2e2a0d05ff,CC(=O)N1CCCC1c1ccc(-c2ccc3ccc4c(c3c2)CCNC4=O)cn1,CC(=O)N1CCCC1C2=CC=C(C=N2)C3=CC=C4C=CC5=C(CCNC5=O)C4=C3,BACE1,-11.1,True,False,False,0.7283765782022518,3.871100000000003,3.0769635968361886,385.4670000000002,,,,,,,0.0008634123741734406,True,False,-11.1,,1.0,3.0,2.0,62.3,5.0,29.0,0.24695195,0.09376636,True,,,0.5539234702636795,1.0,CAN_66a0c90b77c051be,MOL_7ad47a2e2a0d05ff,,,bace_pool_final_nontoxic-2.csv,/content/bace_pool_final_nontoxic-2.csv,docking_results_3_15.csv,,,,,,,,,,,,0.0008634123741734406;;;;;;;;;;
RLHF_0263,Top docking que no pasa Boltz,CAN_cb88b102a63fbcce,MOL_600199246ad9bc84,CC(C)C1=CC=C(C=C1)C2=CC=C(N=C2)C(=O)NCC3=CC=NC(=N3)C#N,CC(C)C1=CC=C(C=C1)C2=CC=C(N=C2)C(=O)NCC3=CC=NC(=N3)C#N,BACE1,-11.077110693151884,True,False,False,,3.463680000000002,,357.41700000000003,0.5150009989738464,,,,,,0.001052941919723708,False,True,,-11.077110693151884,,,,,,,,,,,0.744642436504364,,,,,CAN_cb88b102a63fbcce,MOL_600199246ad9bc84,,,,2.0,final_multiplicative_ranked.csv; reward_results_25.csv,bace_4,bace_4/final_multiplicative_ranked.csv; bace_4/reward_results_25.csv,bace_4,intermediate,CC(C)C1=CC=C(C=C1)C2=CC=C(N=C2)C(=O)NCC3=CC=NC(=N3)C#N,,3.463680000000002,,357.41700000000003,0.001052941919723708;;;;;;;;
RLHF_0264,Top docking que no pasa Boltz,CAN_c3048c723eb22d2a,MOL_0d866cd5d8827edf,CC=1OC=CC=1C(=O)N2CCCC(C3=NOC(COC4=CC=CC=C4)=N3)C2,CC=1OC=CC=1C(=O)N2CCCC(C3=NOC(COC4=CC=CC=C4)=N3)C2,BACE1,-11.074756263512176,True,True,False,,3.5698200000000018,,367.405,0.177358940243721,,,,,,0.0010950595965126563,False,True,,-11.074756263512176,,,,,,,,,,,0.8385287523269653,,,,,CAN_c3048c723eb22d2a,MOL_0d866cd5d8827edf,,,,3.0,final_multiplicative_ranked.csv; bace_4.csv; reward_results_1.csv,bace_2; bace_3,bace_2/final_multiplicative_ranked.csv; bace_3/bace_4.csv; bace_3/reward_results_1.csv,bace_2; bace_3,intermediate; sent_to_boltz,CC=1OC=CC=1C(=O)N2CCCC(C3=NOC(COC4=CC=CC=C4)=N3)C2,,3.5698200000000018,,367.405,0.0010950595965126563;;;
RLHF_0265,Top docking que no pasa Boltz,CAN_4b2d2e704c3025a3,MOL_0809390c9f5220ed,CC(=O)OCC1=CC=CC(C2=CC(C(=O)NC3CCCC3)=NO2)=C1,CC(=O)OCC1=CC=CC(C2=CC(C(=O)NC3CCCC3)=NO2)=C1,BACE1,-11.072515650949216,True,True,False,,3.077100000000001,,328.3680000000001,0.2703054547309875,,,,,,0.0011371772733016047,False,True,,-11.072515650949216,,,,,,,,,,,1.0971145629882812,,,,,CAN_4b2d2e704c3025a3,MOL_0809390c9f5220ed,,,,3.0,final_multiplicative_ranked.csv; bace_4.csv; reward_results_8.csv,bace_2; bace_3,bace_2/final_multiplicative_ranked.csv; bace_3/bace_4.csv; bace_3/reward_results_8.csv,bace_2; bace_3,intermediate; sent_to_boltz,CC(=O)OCC1=CC=CC(C2=CC(C(=O)NC3CCCC3)=NO2)=C1,,3.077100000000001,,328.3680000000001,0.0011371772733016047;;;
RLHF_0266,Top docking que no pasa Boltz,CAN_d2865217740df33b,MOL_a413dc03fd411acd,O=C(NN1C=CC=C1C(=O)N[C@@H1](CO)C2=CC=CC=C2Cl)CC=CS,O=C(NN1C=CC=C1C(=O)N[C@@H1](CO)C2=CC=CC=C2Cl)CC=CS,BACE1,-11.065278283622613,True,False,False,,2.508600000000001,,379.8690000000001,0.18866628408432,,,,,,0.0012635303036684497,False,True,,-11.065278283622613,,,,,,,,,,,1.322335958480835,,,,,CAN_d2865217740df33b,MOL_a413dc03fd411acd,,,,2.0,final_multiplicative_ranked.csv; reward_results_7.csv,bace_4,bace_4/final_multiplicative_ranked.csv; bace_4/reward_results_7.csv,bace_4,intermediate,O=C(NN1C=CC=C1C(=O)N[C@@H1](CO)C2=CC=CC=C2Cl)CC=CS,,2.508600000000001,,379.8690000000001,0.0012635303036684497;;;;;;;;
RLHF_0267,Top docking que no pasa Boltz,CAN_732701e7a763ddb8,MOL_62a15aebf02bc6f8,CCC[C@@]1(C)NC(=O)N(CC(=O)NC2=CC=CC=C2C(F)(F)F)C1=O,CCC[C@@]1(C)NC(=O)N(CC(=O)NC2=CC=CC=C2C(F)(F)F)C1=O,BACE1,-11.050339465607134,True,True,False,,2.754500000000001,,357.33200000000005,0.1055908948183059,,,,,,0.001305647980457398,False,True,,-11.050339465607134,,,,,,,,,,,1.2520473003387451,,,,,CAN_732701e7a763ddb8,MOL_62a15aebf02bc6f8,,,,3.0,final_multiplicative_ranked.csv; bace_4.csv; reward_results_15.csv,bace_2; bace_3,bace_2/final_multiplicative_ranked.csv; bace_3/bace_4.csv; bace_3/reward_results_15.csv,bace_2; bace_3,intermediate; sent_to_boltz,CCC[C@@]1(C)NC(=O)N(CC(=O)NC2=CC=CC=C2C(F)(F)F)C1=O,,2.754500000000001,,357.33200000000005,0.001305647980457398;;;
RLHF_0268,Top docking que no pasa Boltz,CAN_4f253edb0974557d,MOL_06c774b7897c50ac,CC(C)NC(=O)C1=CC=CC(=C1)C2=CC=C(N=C2)C(=O)NCC3=CC=NC(=N3)C#N,CC(C)NC(=O)C1=CC=CC(=C1)C2=CC=C(N=C2)C(=O)NCC3=CC=NC(=N3)C#N,BACE1,-11.046150350018356,True,False,False,,2.47848,,400.4420000000001,0.6199429631233215,,,,,,0.0013477656572463462,False,True,,-11.046150350018356,,,,,,,,,,,0.9286260604858398,,,,,CAN_4f253edb0974557d,MOL_06c774b7897c50ac,,,,2.0,final_multiplicative_ranked.csv; reward_results_26.csv,bace_4,bace_4/final_multiplicative_ranked.csv; bace_4/reward_results_26.csv,bace_4,intermediate,CC(C)NC(=O)C1=CC=CC(=C1)C2=CC=C(N=C2)C(=O)NCC3=CC=NC(=N3)C#N,,2.47848,,400.4420000000001,0.0013477656572463462;;;;;;;;
RLHF_0269,Top docking que no pasa Boltz,CAN_19546e05a8886b09,MOL_c94d55761baf6980,Cc1cc2c(N3CCN(C)CC3)ncnc2cc1-c1ccc2c(c1)C(=O)N(C1CCNC1=O)C2=O,CC1=CC2=C(N3CCN(C)CC3)N=CN=C2C=C1C4=CC=C5C(=C4)C(=O)N(C6CCNC6=O)C5=O,BACE1,-11.039,True,False,False,0.5834675878791529,1.84152,3.231014518324071,470.5330000000003,,,,,,,0.001453059849218717,True,False,-11.039,,1.0,7.0,3.0,98.74,6.0,35.0,0.26437035,0.09246808,True,,,0.8582215597284916,1.0,CAN_d081904f40393ee6,MOL_c94d55761baf6980,,,bace_pool_final_nontoxic-4.csv,/content/bace_pool_final_nontoxic-4.csv,reward_results_16.csv,,,,,,,,,,,,0.001453059849218717;;;;;;;;;;
RLHF_0270,Top docking que no pasa Boltz,CAN_503336eb69d4a179,MOL_f6a4ec7876c82e0a,O=C1NCCc2c1ccc1ccc(-c3ccc(C(=O)C4CC45CNC5)cc3)cc21,O=C(C1CC12CNC2)C3=CC=C(C=C3)C4=CC=C5C=CC6=C(CCNC6=O)C5=C4,BACE1,-11.0,True,False,False,0.6809482967170817,3.584900000000002,3.659405678744559,382.46300000000025,,,,,,,0.0017268247483468813,True,False,-11.0,,2.0,3.0,3.0,58.2,6.0,29.0,0.36108938,0.15584914,True,,,0.6663458075980554,1.0,CAN_5ec1638ac31c05fc,MOL_f6a4ec7876c82e0a,,,bace_pool_final_nontoxic-2.csv,/content/bace_pool_final_nontoxic-2.csv,docking_results_3_29.csv,,,,,,,,,,,,0.0017268247483468813;;;;;;;;;;
RLHF_0271,Top docking que no pasa Boltz,CAN_d4e19235cdb2bbdc,MOL_2e80f3551fd14e05,CC(=O)N1CCCC(c2ccc(-c3ccc4ccc5c(c4c3)CCNC5=O)cn2)C1,CC(=O)N1CCCC(C1)C2=CC=C(C=N2)C3=CC=C4C=CC5=C(CCNC5=O)C4=C3,BACE1,-11.0,True,False,False,0.7106074039494924,3.9136000000000015,3.076595671296808,399.4940000000002,,,,,,,0.0017268247483468813,True,False,-11.0,,1.0,3.0,2.0,62.3,5.0,30.0,0.21295553,0.091057725,True,,,0.5359180780377609,1.0,CAN_990fb07a211c94f0,MOL_2e80f3551fd14e05,,,bace_pool_final_nontoxic-2.csv,/content/bace_pool_final_nontoxic-2.csv,docking_results_3_18.csv,,,,,,,,,,,,0.0017268247483468813;;;;;;;;;;
RLHF_0272,Top docking que no pasa Boltz,CAN_255af11aa6406473,MOL_1551fbd69840b6b6,O=C(CC1=CC=CC(N2CCNC2=O)=C1)NC3=CC=C4C(=C3)C(=O)C5=CC=CC=C5C4=O,O=C(CC1=CC=CC(N2CCNC2=O)=C1)NC3=CC=C4C(=C3)C(=O)C5=CC=CC=C5C4=O,BACE1,-10.996,True,False,False,,3.1728000000000014,,425.4440000000002,,,,,,,0.001958471970686097,False,True,,-10.996,,,,,,,,,,,,,,,,CAN_255af11aa6406473,MOL_1551fbd69840b6b6,,,,1.0,reward_results_17.csv,bace_3,bace_3/reward_results_17.csv,bace_3,intermediate,O=C(CC1=CC=CC(N2CCNC2=O)=C1)NC3=CC=C4C(=C3)C(=O)C5=CC=CC=C5C4=O,,3.1728000000000014,,425.4440000000002,0.001958471970686097;;;;;;;;;;
RLHF_0273,Top docking que no pasa Boltz,CAN_c17284fdb83bf67f,MOL_8276da499505c7f9,O=C(Cc1cccc(N2CCNC2=O)c1)Nc1ccc2c(c1)C(=O)c1ccccc1C2=O,O=C(CC1=CC=CC(N2CCNC2=O)=C1)NC3=CC=C4C(=C3)C(=O)C5=CC=CC=C5C4=O,BACE1,-10.996,True,False,False,0.5250309542332611,3.1728000000000014,2.3040331470782096,425.4440000000002,,,,,,,0.001958471970686097,True,False,-10.996,,2.0,4.0,4.0,95.58,5.0,32.0,0.46832797,0.21646482,True,,,0.8525546161997535,1.0,CAN_ca05ade075f651e1,MOL_8276da499505c7f9,,,bace_pool_final_nontoxic-4.csv,/content/bace_pool_final_nontoxic-4.csv,reward_results_17.csv,,,,,,,,,,,,0.001958471970686097;;;;;;;;;;
RLHF_0274,Top docking que no pasa Boltz,CAN_e8ebb974629dd3f2,MOL_7dda1f76e08bcf1c,CC(C)OC1=CC(=CC=N1)C2=CC=C(N=C2)C(=O)NCC3=CC(=N[NH1]3)C#N,CC(C)OC1=CC(=CC=N1)C2=CC=C(N=C2)C(=O)NCC3=CC(=N[NH1]3)C#N,BACE1,-10.961486280997308,True,False,False,,2.4555800000000003,,362.3930000000001,0.6463593244552612,,,,,,0.002358589900181106,False,True,,-10.961486280997308,,,,,,,,,,,0.1717228144407272,,,,,CAN_e8ebb974629dd3f2,MOL_7dda1f76e08bcf1c,,,,2.0,final_multiplicative_ranked.csv; reward_results_24.csv,bace_4,bace_4/final_multiplicative_ranked.csv; bace_4/reward_results_24.csv,bace_4,intermediate,CC(C)OC1=CC(=CC=N1)C2=CC=C(N=C2)C(=O)NCC3=CC(=N[NH1]3)C#N,,2.4555800000000003,,362.3930000000001,0.002358589900181106;;;;;;;;
RLHF_0275,Top docking que no pasa Boltz,CAN_ec8596e97151f7d8,MOL_7961f4ee1f87073f,CC(C)(O)C1=CC=CC(=C1)C2=CC=C(N=C2)C(=O)NCC3=CC=NC(=N3)C#N,CC(C)(O)C1=CC=CC(=C1)C2=CC=C(N=C2)C(=O)NCC3=CC=NC(=N3)C#N,BACE1,-10.95502999236274,True,False,False,,2.56768,,373.4160000000001,0.282797634601593,,,,,,0.0024007075769700544,False,True,,-10.95502999236274,,,,,,,,,,,0.891472578048706,,,,,CAN_ec8596e97151f7d8,MOL_7961f4ee1f87073f,,,,10.0,final_multiplicative_ranked.csv; reward_results_19.csv; reward_results_21.csv; reward_results_22.csv; reward_results_25.csv; reward_results_28.csv,bace_4,bace_4/final_multiplicative_ranked.csv; bace_4/reward_results_19.csv; bace_4/reward_results_21.csv; bace_4/reward_results_22.csv; bace_4/reward_results_25.csv; bace_4/reward_results_28.csv,bace_4,intermediate,CC(C)(O)C1=CC=CC(=C1)C2=CC=C(N=C2)C(=O)NCC3=CC=NC(=N3)C#N,,2.56768,,373.4160000000001,0.0024007075769700544
RLHF_0276,Top docking que no pasa Boltz,CAN_b0ee24f5a8f03c69,MOL_cb8708e0ac7ebc3f,CN1C=CN=C1C2=CC=CC(=C2)C3=CC=C(N=C3)C(=O)NCC4=CC=NC(=N4)C#N,CN1C=CN=C1C2=CC=CC(=C2)C3=CC=C(N=C3)C(=O)NCC4=CC=NC(=N4)C#N,BACE1,-10.950690774463489,True,False,False,,2.74078,,395.42600000000016,0.5854600071907043,,,,,,0.0024428252537590026,False,True,,-10.950690774463489,,,,,,,,,,,0.7704299688339233,,,,,CAN_b0ee24f5a8f03c69,MOL_cb8708e0ac7ebc3f,,,,2.0,final_multiplicative_ranked.csv; reward_results_27.csv,bace_4,bace_4/final_multiplicative_ranked.csv; bace_4/reward_results_27.csv,bace_4,intermediate,CN1C=CN=C1C2=CC=CC(=C2)C3=CC=C(N=C3)C(=O)NCC4=CC=NC(=N4)C#N,,2.74078,,395.42600000000016,0.0024428252537590026;;;;;;;;
RLHF_0277,Top docking que no pasa Boltz,CAN_a4f3e178977ae06b,MOL_1af8b5c79ce106b1,CC(C)N1C=CC=C1C2=NC=C3C=CC(C(N)=O)=NC3=N2,CC(C)N1C=CC=C1C2=NC=C3C=CC(C(N)=O)=NC3=N2,BACE1,-10.935606250739507,True,False,False,,2.1731,,281.319,0.3145005106925964,,,,,,0.0025691782841258475,False,True,,-10.935606250739507,,,,,,,,,,,0.6165192723274231,,,,,CAN_a4f3e178977ae06b,MOL_1af8b5c79ce106b1,,,,2.0,final_multiplicative_ranked.csv; reward_results_16.csv,bace_4,bace_4/final_multiplicative_ranked.csv; bace_4/reward_results_16.csv,bace_4,intermediate,CC(C)N1C=CC=C1C2=NC=C3C=CC(C(N)=O)=NC3=N2,,2.1731,,281.319,0.0025691782841258475;;;;;;;;
RLHF_0278,Top docking que no pasa Boltz,CAN_30010542587ce294,MOL_63051aecd564b898,CC(C)(O)C1=CC=CC(=C1)C2=CC=C(N=C2)C(=O)NCC3C(=O)NC=C3C#N,CC(C)(O)C1=CC=CC(=C1)C2=CC=C(N=C2)C(=O)NCC3C(=O)NC=C3C#N,BACE1,-10.92712194618661,True,False,False,,1.85928,,376.4160000000001,0.4353388547897339,,,,,,0.0026955313144926924,False,True,,-10.92712194618661,,,,,,,,,,,0.8799645304679871,,,,,CAN_30010542587ce294,MOL_63051aecd564b898,,,,2.0,final_multiplicative_ranked.csv; reward_results_28.csv,bace_4,bace_4/final_multiplicative_ranked.csv; bace_4/reward_results_28.csv,bace_4,intermediate,CC(C)(O)C1=CC=CC(=C1)C2=CC=C(N=C2)C(=O)NCC3C(=O)NC=C3C#N,,1.85928,,376.4160000000001,0.0026955313144926924;;;;;;;;
RLHF_0279,Top docking que no pasa Boltz,CAN_c828778b118a13ba,MOL_b4752aa2cc486909,CC(=O)NC1=CC=CC(=C1)C2=CC=C(N=C2)C(=O)NCC3=CC=CC(=N3)C(N)=O,CC(=O)NC1=CC=CC(=C1)C2=CC=C(N=C2)C(=O)NCC3=CC=CC(=N3)C(N)=O,BACE1,-10.920517114639406,True,False,False,,2.1309,,389.4150000000002,0.410991907119751,,,,,,0.0028218843448595374,False,True,,-10.920517114639406,,,,,,,,,,,0.7302310466766357,,,,,CAN_c828778b118a13ba,MOL_b4752aa2cc486909,,,,5.0,final_multiplicative_ranked.csv; reward_results_27.csv; reward_results_28.csv; reward_results_29.csv,bace_4,bace_4/final_multiplicative_ranked.csv; bace_4/reward_results_27.csv; bace_4/reward_results_28.csv; bace_4/reward_results_29.csv,bace_4,intermediate,CC(=O)NC1=CC=CC(=C1)C2=CC=C(N=C2)C(=O)NCC3=CC=CC(=N3)C(N)=O,,2.1309,,389.4150000000002,0.0028218843448595374;;;;
RLHF_0280,Top docking que no pasa Boltz,CAN_e84482d1f5ed04d6,MOL_f9a5c91d0cf000e4,C=CC(=O)N1CCCN(C2=CC=C(C3=CN=C4N=CC=CN34)C=C2)C1,C=CC(=O)N1CCCN(C2=CC=C(C3=CN=C4N=CC=CN34)C=C2)C1,BACE1,-10.906420017602574,True,True,False,,2.578500000000001,,333.3950000000001,0.4146451950073242,,,,,,0.002990355052015331,False,True,,-10.906420017602574,,,,,,,,,,,1.2324159145355225,,,,,CAN_e84482d1f5ed04d6,MOL_f9a5c91d0cf000e4,,,,3.0,final_multiplicative_ranked.csv; bace_4.csv; reward_results_5.csv,bace_2; bace_3,bace_2/final_multiplicative_ranked.csv; bace_3/bace_4.csv; bace_3/reward_results_5.csv,bace_2; bace_3,intermediate; sent_to_boltz,C=CC(=O)N1CCCN(C2=CC=C(C3=CN=C4N=CC=CN34)C=C2)C1,,2.578500000000001,,333.3950000000001,0.002990355052015331;;;
RLHF_0281,Top docking que no pasa Boltz,CAN_130cee8f29893e1f,MOL_55d0ab49d6af4cbd,CC(C)CC1=CC=CC(=C1)C2=CC=C(N=C2)C(=O)NCC=C3C=C(NN=C3)N,CC(C)CC1=CC=CC(=C1)C2=CC=C(N=C2)C(=O)NCC=C3C=C(NN=C3)N,BACE1,-10.904063575374366,True,False,False,,2.9924,,375.4760000000001,0.7116696834564209,,,,,,0.0030745904055932273,False,True,,-10.904063575374366,,,,,,,,,,,-0.217223435640335,,,,,CAN_130cee8f29893e1f,MOL_55d0ab49d6af4cbd,,,,2.0,final_multiplicative_ranked.csv; reward_results_18.csv,bace_4,bace_4/final_multiplicative_ranked.csv; bace_4/reward_results_18.csv,bace_4,intermediate,CC(C)CC1=CC=CC(=C1)C2=CC=C(N=C2)C(=O)NCC=C3C=C(NN=C3)N,,2.9924,,375.4760000000001,0.0030745904055932273;;;;;;;;
RLHF_0282,Top docking que no pasa Boltz,CAN_1cd7d66b4d765100,MOL_dbc519932a01a530,CS(=O)(=O)C1=CC=CC(=C1)C2=CC=C(N=C2)C(=O)NCC3=CC=NC(=N3)C#N,CS(=O)(=O)C1=CC=CC(=C1)C2=CC=C(N=C2)C(=O)NCC3=CC=NC(=N3)C#N,BACE1,-10.902683720644095,True,False,False,,1.74378,,393.42800000000017,0.4160773754119873,,,,,,0.003116708082382176,False,True,,-10.902683720644095,,,,,,,,,,,0.758125901222229,,,,,CAN_1cd7d66b4d765100,MOL_dbc519932a01a530,,,,2.0,final_multiplicative_ranked.csv; reward_results_25.csv,bace_4,bace_4/final_multiplicative_ranked.csv; bace_4/reward_results_25.csv,bace_4,intermediate,CS(=O)(=O)C1=CC=CC(=C1)C2=CC=C(N=C2)C(=O)NCC3=CC=NC(=N3)C#N,,1.74378,,393.42800000000017,0.003116708082382176;;;;;;;;
RLHF_0283,Top docking que no pasa Boltz,CAN_296bcb8411433f83,MOL_26069a735dabaa69,C[C@@H]1CCCN1C(=O)c1ccc(C=C2C=C=c3c4c(ccc3=C2)C(=O)NCC4)cc1,C1CC[C@@H1](C)N1C(=O)C2=CC=C(C=C2)C=C3C=C4C=CC5=C(CCNC5=O)C4=C=C3,BACE1,-10.9,True,False,False,0.8476486070181328,2.4103000000000003,3.809195671296808,396.4900000000002,,,,,,,0.0033483553047213917,True,False,-10.9,,1.0,2.0,2.0,49.41,5.0,30.0,0.48878527,0.18801802,True,,,0.9688616701988484,1.0,CAN_719455f4b8cf7dab,MOL_26069a735dabaa69,,,bace_pool_final_nontoxic-2.csv,/content/bace_pool_final_nontoxic-2.csv,docking_results_3_23.csv,,,,,,,,,,,,0.0033483553047213917;;;;;;;;;;
RLHF_0284,Top docking que no pasa Boltz,CAN_1a5a43c416277dea,MOL_fc9c4aa1b65bcd1f,C[NH+][C@H]1CCC[C@H](c2ccc(-c3ccc4ccc5c(c4c3)CCNC5=O)cc2)O1,C[NH1+1][C@H1]1CCC[C@@H1](O1)C2=CC=C(C=C2)C3=CC=C4C=CC5=C(CCNC5=O)C4=C3,BACE1,-10.9,True,False,False,0.7254297077750387,3.339400000000002,3.8195176995493534,386.4950000000002,,,,,,,0.0033483553047213917,True,False,-10.9,,2.0,3.0,3.0,53.93,5.0,29.0,0.3285628,0.13646865,True,,,0.7655698392642017,1.0,CAN_127c1556a7411643,MOL_fc9c4aa1b65bcd1f,,,bace_pool_final_nontoxic-2.csv,/content/bace_pool_final_nontoxic-2.csv,docking_results_3_18.csv,,,,,,,,,,,,0.0033483553047213917;;;;;;;;;;
RLHF_0285,Top docking que no pasa Boltz,CAN_84364609d0e90395,MOL_0b95e3a572d0aa83,O=C1NCCc2c1ccc1ccc(-c3ccc(N4CCCOCC4)nc3)cc21,C1COCCN(C1)C2=CC=C(C=N2)C3=CC=C4C=CC5=C(CCNC5=O)C4=C3,BACE1,-10.9,True,False,False,0.747926600443142,3.414400000000001,2.4987380358582154,373.4560000000002,,,,,,,0.0033483553047213917,True,False,-10.9,,1.0,4.0,2.0,54.46,5.0,28.0,0.31990397,0.11929554,True,,,0.734510723013827,1.0,CAN_47fba99a2f973701,MOL_0b95e3a572d0aa83,,,bace_pool_final_nontoxic-2.csv,/content/bace_pool_final_nontoxic-2.csv,docking_results_3_16.csv,,,,,,,,,,,,0.0033483553047213917;;;;;;;;;;
RLHF_0286,Top docking que no pasa Boltz,CAN_296500bf620c9485,MOL_5c5218bd2cc07cc6,O=C1NCCc2c1ccc1ccc(-c3ccc(C4OCCNC4=O)cc3)cc21,C1COC(C(=O)N1)C2=CC=C(C=C2)C3=CC=C4C=CC5=C(CCNC5=O)C4=C3,BACE1,-10.9,True,False,False,0.726760653699036,2.980200000000001,3.133299546163636,372.4240000000002,,,,,,,0.0033483553047213917,True,False,-10.9,,2.0,3.0,2.0,67.43,5.0,28.0,0.23250118,0.0998951,True,,,0.8960694549588113,1.0,CAN_366bcb56149367d7,MOL_5c5218bd2cc07cc6,,,bace_pool_final_nontoxic-2.csv,/content/bace_pool_final_nontoxic-2.csv,docking_results_3_26.csv,,,,,,,,,,,,0.0033483553047213917;;;;;;;;;;
RLHF_0287,Top docking que no pasa Boltz,CAN_21d2f2fd4b8b2ac4,MOL_6cf699f0668e0e80,O=C(O[C@@H]1CCCNC1)c1ccc(-c2ccc3ccc4c(c3c2)CCNC4=O)cc1,O=C(O[C@@H1]1CCCNC1)C2=CC=C(C=C2)C3=CC=C4C=CC5=C(CCNC5=O)C4=C3,BACE1,-10.9,True,False,False,0.6581341359476489,3.701500000000003,2.954361369391816,400.4780000000002,,,,,,,0.0033483553047213917,True,False,-10.9,,2.0,4.0,3.0,67.43,5.0,30.0,0.24114348,0.11192169,True,,,0.6148286773181654,1.0,CAN_0829de013e1c9421,MOL_6cf699f0668e0e80,,,bace_pool_final_nontoxic-2.csv,/content/bace_pool_final_nontoxic-2.csv,docking_results_3_23.csv,,,,,,,,,,,,0.0033483553047213917;;;;;;;;;;
RLHF_0288,Top docking que no pasa Boltz,CAN_66da2d3dafd2e103,MOL_38fa1e0c2d51c1e7,NC1(CO)CC[C@@H](c2ccc(-c3ccc4ccc5c(c4c3)CCNC5=O)cc2)C1,C1C[C@H1](CC1(N)CO)C2=CC=C(C=C2)C3=CC=C4C=CC5=C(CCNC5=O)C4=C3,BACE1,-10.9,True,False,False,0.6416869489959552,3.750000000000002,3.399228966517681,386.4950000000002,,,,,,,0.0033483553047213917,True,False,-10.9,,3.0,3.0,3.0,75.35,5.0,29.0,0.28123686,0.121120356,True,,,0.5953658827604564,1.0,CAN_f2326c013a34fe72,MOL_38fa1e0c2d51c1e7,,,bace_pool_final_nontoxic-2.csv,/content/bace_pool_final_nontoxic-2.csv,docking_results_3_19.csv,,,,,,,,,,,,0.0033483553047213917;;;;;;;;;;
RLHF_0289,Top docking que no pasa Boltz,CAN_f6355351dadcaf74,MOL_d08c553182ee5392,C[C@H1](NC(=O)C1=CC=CC(=C1)C2=CC=C(N=C2)C3=CC=C4C=CC=CC4[NH1]3)C(N)=O,C[C@H1](NC(=O)C1=CC=CC(=C1)C2=CC=C(N=C2)C3=CC=C4C=CC=CC4[NH1]3)C(N)=O,BACE1,-10.888801236239276,True,False,False,,2.7173,,398.46600000000007,0.584059476852417,,,,,,0.0035800025270606075,False,True,,-10.888801236239276,,,,,,,,,,,0.4630221724510193,,,,,CAN_f6355351dadcaf74,MOL_d08c553182ee5392,,,,2.0,final_multiplicative_ranked.csv; reward_results_27.csv,bace_4,bace_4/final_multiplicative_ranked.csv; bace_4/reward_results_27.csv,bace_4,intermediate,C[C@H1](NC(=O)C1=CC=CC(=C1)C2=CC=C(N=C2)C3=CC=C4C=CC=CC4[NH1]3)C(N)=O,,2.7173,,398.46600000000007,0.0035800025270606075;;;;;;;;
RLHF_0290,Top docking que no pasa Boltz,CAN_95cabf95f37edf8f,MOL_a9ec7637a68d7761,CC[C@H1](C)C(=O)NC1=CC(=CC=N1)C2=CC=C(N=C2)C(=O)NC=CC=C,CC[C@H1](C)C(=O)NC1=CC(=CC=N1)C2=CC=C(N=C2)C(=O)NC=CC=C,BACE1,-10.869656744855648,True,False,False,,3.5577000000000023,,350.4220000000001,0.4025288224220276,,,,,,0.0038327085877942974,False,True,,-10.869656744855648,,,,,,,,,,,0.6562650799751282,,,,,CAN_95cabf95f37edf8f,MOL_a9ec7637a68d7761,,,,2.0,final_multiplicative_ranked.csv; reward_results_12.csv,bace_4,bace_4/final_multiplicative_ranked.csv; bace_4/reward_results_12.csv,bace_4,intermediate,CC[C@H1](C)C(=O)NC1=CC(=CC=N1)C2=CC=C(N=C2)C(=O)NC=CC=C,,3.5577000000000023,,350.4220000000001,0.0038327085877942974;;;;;;;;
RLHF_0291,Top docking que no pasa Boltz,CAN_d243999a9a200ec3,MOL_5890eb8332bfdac5,CC[C@@]1(C)N=C(O)N(CC(=O)NC2=CC=C(OC(F)(F)F)C=C2)C1=O,CC[C@@]1(C)N=C(O)N(CC(=O)NC2=CC=C(OC(F)(F)F)C=C2)C1=O,BACE1,-10.86418695501654,True,True,False,,2.4486000000000008,,359.30400000000003,0.353864848613739,,,,,,0.003959061618161142,False,True,,-10.86418695501654,,,,,,,,,,,1.331153392791748,,,,,CAN_d243999a9a200ec3,MOL_5890eb8332bfdac5,,,,3.0,final_multiplicative_ranked.csv; bace_4.csv; reward_results_2.csv,bace_2; bace_3,bace_2/final_multiplicative_ranked.csv; bace_3/bace_4.csv; bace_3/reward_results_2.csv,bace_2; bace_3,intermediate; sent_to_boltz,CC[C@@]1(C)N=C(O)N(CC(=O)NC2=CC=C(OC(F)(F)F)C=C2)C1=O,,2.4486000000000008,,359.30400000000003,0.003959061618161142;;;
RLHF_0292,Top docking que no pasa Boltz,CAN_34724cf4658ed6a3,MOL_7e6b670aab5d4ed1,CCCOC(=O)C1=CC=CC(=C1)C2=CC=C(N=C2)C(=O)NCC3=CC=NC(=N3)C#N,CCCOC(=O)C1=CC=CC(=C1)C2=CC=C(N=C2)C(=O)NCC3=CC=NC(=N3)C#N,BACE1,-10.86396501361832,True,False,False,,2.907080000000001,,401.4260000000001,0.3504393696784973,,,,,,0.004001179294950091,False,True,,-10.86396501361832,,,,,,,,,,,0.7328649759292603,,,,,CAN_34724cf4658ed6a3,MOL_7e6b670aab5d4ed1,,,,2.0,final_multiplicative_ranked.csv; reward_results_26.csv,bace_4,bace_4/final_multiplicative_ranked.csv; bace_4/reward_results_26.csv,bace_4,intermediate,CCCOC(=O)C1=CC=CC(=C1)C2=CC=C(N=C2)C(=O)NCC3=CC=NC(=N3)C#N,,2.907080000000001,,401.4260000000001,0.004001179294950091;;;;;;;;
RLHF_0293,Top docking que no pasa Boltz,CAN_8982827084550d2b,MOL_47a25bc694ef4d2a,CN1C=CC2=CC(C3=CC(C(=O)NCC4=CC=CC=C4)=NN3C)=CC=C21,CN1C=CC2=CC(C3=CC(C(=O)NCC4=CC=CC=C4)=NN3C)=CC=C21,BACE1,-10.855542741334554,True,True,False,,3.5088000000000026,,344.41800000000006,0.5453690886497498,,,,,,0.004296003032472729,False,True,,-10.855542741334554,,,,,,,,,,,1.3577855825424194,,,,,CAN_8982827084550d2b,MOL_47a25bc694ef4d2a,,,,3.0,final_multiplicative_ranked.csv; bace_4.csv; reward_results_8.csv,bace_2; bace_3,bace_2/final_multiplicative_ranked.csv; bace_3/bace_4.csv; bace_3/reward_results_8.csv,bace_2; bace_3,intermediate; sent_to_boltz,CN1C=CC2=CC(C3=CC(C(=O)NCC4=CC=CC=C4)=NN3C)=CC=C21,,3.5088000000000026,,344.41800000000006,0.004296003032472729;;;
RLHF_0294,Top docking que no pasa Boltz,CAN_651f4c8eb171c9ea,MOL_e49dde7e945861e4,CCOC(=O)C1=CC=CC(=C1)C2=CC=C(N=C2)C(=O)NCC=C3C=C(NN=C3)N,CCOC(=O)C1=CC=CC(=C1)C2=CC=C(N=C2)C(=O)NCC=C3C=C(NN=C3)N,BACE1,-10.850521255680114,True,False,False,,1.9706,,391.4310000000001,0.7293336987495422,,,,,,0.0044223560628395735,False,True,,-10.850521255680114,,,,,,,,,,,0.4563870429992676,,,,,CAN_651f4c8eb171c9ea,MOL_e49dde7e945861e4,,,,2.0,final_multiplicative_ranked.csv; reward_results_22.csv,bace_4,bace_4/final_multiplicative_ranked.csv; bace_4/reward_results_22.csv,bace_4,intermediate,CCOC(=O)C1=CC=CC(=C1)C2=CC=C(N=C2)C(=O)NCC=C3C=C(NN=C3)N,,1.9706,,391.4310000000001,0.0044223560628395735;;;;;;;;
RLHF_0295,Top docking que no pasa Boltz,CAN_b4920532f9718757,MOL_38acdda6cfbe26db,CC(=O)N(C)C1=CC=CC(=C1)C2=CC=C(N=C2)C(=O)NCCC#N,CC(=O)N(C)C1=CC=CC(=C1)C2=CC=C(N=C2)C(=O)NCCC#N,BACE1,-10.845310821473596,True,False,False,,2.3747800000000003,,322.36800000000005,0.2075286209583282,,,,,,0.004590826769995367,False,True,,-10.845310821473596,,,,,,,,,,,1.3636417388916016,,,,,CAN_b4920532f9718757,MOL_38acdda6cfbe26db,,,,2.0,final_multiplicative_ranked.csv; reward_results_29.csv,bace_4,bace_4/final_multiplicative_ranked.csv; bace_4/reward_results_29.csv,bace_4,intermediate,CC(=O)N(C)C1=CC=CC(=C1)C2=CC=C(N=C2)C(=O)NCCC#N,,2.3747800000000003,,322.36800000000005,0.004590826769995367;;;;;;;;
RLHF_0296,Top docking que no pasa Boltz,CAN_7c484e8d03578d47,MOL_4cce96be6d682c4f,CCCCC1=CC(=CC=N1)C2=CC=C(N=C2)C(=O)NCC3=CC=C(N=C3)C(N)=O,CCCCC1=CC(=CC=N1)C2=CC=C(N=C2)C(=O)NCC3=CC=C(N=C3)C(N)=O,BACE1,-10.839408415780133,True,False,False,,2.9101,,389.4590000000002,0.5692221522331238,,,,,,0.004675062123573263,False,True,,-10.839408415780133,,,,,,,,,,,-0.0053933560848236,,,,,CAN_7c484e8d03578d47,MOL_4cce96be6d682c4f,,,,2.0,final_multiplicative_ranked.csv; reward_results_21.csv,bace_4,bace_4/final_multiplicative_ranked.csv; bace_4/reward_results_21.csv,bace_4,intermediate,CCCCC1=CC(=CC=N1)C2=CC=C(N=C2)C(=O)NCC3=CC=C(N=C3)C(N)=O,,2.9101,,389.4590000000002,0.004675062123573263;;;;;;;;
RLHF_0297,Top docking que no pasa Boltz,CAN_9099527fbe20d5b8,MOL_e8d63a822d162489,CCCCC(=O)NCC1=CC=C(N=C1)C2=CC=CC(=C2)C3=CN=CN3C=O,CCCCC(=O)NCC1=CC=C(N=C1)C2=CC=CC(=C2)C3=CN=CN3C=O,BACE1,-10.837852355188913,True,False,False,,3.456800000000002,,362.4330000000001,0.4561727643013,,,,,,0.004801415153940109,False,True,,-10.837852355188913,,,,,,,,,,,0.4740447402000427,,,,,CAN_9099527fbe20d5b8,MOL_e8d63a822d162489,,,,2.0,final_multiplicative_ranked.csv; reward_results_9.csv,bace_4,bace_4/final_multiplicative_ranked.csv; bace_4/reward_results_9.csv,bace_4,intermediate,CCCCC(=O)NCC1=CC=C(N=C1)C2=CC=CC(=C2)C3=CN=CN3C=O,,3.456800000000002,,362.4330000000001,0.004801415153940109;;;;;;;;
RLHF_0298,Top docking que no pasa Boltz,CAN_0910243a0fa45d37,MOL_3901fa6483ab4c00,CC(C)(O)C1=CC=CC(=C1)C2=CC=C(N=C2)C(=O)NCC3=CC=CC(=N3)C(N)=O,CC(C)(O)C1=CC=CC(=C1)C2=CC=C(N=C2)C(=O)NCC3=CC=CC(=N3)C(N)=O,BACE1,-10.83570731451752,True,False,False,,2.3999,,390.44300000000015,0.5425624847412109,,,,,,0.004843532830729057,False,True,,-10.83570731451752,,,,,,,,,,,0.9618041515350342,,,,,CAN_0910243a0fa45d37,MOL_3901fa6483ab4c00,,,,5.0,final_multiplicative_ranked.csv; reward_results_22.csv; reward_results_28.csv; reward_results_29.csv,bace_4,bace_4/final_multiplicative_ranked.csv; bace_4/reward_results_22.csv; bace_4/reward_results_28.csv; bace_4/reward_results_29.csv,bace_4,intermediate,CC(C)(O)C1=CC=CC(=C1)C2=CC=C(N=C2)C(=O)NCC3=CC=CC(=N3)C(N)=O,,2.3999,,390.44300000000015,0.004843532830729057;;;;
RLHF_0299,Top docking que no pasa Boltz,CAN_73c483872b94f31c,MOL_29d66638c92bdec5,CC(C)N1N=CC=C1C(=O)NC2=CC3=C(C=CN3CC(=O)N4CCOCC4)C=C2,CC(C)N1N=CC=C1C(=O)NC2=CC3=C(C=CN3CC(=O)N4CCOCC4)C=C2,BACE1,-10.831308430222292,True,True,False,,2.5298000000000007,,395.46300000000025,0.2113967537879943,,,,,,0.004927768184306953,False,True,,-10.831308430222292,,,,,,,,,,,1.2679543495178225,,,,,CAN_73c483872b94f31c,MOL_29d66638c92bdec5,,,,3.0,final_multiplicative_ranked.csv; bace_4.csv; reward_results_18.csv,bace_2; bace_3,bace_2/final_multiplicative_ranked.csv; bace_3/bace_4.csv; bace_3/reward_results_18.csv,bace_2; bace_3,intermediate; sent_to_boltz,CC(C)N1N=CC=C1C(=O)NC2=CC3=C(C=CN3CC(=O)N4CCOCC4)C=C2,,2.5298000000000007,,395.46300000000025,0.004927768184306953;;;
RLHF_0300,Top docking que no pasa Boltz,CAN_fb73f73ba1a86f64,MOL_0effb276e61eaa6b,C#CCOC1=CC=CC(=C1)C2=CC=C(N=C2)C(=O)NCC3=CC=NC(=N3)C#N,C#CCOC1=CC=CC(=C1)C2=CC=C(N=C2)C(=O)NCC3=CC=NC(=N3)C#N,BACE1,-10.830162820179382,True,False,False,,2.3522800000000004,,369.3840000000001,0.5557485222816467,,,,,,0.004969885861095902,False,True,,-10.830162820179382,,,,,,,,,,,0.1921384036540985,,,,,CAN_fb73f73ba1a86f64,MOL_0effb276e61eaa6b,,,,2.0,final_multiplicative_ranked.csv; reward_results_20.csv,bace_4,bace_4/final_multiplicative_ranked.csv; bace_4/reward_results_20.csv,bace_4,intermediate,C#CCOC1=CC=CC(=C1)C2=CC=C(N=C2)C(=O)NCC3=CC=NC(=N3)C#N,,2.3522800000000004,,369.3840000000001,0.004969885861095902;;;;;;;;
RLHF_0301,Top docking que no pasa Boltz,CAN_f33b37dcb16a18c5,MOL_47022fe1a41037f4,CC(C)(NC(=O)C1=CC=CC(F)=C1)C(=O)NC2=CC3=C4C(=C2)C(=O)N=CN4CCC3,CC(C)(NC(=O)C1=CC=CC(F)=C1)C(=O)NC2=CC3=C4C(=C2)C(=O)N=CN4CCC3,BACE1,-10.83,True,False,False,,2.6289000000000007,,408.4330000000002,,,,,,,0.005033062376279324,False,True,,-10.83,,,,,,,,,,,,,,,,CAN_f33b37dcb16a18c5,MOL_47022fe1a41037f4,,,,1.0,reward_results_28.csv,bace_3,bace_3/reward_results_28.csv,bace_3,intermediate,CC(C)(NC(=O)C1=CC=CC(F)=C1)C(=O)NC2=CC3=C4C(=C2)C(=O)N=CN4CCC3,,2.6289000000000007,,408.4330000000002,0.005033062376279324;;;;;;;;;;
RLHF_0302,Top docking que no pasa Boltz,CAN_0cc2787e961b6b93,MOL_e2298f277e26ae64,CC(C)C1=CC=CC(=C1)C2=CC=C(N=C2)C(=O)NCC3=CC=NC(=N3)C#N,CC(C)C1=CC=CC(=C1)C2=CC=C(N=C2)C(=O)NCC3=CC=NC(=N3)C#N,BACE1,-10.824393810281544,True,False,False,,3.463680000000002,,357.41700000000003,0.5614922046661377,,,,,,0.00526470959861854,False,True,,-10.824393810281544,,,,,,,,,,,0.0467493832111358,,,,,CAN_0cc2787e961b6b93,MOL_e2298f277e26ae64,,,,2.0,final_multiplicative_ranked.csv; reward_results_25.csv,bace_4,bace_4/final_multiplicative_ranked.csv; bace_4/reward_results_25.csv,bace_4,intermediate,CC(C)C1=CC=CC(=C1)C2=CC=C(N=C2)C(=O)NCC3=CC=NC(=N3)C#N,,3.463680000000002,,357.41700000000003,0.00526470959861854;;;;;;;;
RLHF_0303,Top docking que no pasa Boltz,CAN_606ee6b93b299ae3,MOL_7c6ee765fcff7422,CC[S@@](=O)[C@@H1]1CCC[C@@H1](NC2=NC=CC(C3=NC(C)=CS3)=N2)C1,CC[S@@](=O)[C@@H1]1CCC[C@@H1](NC2=NC=CC(C3=NC(C)=CS3)=N2)C1,BACE1,-10.82335867951548,True,True,False,,3.400220000000002,,350.5130000000001,0.2719131112098694,,,,,,0.005348944952196437,False,True,,-10.82335867951548,,,,,,,,,,,0.966977834701538,,,,,CAN_606ee6b93b299ae3,MOL_7c6ee765fcff7422,,,,4.0,final_multiplicative_ranked.csv; bace_4.csv; boltz_output.csv; reward_results_7.csv,bace_2; bace_3,bace_2/final_multiplicative_ranked.csv; bace_3/bace_4.csv; bace_3/boltz_output.csv; bace_3/reward_results_7.csv,bace_2; bace_3,intermediate; sent_to_boltz; unknown,CC[S@@](=O)[C@@H1]1CCC[C@@H1](NC2=NC=CC(C3=NC(C)=CS3)=N2)C1,,3.400220000000002,,350.5130000000001,0.005348944952196437
RLHF_0304,Top docking que no pasa Boltz,CAN_677f513cbbcd5ac0,MOL_382f378b9e585240,CC(C)OC1=CC=CC(=C1)C2=CC=C(N=C2)C(=O)NC3C=CC(=N3)C#N,CC(C)OC1=CC=CC(=C1)C2=CC=C(N=C2)C(=O)NC3C=CC(=N3)C#N,BACE1,-10.81876417905616,True,False,False,,3.126080000000001,,346.39000000000004,0.6202656626701355,,,,,,0.0055595333361411784,False,True,,-10.81876417905616,,,,,,,,,,,0.9737519025802612,,,,,CAN_677f513cbbcd5ac0,MOL_382f378b9e585240,,,,2.0,final_multiplicative_ranked.csv; reward_results_28.csv,bace_4,bace_4/final_multiplicative_ranked.csv; bace_4/reward_results_28.csv,bace_4,intermediate,CC(C)OC1=CC=CC(=C1)C2=CC=C(N=C2)C(=O)NC3C=CC(=N3)C#N,,3.126080000000001,,346.39000000000004,0.0055595333361411784;;;;;;;;
RLHF_0305,Top docking que no pasa Boltz,CAN_c8facf9b1673cefc,MOL_49c2c7c9133c9188,C1OC=CC=C1CNC2=C(F)C(=CC=C2C(N)=O)CC=C(C=C)S(N)(=O)=O,C1OC=CC=C1CNC2=C(F)C(=CC=C2C(N)=O)CC=C(C=C)S(N)(=O)=O,BACE1,-10.818602845460074,True,False,False,,,,,0.2809452414512634,,,,,5.073117,0.005601651012930127,False,True,,-10.818602845460074,,,,,,,,,,,0.926883101463318,,,,,CAN_c8facf9b1673cefc,MOL_49c2c7c9133c9188,,,,2.0,bace_boltz_affinity_probability_ranked_v2_pic50_corrected.csv; bace_multiplicative_ranked.csv,bace,bace/bace_boltz_affinity_probability_ranked_v2_pic50_corrected.csv; bace/bace_multiplicative_ranked.csv,bace,intermediate,C1OC=CC=C1CNC2=C(F)C(=CC=C2C(N)=O)CC=C(C=C)S(N)(=O)=O,,,,,0.005601651012930127;;;;;;;;
RLHF_0306,Top docking que no pasa Boltz,CAN_3675d790973d08e5,MOL_64cb5c1f61c3fc82,CCCOC1=CC=CC(=C1)C2=CC=C(N=C2)C(=O)NCC3=CC=NC(=N3)C#N,CCCOC1=CC=CC(=C1)C2=CC=C(N=C2)C(=O)NCC3=CC=NC(=N3)C#N,BACE1,-10.815917566339458,True,False,False,,3.129080000000001,,373.4160000000001,0.5491765737533569,,,,,,0.005812239396874868,False,True,,-10.815917566339458,,,,,,,,,,,0.4003981351852417,,,,,CAN_3675d790973d08e5,MOL_64cb5c1f61c3fc82,,,,2.0,final_multiplicative_ranked.csv; reward_results_21.csv,bace_4,bace_4/final_multiplicative_ranked.csv; bace_4/reward_results_21.csv,bace_4,intermediate,CCCOC1=CC=CC(=C1)C2=CC=C(N=C2)C(=O)NCC3=CC=NC(=N3)C#N,,3.129080000000001,,373.4160000000001,0.005812239396874868;;;;;;;;
RLHF_0307,Top docking que no pasa Boltz,CAN_13d1a9fc081e88cb,MOL_1dd5e50db0e72b62,CC(C)OC1=CC=CC(=C1)C2=CC=C(N=C2)C(=O)NC3C=CC(=N3)C(N)=O,CC(C)OC1=CC=CC(=C1)C2=CC=C(N=C2)C(=O)NC3C=CC(=N3)C(N)=O,BACE1,-10.814238598460133,True,False,False,,2.0878,,364.4050000000001,0.6914458274841309,,,,,,0.005938592427241714,False,True,,-10.814238598460133,,,,,,,,,,,0.9448469877243042,,,,,CAN_13d1a9fc081e88cb,MOL_1dd5e50db0e72b62,,,,4.0,final_multiplicative_ranked.csv; reward_results_26.csv,bace_4,bace_4/final_multiplicative_ranked.csv; bace_4/reward_results_26.csv,bace_4,intermediate,CC(C)OC1=CC=CC(=C1)C2=CC=C(N=C2)C(=O)NC3C=CC(=N3)C(N)=O,,2.0878,,364.4050000000001,0.005938592427241714;;;;;;;;
RLHF_0308,Top docking que no pasa Boltz,CAN_8ddb4b5f1242fbaf,MOL_9995177433d6817b,CCC=CC1=CCC2=CC(=CC=C12)C(=O)NC3=CC=C(C=N3)[C@H1]4CNCCO4,CCC=CC1=CCC2=CC(=CC=C12)C(=O)NC3=CC=C(C=N3)[C@H1]4CNCCO4,BACE1,-10.814209749187532,True,False,False,,,,,0.4987353086471557,,,,,6.241079,0.005980710104030662,False,True,,-10.814209749187532,,,,,,,,,,,-0.2410788238048553,,,,,CAN_8ddb4b5f1242fbaf,MOL_9995177433d6817b,,,,2.0,bace_boltz_affinity_probability_ranked_v2_pic50_corrected.csv; bace_multiplicative_ranked.csv,bace,bace/bace_boltz_affinity_probability_ranked_v2_pic50_corrected.csv; bace/bace_multiplicative_ranked.csv,bace,intermediate,CCC=CC1=CCC2=CC(=CC=C12)C(=O)NC3=CC=C(C=N3)[C@H1]4CNCCO4,,,,,0.005980710104030662;;;;;;;;
RLHF_0309,Top docking que no pasa Boltz,CAN_017ee4838b06c37d,MOL_75c1f3f425c8069d,C1OC=CC=C1CNC(=O)C2=CC=C3C(=C2)C(=O)N(CCN4CCOCC4)C3=C,C1OC=CC=C1CNC(=O)C2=CC=C3C(=C2)C(=O)N(CCN4CCOCC4)C3=C,BACE1,-10.804432653102072,True,True,False,,1.6454,,395.45900000000034,0.1902326643466949,,,,,,0.0062755338415533,False,True,,-10.804432653102072,,,,,,,,,,,1.6048986911773682,,,,,CAN_017ee4838b06c37d,MOL_75c1f3f425c8069d,,,,3.0,final_multiplicative_ranked.csv; bace_4.csv; reward_results_27.csv,bace_2; bace_3,bace_2/final_multiplicative_ranked.csv; bace_3/bace_4.csv; bace_3/reward_results_27.csv,bace_2; bace_3,intermediate; sent_to_boltz,C1OC=CC=C1CNC(=O)C2=CC=C3C(=C2)C(=O)N(CCN4CCOCC4)C3=C,,1.6454,,395.45900000000034,0.0062755338415533;;;
RLHF_0310,Top docking que no pasa Boltz,CAN_796e6dc5b6ca7aec,MOL_9d6b4caf5dac1c57,CC1=C(C2=CC(C(=O)NCC3=CC=C4C(=C3)OCO4)=CC=C2C)NC=NN1C,CC1=C(C2=CC(C(=O)NCC3=CC=C4C(=C3)OCO4)=CC=C2C)NC=NN1C,BACE1,-10.801406824982337,True,True,False,,2.820520000000001,,378.432,0.2924370467662811,,,,,,0.006486122225498042,False,True,,-10.801406824982337,,,,,,,,,,,1.4961390495300293,,,,,CAN_796e6dc5b6ca7aec,MOL_9d6b4caf5dac1c57,,,,3.0,final_multiplicative_ranked.csv; bace_4.csv; reward_results_11.csv,bace_2; bace_3,bace_2/final_multiplicative_ranked.csv; bace_3/bace_4.csv; bace_3/reward_results_11.csv,bace_2; bace_3,intermediate; sent_to_boltz,CC1=C(C2=CC(C(=O)NCC3=CC=C4C(=C3)OCO4)=CC=C2C)NC=NN1C,,2.820520000000001,,378.432,0.006486122225498042;;;
RLHF_0311,Top docking que no pasa Boltz,CAN_1ec6bd1282319ccf,MOL_fb636f1e4ad3451c,O=C(Cc1cccc2ccccc12)NC(=O)c1ccc2ccc3c(c2c1)CCNC3=O,O=C(CC1=CC=CC2=CC=CC=C12)NC(=O)C3=CC=C4C=CC5=C(CCNC5=O)C4=C3,BACE1,-10.8,True,False,False,0.5417921287241821,3.778000000000002,2.350556011294705,408.4570000000002,,,,,,,0.006675651771048309,True,False,-10.8,,2.0,3.0,3.0,75.27000000000001,5.0,31.0,0.31675926,0.123968095,True,,,0.5806570786821863,1.0,CAN_7139e97c3ff6e1bc,MOL_fb636f1e4ad3451c,,,bace_pool_final_nontoxic-2.csv,/content/bace_pool_final_nontoxic-2.csv,docking_results_3_25.csv,,,,,,,,,,,,0.006675651771048309;;;;;;;;;;
RLHF_0312,Top docking que no pasa Boltz,CAN_2b0cd7f66dfb7840,MOL_9c05f92f318b12d8,O=C1NCCc2c1ccc1ccc(C3C(=O)NN(c4ccc(O)cc4)C3=O)cc21,O=C1NN(C2=CC=C(O)C=C2)C(=O)C1C3=CC=C4C=CC5=C(CCNC5=O)C4=C3,BACE1,-10.8,True,False,False,0.5858798582263941,1.9929,3.254199132384977,387.39500000000015,,,,,,,0.006675651771048309,True,False,-10.8,,3.0,4.0,2.0,98.74,5.0,29.0,0.49568006,0.20884031,True,,,0.8823501281963234,1.0,CAN_ec26f91c1303d9af,MOL_9c05f92f318b12d8,,,bace_pool_final_nontoxic-2.csv,/content/bace_pool_final_nontoxic-2.csv,docking_results_3_29.csv,,,,,,,,,,,,0.006675651771048309;;;;;;;;;;
RLHF_0313,Top docking que no pasa Boltz,CAN_255086a542ec1e45,MOL_c471a1ec430e4173,Cc1cc(C(=O)N2CCOCC2)ccc1C=C1C=C=c2c3c(ccc2=C1)C(=O)NCC3,CC1=CC(C(=O)N2CCOCC2)=CC=C1C=C3C=C4C=CC5=C(CCNC5=O)C4=C=C3,BACE1,-10.8,True,False,False,0.8147565645350361,1.56662,3.4225806266793217,412.4890000000002,,,,,,,0.006675651771048309,True,False,-10.8,,1.0,3.0,2.0,58.64,5.0,31.0,0.4082584,0.1316108,True,,,0.7220181427421785,1.0,CAN_b23911096d528b95,MOL_c471a1ec430e4173,,,bace_pool_final_nontoxic-2.csv,/content/bace_pool_final_nontoxic-2.csv,docking_results_3_24.csv,,,,,,,,,,,,0.006675651771048309;;;;;;;;;;
RLHF_0314,Top docking que no pasa Boltz,CAN_cf6d8ff054b55e18,MOL_5e04fa0dd1c14267,CC(C)CN(C(=O)COC(=O)C1=CC(S(=O)(=O)NC2CCCCC2)=CC=C1Cl)C3CC3,CC(C)CN(C(=O)COC(=O)C1=CC(S(=O)(=O)NC2CCCCC2)=CC=C1Cl)C3CC3,BACE1,-10.789979643006976,True,True,False,,3.754800000000002,,471.0190000000004,0.2106421887874603,,,,,,0.007117887377332266,False,True,,-10.789979643006976,,,,,,,,,,,0.5170780420303345,,,,,CAN_cf6d8ff054b55e18,MOL_5e04fa0dd1c14267,,,,3.0,final_multiplicative_ranked.csv; bace_4.csv; reward_results_14.csv,bace_2; bace_3,bace_2/final_multiplicative_ranked.csv; bace_3/bace_4.csv; bace_3/reward_results_14.csv,bace_2; bace_3,intermediate; sent_to_boltz,CC(C)CN(C(=O)COC(=O)C1=CC(S(=O)(=O)NC2CCCCC2)=CC=C1Cl)C3CC3,,3.754800000000002,,471.0190000000004,0.007117887377332266;;;
RLHF_0315,Top docking que no pasa Boltz,CAN_d914ba5870fde389,MOL_e396264d0bee5d7a,C[C@@]1(CNCCN1C2=CC=CC=C2CC(=O)O)C3=CC=C4C=CC=CC4=C3,C[C@@]1(CNCCN1C2=CC=CC=C2CC(=O)O)C3=CC=C4C=CC=CC4=C3,BACE1,-10.788903187316013,True,False,False,,,,,0.2995952665805816,,,,,4.758394,0.0072863580844880595,False,True,,-10.788903187316013,,,,,,,,,,,1.2416057586669922,,,,,CAN_d914ba5870fde389,MOL_e396264d0bee5d7a,,,,2.0,bace_boltz_affinity_probability_ranked_v2_pic50_corrected.csv; bace_multiplicative_ranked.csv,bace,bace/bace_boltz_affinity_probability_ranked_v2_pic50_corrected.csv; bace/bace_multiplicative_ranked.csv,bace,intermediate,C[C@@]1(CNCCN1C2=CC=CC=C2CC(=O)O)C3=CC=C4C=CC=CC4=C3,,,,,0.0072863580844880595;;;;;;;;
RLHF_0316,Top docking que no pasa Boltz,CAN_277bc2a8220c5abf,MOL_3ad1bd404f294c2a,C=C1CC=C(C2=CC=C3C(=C2)OCO3)C(C(=O)OCC)=C1C4=CC=C(C(=O)O)N=C4,C=C1CC=C(C2=CC=C3C(=C2)OCO3)C(C(=O)OCC)=C1C4=CC=C(C(=O)O)N=C4,BACE1,-10.785163449719008,True,True,False,,3.868700000000002,,405.4060000000001,0.4600990414619446,,,,,,0.007328475761277008,False,True,,-10.785163449719008,,,,,,,,,,,0.4233832061290741,,,,,CAN_277bc2a8220c5abf,MOL_3ad1bd404f294c2a,,,,3.0,final_multiplicative_ranked.csv; bace_4.csv; reward_results_7.csv,bace_2; bace_3,bace_2/final_multiplicative_ranked.csv; bace_3/bace_4.csv; bace_3/reward_results_7.csv,bace_2; bace_3,intermediate; sent_to_boltz,C=C1CC=C(C2=CC=C3C(=C2)OCO3)C(C(=O)OCC)=C1C4=CC=C(C(=O)O)N=C4,,3.868700000000002,,405.4060000000001,0.007328475761277008;;;
RLHF_0317,Top docking que no pasa Boltz,CAN_93566f3e7c8aaf08,MOL_10703db7e77188bd,CC[C@H1]1CS/C(=N\C(=O)C2=CC=CC=C2C(=O)NCC3=CC=CO3)N1C(=O)C4=CC=CN=C4,CC[C@H1]1CS/C(=N\C(=O)C2=CC=CC=C2C(=O)NCC3=CC=CO3)N1C(=O)C4=CC=CN=C4,BACE1,-10.78385735482482,True,True,False,,3.768600000000003,,462.5310000000002,0.3079410791397095,,,,,,0.007412711114854905,False,True,,-10.78385735482482,,,,,,,,,,,0.7035254240036011,,,,,CAN_93566f3e7c8aaf08,MOL_10703db7e77188bd,,,,3.0,final_multiplicative_ranked.csv; bace_4.csv; reward_results_9.csv,bace_2; bace_3,bace_2/final_multiplicative_ranked.csv; bace_3/bace_4.csv; bace_3/reward_results_9.csv,bace_2; bace_3,intermediate; sent_to_boltz,CC[C@H1]1CS/C(=N\C(=O)C2=CC=CC=C2C(=O)NCC3=CC=CO3)N1C(=O)C4=CC=CN=C4,,3.768600000000003,,462.5310000000002,0.007412711114854905;;;
RLHF_0318,Top docking que no pasa Boltz,CAN_c5946c6dfdacb246,MOL_3598931e1839cc6a,CC(C)CNC1=CC2=C(C=C1N3C(=O)CCC3=O)CCCC2,CC(C)CNC1=CC2=C(C=C1N3C(=O)CCC3=O)CCCC2,BACE1,-10.780083176096747,True,True,False,,3.2867000000000024,,300.4020000000001,0.1425194591283798,,,,,,0.007623299498799647,False,True,,-10.780083176096747,,,,,,,,,,,0.7584053874015808,,,,,CAN_c5946c6dfdacb246,MOL_3598931e1839cc6a,,,,3.0,final_multiplicative_ranked.csv; bace_4.csv; reward_results_4.csv,bace_2; bace_3,bace_2/final_multiplicative_ranked.csv; bace_3/bace_4.csv; bace_3/reward_results_4.csv,bace_2; bace_3,intermediate; sent_to_boltz,CC(C)CNC1=CC2=C(C=C1N3C(=O)CCC3=O)CCCC2,,3.2867000000000024,,300.4020000000001,0.007623299498799647;;;
RLHF_0319,Top docking que no pasa Boltz,CAN_e21e429396001ff0,MOL_98ca1dc3e4032b7c,CC1=CC=C(N2N=CC(=CC2=O)CN(C(=O)CC#N)CCC)C=C1C,CC1=CC=C(N2N=CC(=CC2=O)CN(C(=O)CC#N)CCC)C=C1C,BACE1,-10.763631784945822,True,True,False,,2.501620000000001,,338.4110000000001,0.1970801204442978,,,,,,0.008255064650633871,False,True,,-10.763631784945822,,,,,,,,,,,0.4715966582298279,,,,,CAN_e21e429396001ff0,MOL_98ca1dc3e4032b7c,,,,3.0,final_multiplicative_ranked.csv; bace_4.csv; reward_results_21.csv,bace_2; bace_3,bace_2/final_multiplicative_ranked.csv; bace_3/bace_4.csv; bace_3/reward_results_21.csv,bace_2; bace_3,intermediate; sent_to_boltz,CC1=CC=C(N2N=CC(=CC2=O)CN(C(=O)CC#N)CCC)C=C1C,,2.501620000000001,,338.4110000000001,0.008255064650633871;;;
RLHF_0320,Top docking que no pasa Boltz,CAN_20a76f7072e84a01,MOL_cc1348ae1900ca78,N#CC=CC=C(NC(=O)CCNC(=O)C1=CC=C2C(=C1)CCN2C(=O)C3=CC=CO3)C,N#CC=CC=C(NC(=O)CCNC(=O)C1=CC=C2C(=C1)CCN2C(=O)C3=CC=CO3)C,BACE1,-10.755798483985329,True,True,False,,2.702180000000001,,418.4530000000002,0.521905779838562,,,,,,0.008423535357789664,False,True,,-10.755798483985329,,,,,,,,,,,0.4564231038093567,,,,,CAN_20a76f7072e84a01,MOL_cc1348ae1900ca78,,,,3.0,final_multiplicative_ranked.csv; bace_4.csv; reward_results_26.csv,bace_2; bace_3,bace_2/final_multiplicative_ranked.csv; bace_3/bace_4.csv; bace_3/reward_results_26.csv,bace_2; bace_3,intermediate; sent_to_boltz,N#CC=CC=C(NC(=O)CCNC(=O)C1=CC=C2C(=C1)CCN2C(=O)C3=CC=CO3)C,,2.702180000000001,,418.4530000000002,0.008423535357789664;;;
RLHF_0321,Top docking que no pasa Boltz,CAN_d8a4d49e499660e8,MOL_8edcf2102e219199,C[C@H1](NC(=O)C1=CC=C2C=N[NH1]C2=C1)C(=O)NC3=CC4=C5C(=C3)C(=O)N=CN5CCC4,C[C@H1](NC(=O)C1=CC=C2C=N[NH1]C2=C1)C(=O)NC3=CC4=C5C(=C3)C(=O)N=CN5CCC4,BACE1,-10.747,True,False,False,,1.976,,416.44100000000026,,,,,,,0.0088025944488902,False,True,,-10.747,,,,,,,,,,,,,,,,CAN_d8a4d49e499660e8,MOL_8edcf2102e219199,,,,1.0,reward_results_26.csv,bace_3,bace_3/reward_results_26.csv,bace_3,intermediate,C[C@H1](NC(=O)C1=CC=C2C=N[NH1]C2=C1)C(=O)NC3=CC4=C5C(=C3)C(=O)N=CN5CCC4,,1.976,,416.44100000000026,0.0088025944488902;;;;;;;;;;
RLHF_0322,Top docking que no pasa Boltz,CAN_b30f3367b838fb26,MOL_8db17817fdfa5468,CCN(CC1=CC=CC=C1)C(=O)CNC(=O)C2=CC3=C4C(=C2)CCN4C(=O)C3=O,CCN(CC1=CC=CC=C1)C(=O)CNC(=O)C2=CC3=C4C(=C2)CCN4C(=O)C3=O,BACE1,-10.745868248013323,True,True,False,,1.5505,,391.4270000000002,0.4905433356761932,,,,,,0.008886829802468096,False,True,,-10.745868248013323,,,,,,,,,,,0.8204441070556641,,,,,CAN_b30f3367b838fb26,MOL_8db17817fdfa5468,,,,3.0,final_multiplicative_ranked.csv; bace_4.csv; reward_results_23.csv,bace_2; bace_3,bace_2/final_multiplicative_ranked.csv; bace_3/bace_4.csv; bace_3/reward_results_23.csv,bace_2; bace_3,intermediate; sent_to_boltz,CCN(CC1=CC=CC=C1)C(=O)CNC(=O)C2=CC3=C4C(=C2)CCN4C(=O)C3=O,,1.5505,,391.4270000000002,0.008886829802468096;;;
RLHF_0323,Top docking que no pasa Boltz,CAN_7bd75bfab0697d52,MOL_62a26d9c7bc64296,CC[C@H1](CC#N)NC(=O)C1=CC=CC(NC(=O)C2=CC=CC=C2OC)=C1,CC[C@H1](CC#N)NC(=O)C1=CC=CC(NC(=O)C2=CC=CC=C2OC)=C1,BACE1,-10.738720039179418,True,True,False,,3.369580000000002,,351.4060000000001,0.3690227270126343,,,,,,0.00930800657035758,False,True,,-10.738720039179418,,,,,,,,,,,1.4678192138671875,,,,,CAN_7bd75bfab0697d52,MOL_62a26d9c7bc64296,,,,3.0,final_multiplicative_ranked.csv; bace_4.csv; reward_results_10.csv,bace_2; bace_3,bace_2/final_multiplicative_ranked.csv; bace_3/bace_4.csv; bace_3/reward_results_10.csv,bace_2; bace_3,intermediate; sent_to_boltz,CC[C@H1](CC#N)NC(=O)C1=CC=CC(NC(=O)C2=CC=CC=C2OC)=C1,,3.369580000000002,,351.4060000000001,0.00930800657035758;;;
RLHF_0324,Top docking que no pasa Boltz,CAN_16969566375f2fb6,MOL_340b44afc1c405a4,CCC[NH2+1][C@H1](CC1=CC=CC(F)=C1)NC(=O)C2=CC=C3C(=C2)CCN3C(=O)C4=CC=CN=C4,CCC[NH2+1][C@H1](CC1=CC=CC(F)=C1)NC(=O)C2=CC=C3C(=C2)CCN3C(=O)C4=CC=CN=C4,BACE1,-10.72981921312246,True,True,False,,2.6956000000000007,,447.5340000000002,0.2759763598442077,,,,,,0.009392241923935476,False,True,,-10.72981921312246,,,,,,,,,,,0.4015751481056213,,,,,CAN_16969566375f2fb6,MOL_340b44afc1c405a4,,,,3.0,final_multiplicative_ranked.csv; bace_4.csv; reward_results_24.csv,bace_2; bace_3,bace_2/final_multiplicative_ranked.csv; bace_3/bace_4.csv; bace_3/reward_results_24.csv,bace_2; bace_3,intermediate; sent_to_boltz,CCC[NH2+1][C@H1](CC1=CC=CC(F)=C1)NC(=O)C2=CC=C3C(=C2)CCN3C(=O)C4=CC=CN=C4,,2.6956000000000007,,447.5340000000002,0.009392241923935476;;;
RLHF_0325,Top docking que no pasa Boltz,CAN_c94041aaeac4597f,MOL_4c55f3a507b1fc13,CC[S@@](=O)[C@H1]1CCC[C@H1](NC(=O)C2=CC=CC(CN3C=CN=C3)=C2)C1,CC[S@@](=O)[C@H1]1CCC[C@H1](NC(=O)C2=CC=CC(CN3C=CN=C3)=C2)C1,BACE1,-10.726718151633976,True,True,False,,2.741000000000001,,359.4950000000001,0.1386611461639404,,,,,,0.009518594954302321,False,True,,-10.726718151633976,,,,,,,,,,,1.468839406967163,,,,,CAN_c94041aaeac4597f,MOL_4c55f3a507b1fc13,,,,3.0,final_multiplicative_ranked.csv; bace_4.csv; reward_results_23.csv,bace_2; bace_3,bace_2/final_multiplicative_ranked.csv; bace_3/bace_4.csv; bace_3/reward_results_23.csv,bace_2; bace_3,intermediate; sent_to_boltz,CC[S@@](=O)[C@H1]1CCC[C@H1](NC(=O)C2=CC=CC(CN3C=CN=C3)=C2)C1,,2.741000000000001,,359.4950000000001,0.009518594954302321;;;
RLHF_0326,Top docking que no pasa Boltz,CAN_2db0180cc7bf9d2e,MOL_01ea446309014f5a,CC1=CC=C(NC(=O)CN2N=NC(C3=CC=C(N)C=C3)=N2)C=C1Cl,CC1=CC=C(NC(=O)CN2N=NC(C3=CC=C(N)C=C3)=N2)C=C1Cl,BACE1,-10.724605229586452,True,True,False,,2.5228200000000003,,342.7900000000001,0.4828453660011291,,,,,,0.009602830307880218,False,True,,-10.724605229586452,,,,,,,,,,,1.3275011777877808,,,,,CAN_2db0180cc7bf9d2e,MOL_01ea446309014f5a,,,,3.0,final_multiplicative_ranked.csv; bace_4.csv; reward_results_16.csv,bace_2; bace_3,bace_2/final_multiplicative_ranked.csv; bace_3/bace_4.csv; bace_3/reward_results_16.csv,bace_2; bace_3,intermediate; sent_to_boltz,CC1=CC=C(NC(=O)CN2N=NC(C3=CC=C(N)C=C3)=N2)C=C1Cl,,2.5228200000000003,,342.7900000000001,0.009602830307880218;;;
RLHF_0327,Top docking que no pasa Boltz,CAN_7e536bed6c940e03,MOL_57b74c7d91ec8373,O=C(Nc1cccc(CN2CCOCC2)c1)c1ccc2c(c1)C(=O)c1ccccc1C2=O,O=C(NC1=CC=CC(CN2CCOCC2)=C1)C3=CC=C4C(=C3)C(=O)C5=CC=CC=C5C4=O,BACE1,-10.724,True,False,False,0.5402351816750564,3.5465000000000027,2.095524521552264,426.47200000000015,,,,,,,0.009708124499852588,True,False,-10.724,,1.0,5.0,4.0,75.71000000000001,5.0,32.0,0.4451866,0.19756627,True,,,0.6949277481193686,1.0,CAN_3959c2782d8f1752,MOL_57b74c7d91ec8373,,,bace_pool_final_nontoxic-4.csv,/content/bace_pool_final_nontoxic-4.csv,reward_results_17.csv,,,,,,,,,,,,0.009708124499852588;;;;;;;;;;
RLHF_0328,Top docking que no pasa Boltz,CAN_efcd9f6910bb5939,MOL_d0f6eb7e2583da3f,CC[C@H1](C)N1C=NC=C(C2=CC=CC=C2N3N=CC=C3CN)C1=O,CC[C@H1](C)N1C=NC=C(C2=CC=CC=C2N3N=CC=C3CN)C1=O,BACE1,-10.72370124493991,True,False,False,,,,,0.2925789952278137,,,,,4.517317,0.00977130101503601,False,True,,-10.72370124493991,,,,,,,,,,,1.482683181762695,,,,,CAN_efcd9f6910bb5939,MOL_d0f6eb7e2583da3f,,,,2.0,bace_boltz_affinity_probability_ranked_v2_pic50_corrected.csv; bace_multiplicative_ranked.csv,bace,bace/bace_boltz_affinity_probability_ranked_v2_pic50_corrected.csv; bace/bace_multiplicative_ranked.csv,bace,intermediate,CC[C@H1](C)N1C=NC=C(C2=CC=CC=C2N3N=CC=C3CN)C1=O,,,,,0.00977130101503601;;;;;;;;
RLHF_0329,Top docking que no pasa Boltz,CAN_c428c90ee7ae42d5,MOL_15b8b087e1095616,CC1NC(C(=O)NCC2=CC=C(O)C=C2)=CC3=CC(=CC=C13)C4=COCOC4=C,CC1NC(C(=O)NCC2=CC=C(O)C=C2)=CC3=CC(=CC=C13)C4=COCOC4=C,BACE1,-10.704399626036228,True,False,False,,,,,0.3346102237701416,,,,,5.626087,0.010066124752558648,False,True,,-10.704399626036228,,,,,,,,,,,0.373912900686264,,,,,CAN_c428c90ee7ae42d5,MOL_15b8b087e1095616,,,,2.0,bace_boltz_affinity_probability_ranked_v2_pic50_corrected.csv; bace_multiplicative_ranked.csv,bace,bace/bace_boltz_affinity_probability_ranked_v2_pic50_corrected.csv; bace/bace_multiplicative_ranked.csv,bace,intermediate,CC1NC(C(=O)NCC2=CC=C(O)C=C2)=CC3=CC(=CC=C13)C4=COCOC4=C,,,,,0.010066124752558648;;;;;;;;
RLHF_0330,Top docking que no pasa Boltz,CAN_27de3405f3f405c1,MOL_8c1349ddb6ab9fa4,C1C=C2[C@H1](C)N(CC(O)=O)C(=O)C2C=C1C#CC3=CC=CC(=C34)C=C5N=CC=CC5O4,C1C=C2[C@H1](C)N(CC(O)=O)C(=O)C2C=C1C#CC3=CC=CC(=C34)C=C5N=CC=CC5O4,BACE1,-10.703,True,False,False,,2.968600000000001,,412.4450000000001,,,,,,,0.010108242429347597,False,True,,-10.703,,,,,,,,,,,,,,,,CAN_27de3405f3f405c1,MOL_8c1349ddb6ab9fa4,,,,1.0,reward_results_15.csv,bace_4,bace_4/reward_results_15.csv,bace_4,intermediate,C1C=C2[C@H1](C)N(CC(O)=O)C(=O)C2C=C1C#CC3=CC=CC(=C34)C=C5N=CC=CC5O4,,2.968600000000001,,412.4450000000001,0.010108242429347597;;;;;;;;;;
RLHF_0331,Top docking que no pasa Boltz,CAN_10a7db6a3d3180e1,MOL_42b6dc6541a64607,C[C@@H]1CC(=O)N1c1ccc(-c2ccc3ccc4c(c3c2)CCNC4=O)cn1,C[C@@H1]1CC(=O)N1C2=CC=C(C=N2)C3=CC=C4C=CC5=C(CCNC5=O)C4=C3,BACE1,-10.7,True,False,False,0.7159138458032303,3.3129000000000017,3.114383470627203,357.4130000000002,,,,,,,0.010550478035631555,True,False,-10.7,,1.0,3.0,2.0,62.3,5.0,27.0,0.43601575,0.18635358,True,,,0.7656416617494025,1.0,CAN_5c17472fe68fe83c,MOL_42b6dc6541a64607,,,bace_pool_final_nontoxic-2.csv,/content/bace_pool_final_nontoxic-2.csv,docking_results_3_26.csv,,,,,,,,,,,,0.010550478035631555;;;;;;;;;;
RLHF_0332,Top docking que no pasa Boltz,CAN_b6a21eb377e38081,MOL_a18fa299cd063144,O=C(Cc1cnc[nH]1)c1ccc(-c2ccc3ccc4c(c3c2)CCNC4=O)cc1,O=C(CC1=CN=C[NH1]1)C2=CC=C(C=C2)C3=CC=C4C=CC5=C(CCNC5=O)C4=C3,BACE1,-10.7,True,False,False,0.5259257495228293,3.941200000000002,2.5627396726524463,381.4350000000002,,,,,,,0.010550478035631555,True,False,-10.7,,2.0,3.0,4.0,74.85,5.0,29.0,0.43323335,0.1744448,True,,,0.5160533179255592,1.0,CAN_3361ec4079b9ca89,MOL_a18fa299cd063144,,,bace_pool_final_nontoxic-2.csv,/content/bace_pool_final_nontoxic-2.csv,docking_results_3_28.csv,,,,,,,,,,,,0.010550478035631555;;;;;;;;;;
RLHF_0333,Top docking que no pasa Boltz,CAN_075dec32c04eb405,MOL_b20cc807e5d1d635,O=C(N[C@@H]1CCCC1=O)c1ccc(-c2ccc3ccc4c(c3c2)CCNC4=O)cc1,O=C1CCC[C@H1]1NC(=O)C2=CC=C(C=C2)C3=CC=C4C=CC5=C(CCNC5=O)C4=C3,BACE1,-10.7,True,False,False,0.7072719702183683,3.6441000000000017,2.8948609232861973,398.4620000000002,,,,,,,0.010550478035631555,True,False,-10.7,,2.0,3.0,3.0,75.27000000000001,5.0,30.0,0.43234605,0.19788946,True,,,0.6294901677689061,1.0,CAN_636020a7f0c0bcd2,MOL_b20cc807e5d1d635,,,bace_pool_final_nontoxic-2.csv,/content/bace_pool_final_nontoxic-2.csv,docking_results_3_16.csv,,,,,,,,,,,,0.010550478035631555;;;;;;;;;;
RLHF_0334,Top docking que no pasa Boltz,CAN_e94a09e76d4206b7,MOL_0d7be57e57db956f,CC1CNC(=O)c2ccc(C=CC3=c4ccc5c(c4=CC=CC3)CCNC5=O)cc21,CC1CNC(=O)C2=CC=C(C=C12)C=CC3=C4C=CC5=C(CCNC5=O)C4=CC=CC3,BACE1,-10.7,True,False,False,0.8192323091896209,2.4239000000000006,3.949592488272934,396.4900000000002,,,,,,,0.010550478035631555,True,False,-10.7,,2.0,2.0,2.0,58.2,5.0,30.0,0.38770056,0.13845877,True,,,0.9562418230658992,1.0,CAN_5d2a0463b0faca86,MOL_0d7be57e57db956f,,,bace_pool_final_nontoxic-2.csv,/content/bace_pool_final_nontoxic-2.csv,docking_results_3_12.csv,,,,,,,,,,,,0.010550478035631555;;;;;;;;;;
RLHF_0335,Top docking que no pasa Boltz,CAN_97b7557f3b03fe73,MOL_9520ef0fd4a40595,CSC[C@@H1]1CCN(O1)C2=CC=C(C=N2)C(=O)N3CCC4N(CC3)C5=CC=CC=C5C(=O)N4,CSC[C@@H1]1CCN(O1)C2=CC=C(C=N2)C(=O)N3CCC4N(CC3)C5=CC=CC=C5C(=O)N4,BACE1,-10.699553992761302,True,False,False,,,,,0.221042662858963,,,,,5.628929,0.01103483131870446,False,True,,-10.699553992761302,,,,,,,,,,,0.3710707724094391,,,,,CAN_97b7557f3b03fe73,MOL_9520ef0fd4a40595,,,,2.0,bace_boltz_affinity_probability_ranked_v2_pic50_corrected.csv; bace_multiplicative_ranked.csv,bace,bace/bace_boltz_affinity_probability_ranked_v2_pic50_corrected.csv; bace/bace_multiplicative_ranked.csv,bace,intermediate,CSC[C@@H1]1CCN(O1)C2=CC=C(C=N2)C(=O)N3CCC4N(CC3)C5=CC=CC=C5C(=O)N4,,,,,0.01103483131870446;;;;;;;;
RLHF_0336,Top docking que no pasa Boltz,CAN_bc537688d1866931,MOL_8509e6aca1310896,C1C=CC=C(CNC(=O)C2=C(C)N=CC(=C2N3)N=CC=C4C=CN(C)C4=C3)C1,C1C=CC=C(CNC(=O)C2=C(C)N=CC(=C2N3)N=CC=C4C=CN(C)C4=C3)C1,BACE1,-10.672193509018047,True,False,False,,,,,0.3718640804290771,,,,,4.950802,0.011329655056227099,False,True,,-10.672193509018047,,,,,,,,,,,1.0491979122161863,,,,,CAN_bc537688d1866931,MOL_8509e6aca1310896,,,,2.0,bace_boltz_affinity_probability_ranked_v2_pic50_corrected.csv; bace_multiplicative_ranked.csv,bace,bace/bace_boltz_affinity_probability_ranked_v2_pic50_corrected.csv; bace/bace_multiplicative_ranked.csv,bace,intermediate,C1C=CC=C(CNC(=O)C2=C(C)N=CC(=C2N3)N=CC=C4C=CN(C)C4=C3)C1,,,,,0.011329655056227099;;;;;;;;
RLHF_0337,Top docking que no pasa Boltz,CAN_ca9e231e9d7d293f,MOL_e406ac9e881d0565,C[NH1+1](C1)CCCC(O1)NC(=O)C2=CC=C(C=N2)C3=CC=C4C=CC=CC4=C3,C[NH1+1](C1)CCCC(O1)NC(=O)C2=CC=C(C=N2)C3=CC=C4C=CC=CC4=C3,BACE1,-10.66013006102856,True,False,False,,,,,0.4351266622543335,,,,,4.85598,0.011582361116960788,False,True,,-10.66013006102856,,,,,,,,,,,1.1440203189849854,,,,,CAN_ca9e231e9d7d293f,MOL_e406ac9e881d0565,,,,2.0,bace_boltz_affinity_probability_ranked_v2_pic50_corrected.csv; bace_multiplicative_ranked.csv,bace,bace/bace_boltz_affinity_probability_ranked_v2_pic50_corrected.csv; bace/bace_multiplicative_ranked.csv,bace,intermediate,C[NH1+1](C1)CCCC(O1)NC(=O)C2=CC=C(C=N2)C3=CC=C4C=CC=CC4=C3,,,,,0.011582361116960788;;;;;;;;
RLHF_0338,Top docking que no pasa Boltz,CAN_1fb90cb1d1337d49,MOL_8527857b0edd16db,O=C(C1=CC=CC(OC2=CC=CC=C2)=C1)[C@H1]3C4CCCC(=O)N34,O=C(C1=CC=CC(OC2=CC=CC=C2)=C1)[C@H1]3C4CCCC(=O)N34,BACE1,-10.640055137572784,True,False,False,,,,,0.1791994422674179,,,,,4.076785,0.011835067177694478,False,True,,-10.640055137572784,,,,,,,,,,,1.923215389251709,,,,,CAN_1fb90cb1d1337d49,MOL_8527857b0edd16db,,,,2.0,bace_boltz_affinity_probability_ranked_v2_pic50_corrected.csv; bace_multiplicative_ranked.csv,bace,bace/bace_boltz_affinity_probability_ranked_v2_pic50_corrected.csv; bace/bace_multiplicative_ranked.csv,bace,intermediate,O=C(C1=CC=CC(OC2=CC=CC=C2)=C1)[C@H1]3C4CCCC(=O)N34,,,,,0.011835067177694478;;;;;;;;
RLHF_0339,Top docking que no pasa Boltz,CAN_6d630c1f5891e57f,MOL_44b62b016685db5f,CC1=CC=C(NS(=O)(=O)C2=CC=C3NC(=O)CC3=C2)C=C1C=CC4=CNCOC4=C,CC1=CC=C(NS(=O)(=O)C2=CC=C3NC(=O)CC3=C2)C=C1C=CC4=CNCOC4=C,BACE1,-10.63477757340471,True,False,False,,,,,0.2373411357402801,,,,,4.831999,0.011877184854483427,False,True,,-10.63477757340471,,,,,,,,,,,1.1680009365081787,,,,,CAN_6d630c1f5891e57f,MOL_44b62b016685db5f,,,,2.0,bace_boltz_affinity_probability_ranked_v2_pic50_corrected.csv; bace_multiplicative_ranked.csv,bace,bace/bace_boltz_affinity_probability_ranked_v2_pic50_corrected.csv; bace/bace_multiplicative_ranked.csv,bace,intermediate,CC1=CC=C(NS(=O)(=O)C2=CC=C3NC(=O)CC3=C2)C=C1C=CC4=CNCOC4=C,,,,,0.011877184854483427;;;;;;;;
RLHF_0340,Top docking que no pasa Boltz,CAN_41c90b2117945892,MOL_f1163846fa1f7ee3,C[C@H1]1CC(C(=O)NC2=CC=C3C(=C2)CCCC3=O)N=C(N)N1C4=CC=C5C(=C4)CCNC5=O,C[C@H1]1CC(C(=O)NC2=CC=C3C(=C2)CCCC3=O)N=C(N)N1C4=CC=C5C(=C4)CCNC5=O,BACE1,-10.631,True,False,False,,2.412100000000001,,445.5230000000002,,,,,,,0.012024596723244746,False,True,,-10.631,,,,,,,,,,,,,,,,CAN_41c90b2117945892,MOL_f1163846fa1f7ee3,,,,1.0,reward_results_29.csv,bace_3,bace_3/reward_results_29.csv,bace_3,intermediate,C[C@H1]1CC(C(=O)NC2=CC=C3C(=C2)CCCC3=O)N=C(N)N1C4=CC=C5C(=C4)CCNC5=O,,2.412100000000001,,445.5230000000002,0.012024596723244746;;;;;;;;;;
RLHF_0341,Top docking que no pasa Boltz,CAN_d8bc3ea5fa7cc090,MOL_c65994f1ae9b062f,C[C@H]1CC(C(=O)Nc2ccc3c(c2)CCCC3=O)N=C(N)N1c1ccc2c(c1)CCNC2=O,C[C@H1]1CC(C(=O)NC2=CC=C3C(=C2)CCCC3=O)N=C(N)N1C4=CC=C5C(=C4)CCNC5=O,BACE1,-10.631,True,False,False,0.6708337311612028,2.412100000000001,3.802892242604068,445.5230000000002,,,,,,,0.012024596723244746,True,False,-10.631,,3.0,6.0,3.0,116.89,5.0,33.0,0.24615231,0.10187627,True,,,0.99056390581568,1.0,CAN_a47ed9ffd5c3091d,MOL_c65994f1ae9b062f,,,bace_pool_final_nontoxic-4.csv,/content/bace_pool_final_nontoxic-4.csv,reward_results_29.csv,,,,,,,,,,,,0.012024596723244746;;;;;;;;;;
RLHF_0342,Top docking que no pasa Boltz,CAN_b8d4e25e23bba953,MOL_9dd3b2e096fc3f7c,COC=C1C=C(OC2=CC=C(C=C2)C3=CC=C4C(=C3)C(=O)NC4)OC=C1,COC=C1C=C(OC2=CC=C(C=C2)C3=CC=C4C(=C3)C(=O)NC4)OC=C1,BACE1,-10.62836238816072,True,False,False,,,,,0.5443903803825378,,,,,4.851503,0.01208777323842817,False,True,,-10.62836238816072,,,,,,,,,,,1.1484966278076172,,,,,CAN_b8d4e25e23bba953,MOL_9dd3b2e096fc3f7c,,,,2.0,bace_boltz_affinity_probability_ranked_v2_pic50_corrected.csv; bace_multiplicative_ranked.csv,bace,bace/bace_boltz_affinity_probability_ranked_v2_pic50_corrected.csv; bace/bace_multiplicative_ranked.csv,bace,intermediate,COC=C1C=C(OC2=CC=C(C=C2)C3=CC=C4C(=C3)C(=O)NC4)OC=C1,,,,,0.01208777323842817;;;;;;;;
RLHF_0343,Top docking que no pasa Boltz,CAN_34ead7bd1522d2f9,MOL_03f45de82bc7ca6f,CC=C1C=C(NC(=O)NC=CCC=2N(CCC=2)C3=CC=C(C=N3)C)NC=C1,CC=C1C=C(NC(=O)NC=CCC=2N(CCC=2)C3=CC=C(C=N3)C)NC=C1,BACE1,-10.627968392171658,True,False,False,,,,,0.5552063584327698,,,,,6.394764,0.012129890915217116,False,True,,-10.627968392171658,,,,,,,,,,,-0.394764095544815,,,,,CAN_34ead7bd1522d2f9,MOL_03f45de82bc7ca6f,,,,2.0,bace_boltz_affinity_probability_ranked_v2_pic50_corrected.csv; bace_multiplicative_ranked.csv,bace,bace/bace_boltz_affinity_probability_ranked_v2_pic50_corrected.csv; bace/bace_multiplicative_ranked.csv,bace,intermediate,CC=C1C=C(NC(=O)NC=CCC=2N(CCC=2)C3=CC=C(C=N3)C)NC=C1,,,,,0.012129890915217116;;;;;;;;
RLHF_0344,Top docking que no pasa Boltz,CAN_d260fcd1410c4d62,MOL_65df74094ad90d35,CC[S@@](=O)[C@@H1]1CCCC1N2C=C(C=N2)C3=CC=C4C=CC5=C(CCNC5=O)C4=C3,CC[S@@](=O)[C@@H1]1CCCC1N2C=C(C=N2)C3=CC=C4C=CC5=C(CCNC5=O)C4=C3,BACE1,-10.62306279931182,True,False,False,,,,,0.2006443738937378,,,,,5.604904,0.012424714652739755,False,True,,-10.62306279931182,,,,,,,,,,,0.3950957655906677,,,,,CAN_d260fcd1410c4d62,MOL_65df74094ad90d35,,,,2.0,bace_boltz_affinity_probability_ranked_v2_pic50_corrected.csv; bace_multiplicative_ranked.csv,bace,bace/bace_boltz_affinity_probability_ranked_v2_pic50_corrected.csv; bace/bace_multiplicative_ranked.csv,bace,intermediate,CC[S@@](=O)[C@@H1]1CCCC1N2C=C(C=N2)C3=CC=C4C=CC5=C(CCNC5=O)C4=C3,,,,,0.012424714652739755;;;;;;;;
RLHF_0345,Top docking que no pasa Boltz,CAN_84d088101a6d72e3,MOL_758a8e5c49d518cd,O=CC[C@H1](C(=O)NC1=CC=C(C=C1)C2CCNCC2)OC3=CC=CC=C3N,O=CC[C@H1](C(=O)NC1=CC=C(C=C1)C2CCNCC2)OC3=CC=CC=C3N,BACE1,-10.618796911106593,True,False,False,,,,,0.1942948400974273,,,,,5.116203,0.01250895000631765,False,True,,-10.618796911106593,,,,,,,,,,,0.8837966918945312,,,,,CAN_84d088101a6d72e3,MOL_758a8e5c49d518cd,,,,2.0,bace_boltz_affinity_probability_ranked_v2_pic50_corrected.csv; bace_multiplicative_ranked.csv,bace,bace/bace_boltz_affinity_probability_ranked_v2_pic50_corrected.csv; bace/bace_multiplicative_ranked.csv,bace,intermediate,O=CC[C@H1](C(=O)NC1=CC=C(C=C1)C2CCNCC2)OC3=CC=CC=C3N,,,,,0.01250895000631765;;;;;;;;
RLHF_0346,Top docking que no pasa Boltz,CAN_8e24bf4784e36520,MOL_baede1c91294689c,O=C(N1/N=C/C2=CC=CC=C2N1C=C)C3=CC=C4C=CC5=C(CCNC5=O)C4=C3,O=C(N1/N=C/C2=CC=CC=C2N1C=C)C3=CC=C4C=CC5=C(CCNC5=O)C4=C3,BACE1,-10.618721210366504,True,False,False,,,,,0.4610341787338257,,,,,5.120712,0.0125510676831066,False,True,,-10.618721210366504,,,,,,,,,,,0.8792881369590759,,,,,CAN_8e24bf4784e36520,MOL_baede1c91294689c,,,,2.0,bace_boltz_affinity_probability_ranked_v2_pic50_corrected.csv; bace_multiplicative_ranked.csv,bace,bace/bace_boltz_affinity_probability_ranked_v2_pic50_corrected.csv; bace/bace_multiplicative_ranked.csv,bace,intermediate,O=C(N1/N=C/C2=CC=CC=C2N1C=C)C3=CC=C4C=CC5=C(CCNC5=O)C4=C3,,,,,0.0125510676831066;;;;;;;;
RLHF_0347,Top docking que no pasa Boltz,CAN_b7b3355f2a145ffb,MOL_2c8d5e693cf61fcd,C[C@@H1](NC(=O)NC1=CC=CC(C#N)=C1)C(=O)NC2=CC=C3C(=C2)C(=O)C4=CC=CC=C4C3=O,C[C@@H1](NC(=O)NC1=CC=CC(C#N)=C1)C(=O)NC2=CC=C3C(=C2)C(=O)C4=CC=CC=C4C3=O,BACE1,-10.615,True,False,False,,3.482380000000002,,438.4430000000002,,,,,,,0.012635303036684496,False,True,,-10.615,,,,,,,,,,,,,,,,CAN_b7b3355f2a145ffb,MOL_2c8d5e693cf61fcd,,,,1.0,reward_results_18.csv,bace_3,bace_3/reward_results_18.csv,bace_3,intermediate,C[C@@H1](NC(=O)NC1=CC=CC(C#N)=C1)C(=O)NC2=CC=C3C(=C2)C(=O)C4=CC=CC=C4C3=O,,3.482380000000002,,438.4430000000002,0.012635303036684496;;;;;;;;;;
RLHF_0348,Top docking que no pasa Boltz,CAN_fa448aaa80296a0d,MOL_3c9a67f1ff935d1b,C[C@H](NC(=O)c1cccc(F)c1)c1ccc2ccc3c(c2c1)CCNC3=O,C[C@H1](NC(=O)C1=CC=CC(F)=C1)C2=CC=C3C=CC4=C(CCNC4=O)C3=C2,BACE1,-10.6,True,False,False,0.7454052855067914,3.7558000000000025,2.724081580209928,362.4040000000001,,,,,,,0.01301436212778503,True,False,-10.6,,2.0,2.0,3.0,58.2,4.0,27.0,0.16548781,0.06972023,True,,,0.5794773048611389,1.0,CAN_31a6ce43cb4d3393,MOL_3c9a67f1ff935d1b,,,bace_pool_final_nontoxic-2.csv,/content/bace_pool_final_nontoxic-2.csv,docking_results_3_28.csv,,,,,,,,,,,,0.01301436212778503;;;;;;;;;;
RLHF_0349,Top docking que no pasa Boltz,CAN_194085f8c75be560,MOL_51078e63e1481136,C[C@H](c1ccc(-c2ccc3ccc4c(c3c2)CCNC4=O)cc1)N1CCNCC1,C[C@@H1](N1CCNCC1)C2=CC=C(C=C2)C3=CC=C4C=CC5=C(CCNC5=O)C4=C3,BACE1,-10.6,True,False,False,0.721582056350731,3.7589000000000015,2.9405401191374168,385.51100000000025,,,,,,,0.01301436212778503,True,False,-10.6,,2.0,3.0,3.0,44.37,5.0,29.0,0.16300899,0.07009757,True,,,0.5782782522025091,1.0,CAN_664b5e4bb3e1c99f,MOL_51078e63e1481136,,,bace_pool_final_nontoxic-2.csv,/content/bace_pool_final_nontoxic-2.csv,docking_results_3_14.csv,,,,,,,,,,,,0.01301436212778503;;;;;;;;;;
RLHF_0350,Top docking que no pasa Boltz,CAN_380f8c933011678f,MOL_471cab585c1c2b9d,CCN1CCO[C@H](c2ccc(-c3ccc4ccc5c(c4c3)CCNC5=O)cn2)C1,CCN1CCO[C@@H1](C1)C2=CC=C(C=N2)C3=CC=C4C=CC5=C(CCNC5=O)C4=C3,BACE1,-10.6,True,False,False,0.7463849211814985,3.5809000000000024,3.176025729997145,387.4830000000002,,,,,,,0.01301436212778503,True,False,-10.6,,1.0,4.0,3.0,54.46,5.0,29.0,0.20711443,0.07686723,True,,,0.6493580362677761,1.0,CAN_ae3dff75a2f6b86a,MOL_471cab585c1c2b9d,,,bace_pool_final_nontoxic-2.csv,/content/bace_pool_final_nontoxic-2.csv,docking_results_3_29.csv,,,,,,,,,,,,0.01301436212778503;;;;;;;;;;
RLHF_0351,Top docking que no pasa Boltz,CAN_fcd6b13eb3f38d4c,MOL_2f6fe772be928920,CN1C(=O)COCCNc2nc(-c3ccc4ccc5c(c4c3)CCNC5=O)ncc21,C1OCCNC2=NC(=NC=C2N(C)C1=O)C3=CC=C4C=CC5=C(CCNC5=O)C4=C3,BACE1,-10.6,True,False,False,0.6451270517176755,1.9876,3.4592062813763818,403.4420000000002,,,,,,,0.01301436212778503,True,False,-10.6,,2.0,6.0,1.0,96.45,5.0,30.0,0.26506728,0.08660325,True,,,0.8659590745532363,1.0,CAN_6bf6abeff93539a2,MOL_2f6fe772be928920,,,bace_pool_final_nontoxic-2.csv,/content/bace_pool_final_nontoxic-2.csv,docking_results_3_16.csv,,,,,,,,,,,,0.01301436212778503;;;;;;;;;;
RLHF_0352,Top docking que no pasa Boltz,CAN_02900b2926edac85,MOL_0d128be9ed1abecf,[CH]c1c(-c2cc(C3CNC(=O)C3)ccc2C)ccc2ccc3c(c12)CCNC3=O,CC1=CC=C(C=C1C2=CC=C3C=CC4=C(CCNC4=O)C3=C2[C@@H1])C5CC(=O)NC5,BACE1,-10.6,True,False,False,0.7089653587173038,3.763810000000002,3.572528882153281,382.46300000000014,,,,,,,0.01301436212778503,True,False,-10.6,,2.0,2.0,2.0,58.2,5.0,29.0,0.33911696,0.14750363,True,,,0.5763826448711032,1.0,CAN_3e02eda9ff2a05c5,MOL_0d128be9ed1abecf,,,bace_pool_final_nontoxic-2.csv,/content/bace_pool_final_nontoxic-2.csv,docking_results_3_21.csv,,,,,,,,,,,,0.01301436212778503;;;;;;;;;;
RLHF_0353,Top docking que no pasa Boltz,CAN_17437a2d3c178876,MOL_afcdb90d822093c9,C/[NH1+1]=C(/NC1=CC=C2[NH1]C=CC2=C1)C3=CC=CC(=C3)C4=CN=C5[NH1]C(=O)[NH1]C5=C4,C/[NH1+1]=C(/NC1=CC=C2[NH1]C=CC2=C1)C3=CC=CC(=C3)C4=CN=C5[NH1]C(=O)[NH1]C5=C4,BACE1,-10.563,True,False,False,,1.9686,,383.4350000000001,,,,,,,0.013351303542096618,False,True,,-10.563,,,,,,,,,,,,,,,,CAN_17437a2d3c178876,MOL_afcdb90d822093c9,,,,1.0,reward_results_17.csv,bace_4,bace_4/reward_results_17.csv,bace_4,intermediate,C/[NH1+1]=C(/NC1=CC=C2[NH1]C=CC2=C1)C3=CC=CC(=C3)C4=CN=C5[NH1]C(=O)[NH1]C5=C4,,1.9686,,383.4350000000001,0.013351303542096618;;;;;;;;;;
RLHF_0354,Top docking que no pasa Boltz,CAN_8e37d4957ce5e62e,MOL_1e88056afc147609,CC1N=C2C=CC=CC2=C1NC(=O)C3=CC=CC(=C3)C4=CN=C5[NH1]C(=O)NC5=C4,CC1N=C2C=CC=CC2=C1NC(=O)C3=CC=CC(=C3)C4=CN=C5[NH1]C(=O)NC5=C4,BACE1,-10.555,True,False,False,,1.4781,,383.41100000000006,,,,,,,0.013393421218885567,False,True,,-10.555,,,,,,,,,,,,,,,,CAN_8e37d4957ce5e62e,MOL_1e88056afc147609,,,,1.0,reward_results_16.csv,bace_4,bace_4/reward_results_16.csv,bace_4,intermediate,CC1N=C2C=CC=CC2=C1NC(=O)C3=CC=CC(=C3)C4=CN=C5[NH1]C(=O)NC5=C4,,1.4781,,383.41100000000006,0.013393421218885567;;;;;;;;;;
RLHF_0355,Top docking que no pasa Boltz,CAN_86149d54c381fa73,MOL_b50f980688481cfa,CC1=NOC(C)=C1NC(=O)CNC(=O)C2=CC=C3C(=C2)C(=O)C4=CC=CC=C4C3=O,CC1=NOC(C)=C1NC(=O)CNC(=O)C2=CC=C3C(=C2)C(=O)C4=CC=CC=C4C3=O,BACE1,-10.54,True,False,False,,2.43534,,403.3940000000002,,,,,,,0.01356189192604136,False,True,,-10.54,,,,,,,,,,,,,,,,CAN_86149d54c381fa73,MOL_b50f980688481cfa,,,,2.0,reward_results_18.csv; reward_results_28.csv,bace_3,bace_3/reward_results_18.csv; bace_3/reward_results_28.csv,bace_3,intermediate,CC1=NOC(C)=C1NC(=O)CNC(=O)C2=CC=C3C(=C2)C(=O)C4=CC=CC=C4C3=O,,2.43534,,403.3940000000002,0.01356189192604136;;;;;;;;
RLHF_0356,Top docking que no pasa Boltz,CAN_46678aeb875e6ce2,MOL_5c28ff4f9edebcd3,CC(=O)Nc1cccc(-c2ccc(C(=O)NCc3ccc(C(N)=O)nc3)nc2)c1,CC(=O)NC1=CC=CC(=C1)C2=CC=C(N=C2)C(=O)NCC3=CC=C(N=C3)C(N)=O,BACE1,-10.53,True,False,False,0.5950961129337902,2.1309,2.192331338031545,389.4150000000002,,,,,,,0.013604009602830308,True,False,-10.53,,3.0,5.0,6.0,127.07,3.0,29.0,0.26209447,0.06567038,True,,,0.9451605972532138,1.0,CAN_1915c85046ed5d6d,MOL_5c28ff4f9edebcd3,,,bace_pool_final_nontoxic-5.csv,/content/bace_pool_final_nontoxic-5.csv,reward_results_29.csv,,,,,,,,,,,,0.013604009602830308;;;;;;;;;;
RLHF_0357,Top docking que no pasa Boltz,CAN_8ab4263d560de10e,MOL_31a48b25200d0591,O=C(Nc1cccc(N2CCNC2=O)c1)[C@@H]1CC(=O)N(Cc2cccnc2)c2ccccc21,O=C1C[C@@H1](C(=O)NC2=CC=CC(N3CCNC3=O)=C2)C4=CC=CC=C4N1CC5=CC=CN=C5,BACE1,-10.529,True,False,False,0.6354303133121241,3.270400000000002,2.952951808625171,441.49100000000016,,,,,,,0.013688244956408205,True,False,-10.529,,2.0,4.0,5.0,94.64,5.0,33.0,0.21676612,0.09201637,True,,,0.8098877239307462,1.0,CAN_8e8a74f2be2bec6b,MOL_31a48b25200d0591,,,bace_pool_final_nontoxic-4.csv,/content/bace_pool_final_nontoxic-4.csv,reward_results_27.csv,,,,,,,,,,,,0.013688244956408205;;;;;;;;;;
RLHF_0358,Top docking que no pasa Boltz,CAN_3822ac1daccabf16,MOL_478ce73d52a5029d,C1C=CC2=C1NC(=N2)C3=CC=CC(=C3)C=C4C=C5C=CC(C(N)=O)=NC5[NH1]4,C1C=CC2=C1NC(=N2)C3=CC=CC(=C3)C=C4C=C5C=CC(C(N)=O)=NC5[NH1]4,BACE1,-10.512,True,False,False,,2.3387,,355.4010000000001,,,,,,,0.013898833340352947,False,True,,-10.512,,,,,,,,,,,,,,,,CAN_3822ac1daccabf16,MOL_478ce73d52a5029d,,,,1.0,reward_results_14.csv,bace_4,bace_4/reward_results_14.csv,bace_4,intermediate,C1C=CC2=C1NC(=N2)C3=CC=CC(=C3)C=C4C=C5C=CC(C(N)=O)=NC5[NH1]4,,2.3387,,355.4010000000001,0.013898833340352947;;;;;;;;;;
RLHF_0359,Top docking que no pasa Boltz,CAN_5121a35ea6ea2cbb,MOL_e99ebfb4aa14ef8e,C[C@@H1](NC(=O)C1=CC=CC(=C1)C2=CC=C3C(=C2)C4=NC=CN4C3)C(=O)NC5=CN=CN5,C[C@@H1](NC(=O)C1=CC=CC(=C1)C2=CC=C3C(=C2)C4=NC=CN4C3)C(=O)NC5=CN=CN5,BACE1,-10.506,True,False,False,,3.0589000000000004,,412.4530000000001,,,,,,,0.013983068693930843,False,True,,-10.506,,,,,,,,,,,,,,,,CAN_5121a35ea6ea2cbb,MOL_e99ebfb4aa14ef8e,,,,1.0,reward_results_14.csv,bace_4,bace_4/reward_results_14.csv,bace_4,intermediate,C[C@@H1](NC(=O)C1=CC=CC(=C1)C2=CC=C3C(=C2)C4=NC=CN4C3)C(=O)NC5=CN=CN5,,3.0589000000000004,,412.4530000000001,0.013983068693930843;;;;;;;;;;
RLHF_0360,Top docking que no pasa Boltz,CAN_53ae9cde5eb4846b,MOL_1ccd86e2dbb8b4f3,O=C1NCCc2c1ccc1ccc(N3CCC(O)C(c4ccc(F)cc4F)C3)cc21,OC1CCN(CC1C2=CC=C(F)C=C2F)C3=CC=C4C=CC5=C(CCNC5=O)C4=C3,BACE1,-10.5,True,False,False,0.6790471767111232,3.758700000000003,3.3909326215629125,408.4480000000002,,,,,,,0.014572716168976119,True,False,-10.5,,2.0,3.0,2.0,52.57,5.0,30.0,0.20704544,0.087134264,True,,,0.5719002618580152,1.0,CAN_32562ad0f96bb3e0,MOL_1ccd86e2dbb8b4f3,,,bace_pool_final_nontoxic-2.csv,/content/bace_pool_final_nontoxic-2.csv,docking_results_3_28.csv,,,,,,,,,,,,0.014572716168976119;;;;;;;;;;
RLHF_0361,Top docking que no pasa Boltz,CAN_b756d3e4cf19d79e,MOL_98ad12be86e2448b,NC(=O)C1CC1c1ccc(-c2ccc3ccc4c(c3c2)CCNC4=O)cc1,NC(=O)C1CC1C2=CC=C(C=C2)C3=CC=C4C=CC5=C(CCNC5=O)C4=C3,BACE1,-10.5,True,False,False,0.7550385925175429,3.3815000000000017,3.158212196183589,356.4250000000002,,,,,,,0.014572716168976119,True,False,-10.5,,2.0,2.0,3.0,72.19,5.0,27.0,0.28446218,0.13581409,True,,,0.7229077295919883,1.0,CAN_70be4cdf9be93bdd,MOL_98ad12be86e2448b,,,bace_pool_final_nontoxic-2.csv,/content/bace_pool_final_nontoxic-2.csv,docking_results_3_20.csv,,,,,,,,,,,,0.014572716168976119;;;;;;;;;;
RLHF_0362,Top docking que no pasa Boltz,CAN_3b91f659cdd7f98e,MOL_e8e624baabbfa67c,O=C1NCCc2c1ccc1ccc(-c3ccc(N4CCNCC4)nc3)cc21,C1CN(CCN1)C2=CC=C(C=N2)C3=CC=C4C=CC5=C(CCNC5=O)C4=C3,BACE1,-10.5,True,False,False,0.7393603088365035,2.5973000000000006,2.519463461838022,358.44500000000016,,,,,,,0.014572716168976119,True,False,-10.5,,2.0,4.0,2.0,57.26,5.0,27.0,0.2904226,0.102400504,True,,,0.9356232033925986,1.0,CAN_5f623bf722be2cbb,MOL_e8e624baabbfa67c,,,bace_pool_final_nontoxic-2.csv,/content/bace_pool_final_nontoxic-2.csv,docking_results_3_28.csv,,,,,,,,,,,,0.014572716168976119;;;;;;;;;;
RLHF_0363,Top docking que no pasa Boltz,CAN_471d03ec33910e35,MOL_8d688be79e5c5310,C[C@H]1COCCN1c1ccc(-c2ccc3ccc4c(c3c2)CCNC4=O)cn1,C[C@H1]1COCCN1C2=CC=C(C=N2)C3=CC=C4C=CC5=C(CCNC5=O)C4=C3,BACE1,-10.5,True,False,False,0.7479420106150796,3.4128000000000016,3.063932003949753,373.4560000000002,,,,,,,0.014572716168976119,True,False,-10.5,,1.0,4.0,2.0,54.46,5.0,28.0,0.3846302,0.14200687,True,,,0.710317495645661,1.0,CAN_9394074403c3e0d1,MOL_8d688be79e5c5310,,,bace_pool_final_nontoxic-2.csv,/content/bace_pool_final_nontoxic-2.csv,docking_results_3_20.csv,,,,,,,,,,,,0.014572716168976119;;;;;;;;;;
RLHF_0364,Top docking que no pasa Boltz,CAN_deb1412b4fbf3df1,MOL_28ae88355bb5b89a,CC(C)NC(=O)c1ccc(C=C2C=C=c3c4c(ccc3=C2)C(=O)NCC4)cc1,CC(C)NC(=O)C1=CC=C(C=C1)C=C2C=C3C=CC4=C(CCNC4=O)C3=C=C2,BACE1,-10.5,True,False,False,0.8673992335477676,1.924,3.3446852369703555,370.45200000000017,,,,,,,0.014572716168976119,True,False,-10.5,,2.0,2.0,3.0,58.2,4.0,28.0,0.44423926,0.17014877,True,,,0.8362882113878718,1.0,CAN_268c0e36d0c58c14,MOL_28ae88355bb5b89a,,,bace_pool_final_nontoxic-2.csv,/content/bace_pool_final_nontoxic-2.csv,docking_results_3_25.csv,,,,,,,,,,,,0.014572716168976119;;;;;;;;;;
RLHF_0365,Top docking que no pasa Boltz,CAN_85691dde34a99c4d,MOL_ad4c69ae53cfbf1d,O=C1NCCc2ccc3cc(C4=C=CCn5cnnc54)ccc3c21,C=1=CCN2C=NN=C2C=1C3=CC=C4C5=C(CCNC5=O)C=CC4=C3,BACE1,-10.5,True,False,False,0.7013065428587167,2.3176000000000005,3.600170615474309,314.348,,,,,,,0.014572716168976119,True,False,-10.5,,1.0,3.0,1.0,59.81,5.0,24.0,0.4190042,0.17299825,True,,,0.9277274266916268,1.0,CAN_038e3ae0878a2440,MOL_ad4c69ae53cfbf1d,,,bace_pool_final_nontoxic-2.csv,/content/bace_pool_final_nontoxic-2.csv,docking_results_3_15.csv,,,,,,,,,,,,0.014572716168976119;;;;;;;;;;
RLHF_0366,Top docking que no pasa Boltz,CAN_0b02a3090ca158e4,MOL_b7e657c138d0a302,CC(C)OC1=CC=CC(=C1)C2=CC=C(N=C2)C(=O)NCC3=CC=C(N=C3)C(N)=O,CC(C)OC1=CC=CC(=C1)C2=CC=C(N=C2)C(=O)NCC3=CC=C(N=C3)C(N)=O,BACE1,-10.452,True,False,False,,2.9597,,390.44300000000015,,,,,,,0.015415069704755086,False,True,,-10.452,,,,,,,,,,,,,,,,CAN_0b02a3090ca158e4,MOL_b7e657c138d0a302,,,,1.0,reward_results_28.csv,bace_4,bace_4/reward_results_28.csv,bace_4,intermediate,CC(C)OC1=CC=CC(=C1)C2=CC=C(N=C2)C(=O)NCC3=CC=C(N=C3)C(N)=O,,2.9597,,390.44300000000015,0.015415069704755086;;;;;;;;;;
RLHF_0367,Top docking que no pasa Boltz,CAN_4a9af393f029f09d,MOL_2cc122814e2cdd84,COC1=CC(CNC(=O)C2=CC3=CC=CC=C3C(=O)O2)=CC=C1OC4=CC=C(C(N)=O)N=N4,COC1=CC(CNC(=O)C2=CC3=CC=CC=C3C(=O)O2)=CC=C1OC4=CC=C(C(N)=O)N=N4,BACE1,-10.452,True,False,False,,2.4128000000000003,,446.4190000000002,,,,,,,0.015415069704755086,False,True,,-10.452,,,,,,,,,,,,,,,,CAN_4a9af393f029f09d,MOL_2cc122814e2cdd84,,,,1.0,reward_results_17.csv,bace_3,bace_3/reward_results_17.csv,bace_3,intermediate,COC1=CC(CNC(=O)C2=CC3=CC=CC=C3C(=O)O2)=CC=C1OC4=CC=C(C(N)=O)N=N4,,2.4128000000000003,,446.4190000000002,0.015415069704755086;;;;;;;;;;
RLHF_0368,Top docking que no pasa Boltz,CAN_ee7e094f15788c75,MOL_ea08398b88069b4a,O=C(CC1=CC=C(C=C1)C2=CC=C3[NH1]N=CC3=C2)NC(=O)C4=CC=CC(=N4)C#N,O=C(CC1=CC=C(C=C1)C2=CC=C3[NH1]N=CC3=C2)NC(=O)C4=CC=CC(=N4)C#N,BACE1,-10.43,True,False,False,,2.995680000000001,,381.39500000000015,,,,,,,0.015583540411910879,False,True,,-10.43,,,,,,,,,,,,,,,,CAN_ee7e094f15788c75,MOL_ea08398b88069b4a,,,,1.0,reward_results_24.csv,bace_4,bace_4/reward_results_24.csv,bace_4,intermediate,O=C(CC1=CC=C(C=C1)C2=CC=C3[NH1]N=CC3=C2)NC(=O)C4=CC=CC(=N4)C#N,,2.995680000000001,,381.39500000000015,0.015583540411910879;;;;;;;;;;
RLHF_0369,Top docking que no pasa Boltz,CAN_963ef436ebd8ba8a,MOL_9c1311667d7d4a1a,N#Cc1cccc(C(=O)NC(=O)Cc2ccc(-c3ccc4[nH]ncc4c3)cc2)n1,O=C(CC1=CC=C(C=C1)C2=CC=C3[NH1]N=CC3=C2)NC(=O)C4=CC=CC(=N4)C#N,BACE1,-10.43,True,False,False,0.5643697414697526,2.995680000000001,2.4818720643783685,381.39500000000015,,,,,,,0.015583540411910879,True,False,-10.43,,2.0,5.0,4.0,111.53,4.0,29.0,0.4704149,0.1572811,True,,,0.9082644045322442,1.0,CAN_2c3a6482bb91d503,MOL_9c1311667d7d4a1a,,,bace_pool_final_nontoxic-5.csv,/content/bace_pool_final_nontoxic-5.csv,reward_results_24.csv,,,,,,,,,,,,0.015583540411910879;;;;;;;;;;
RLHF_0370,Top docking que no pasa Boltz,CAN_a596d510d052ba0e,MOL_27b1125953dfb6d1,O=C1[C@H1](NC(=O)C2=CC=C3C(=C2)CCC3)CCN1C4=CC=C5C(=C4)CCC(=O)N5,O=C1[C@H1](NC(=O)C2=CC=C3C(=C2)CCC3)CCN1C4=CC=C5C(=C4)CCC(=O)N5,BACE1,-10.421,True,False,False,,2.595300000000001,,389.4550000000001,,,,,,,0.015857305311039044,False,True,,-10.421,,,,,,,,,,,,,,,,CAN_a596d510d052ba0e,MOL_27b1125953dfb6d1,,,,1.0,reward_results_27.csv,bace_3,bace_3/reward_results_27.csv,bace_3,intermediate,O=C1[C@H1](NC(=O)C2=CC=C3C(=C2)CCC3)CCN1C4=CC=C5C(=C4)CCC(=O)N5,,2.595300000000001,,389.4550000000001,0.015857305311039044;;;;;;;;;;
RLHF_0371,Top docking que no pasa Boltz,CAN_a64e995a30b7ce21,MOL_7525501fc6576bcc,COC1=CC=C([C@H1]2CC(=O)NC3=C2C(=O)N(C(C)=O)C3=O)C=C1C4=CC=C5C(=C4)CC(=O)N5C,COC1=CC=C([C@H1]2CC(=O)NC3=C2C(=O)N(C(C)=O)C3=O)C=C1C4=CC=C5C(=C4)CC(=O)N5C,BACE1,-10.412,True,False,False,,1.654,,459.45800000000025,,,,,,,0.016110011371772735,False,True,,-10.412,,,,,,,,,,,,,,,,CAN_a64e995a30b7ce21,MOL_7525501fc6576bcc,,,,1.0,reward_results_28.csv,bace_3,bace_3/reward_results_28.csv,bace_3,intermediate,COC1=CC=C([C@H1]2CC(=O)NC3=C2C(=O)N(C(C)=O)C3=O)C=C1C4=CC=C5C(=C4)CC(=O)N5C,,1.654,,459.45800000000025,0.016110011371772735;;;;;;;;;;
RLHF_0372,Top docking que no pasa Boltz,CAN_eb9f9ae371548752,MOL_a09a370e07702261,COc1ccc([C@H]2CC(=O)NC3=C2C(=O)N(C(C)=O)C3=O)cc1-c1ccc2c(c1)CC(=O)N2C,COC1=CC=C([C@H1]2CC(=O)NC3=C2C(=O)N(C(C)=O)C3=O)C=C1C4=CC=C5C(=C4)CC(=O)N5C,BACE1,-10.412,True,False,False,0.6987979184575651,1.654,3.493280890019953,459.45800000000025,,,,,,,0.016110011371772735,True,False,-10.412,,1.0,6.0,3.0,113.09,5.0,34.0,0.27248517,0.094606034,True,,,0.7769976357260711,1.0,CAN_02016bfa3c571c5b,MOL_a09a370e07702261,,,bace_pool_final_nontoxic-4.csv,/content/bace_pool_final_nontoxic-4.csv,reward_results_28.csv,,,,,,,,,,,,0.016110011371772735;;;;;;;;;;
RLHF_0373,Top docking que no pasa Boltz,CAN_6290e74e7b93c550,MOL_448107b33a0c09b3,Cc1ccc(F)c(-c2ccc(C(=O)NCc3ccc(C(N)=O)nc3)nc2)c1,CC1=CC=C(F)C(=C1)C2=CC=C(N=C2)C(=O)NCC3=CC=C(N=C3)C(N)=O,BACE1,-10.411,True,False,False,0.7270177565528627,2.62002,2.2200636136598835,364.3800000000001,,,,,,,0.016173187886956156,True,False,-10.411,,2.0,4.0,5.0,97.97,3.0,27.0,0.15502903,0.040044643,True,,,0.9845572418556888,1.0,CAN_af865aa7c4bb55e0,MOL_448107b33a0c09b3,,,bace_pool_final_nontoxic-5.csv,/content/bace_pool_final_nontoxic-5.csv,reward_results_21.csv,,,,,,,,,,,,0.016173187886956156;;;;;;;;;;
RLHF_0374,Top docking que no pasa Boltz,CAN_992af517ba2138f4,MOL_97155f097d847e4f,O=C(CC1=CC=C2C(=C1)CCCN2)NC3=CC=CC(=C3)C4=CN=C5[NH1]C(=O)NC5=C4,O=C(CC1=CC=C2C(=C1)CCCN2)NC3=CC=CC(=C3)C4=CN=C5[NH1]C(=O)NC5=C4,BACE1,-10.401,True,False,False,,3.4575000000000005,,399.45400000000006,,,,,,,0.016383776270900898,False,True,,-10.401,,,,,,,,,,,,,,,,CAN_992af517ba2138f4,MOL_97155f097d847e4f,,,,1.0,reward_results_14.csv,bace_4,bace_4/reward_results_14.csv,bace_4,intermediate,O=C(CC1=CC=C2C(=C1)CCCN2)NC3=CC=CC(=C3)C4=CN=C5[NH1]C(=O)NC5=C4,,3.4575000000000005,,399.45400000000006,0.016383776270900898;;;;;;;;;;
RLHF_0375,Top docking que no pasa Boltz,CAN_11979afbed13210f,MOL_6c6fe104d194d5e8,O=C1NCCc2c1ccc1ccc(-c3ccc(N4COC[C@@H](O)C4=O)nc3)cc21,C1OC[C@@H1](O)C(=O)N1C2=CC=C(C=N2)C3=CC=C4C=CC5=C(CCNC5=O)C4=C3,BACE1,-10.4,True,False,False,0.69822255814647,1.8693,3.42495205837465,389.4110000000002,,,,,,,0.016847070715579327,True,False,-10.4,,2.0,5.0,2.0,91.76,5.0,29.0,0.33252153,0.1506442,True,,,0.8068157316655566,1.0,CAN_4adbef2098111971,MOL_6c6fe104d194d5e8,,,bace_pool_final_nontoxic-2.csv,/content/bace_pool_final_nontoxic-2.csv,docking_results_3_29.csv,,,,,,,,,,,,0.016847070715579327;;;;;;;;;;
RLHF_0376,Top docking que no pasa Boltz,CAN_b0dd0da2a77b32b3,MOL_6002878a26013ab8,C[C@@H]1OCN(c2ccc(-c3ccc4ccc5c(c4c3)CCNC5=O)cn2)C1=O,C1O[C@@H1](C)C(=O)N1C2=CC=C(C=N2)C3=CC=C4C=CC5=C(CCNC5=O)C4=C3,BACE1,-10.4,True,False,False,0.749797012835976,2.8969000000000005,3.335582410453817,373.4120000000002,,,,,,,0.016847070715579327,True,False,-10.4,,1.0,4.0,2.0,71.53,5.0,28.0,0.45757195,0.20438701,True,,,0.8760228076644163,1.0,CAN_164bc6036a02b994,MOL_6002878a26013ab8,,,bace_pool_final_nontoxic-2.csv,/content/bace_pool_final_nontoxic-2.csv,docking_results_3_27.csv,,,,,,,,,,,,0.016847070715579327;;;;;;;;;;
RLHF_0377,Top docking que no pasa Boltz,CAN_96ecdea380721b74,MOL_9da6affa19e325f6,O=C(NC1CCCNC1)c1ccc(-c2ccc3ccc4c(c3c2)CCNC4=O)cc1,O=C(NC1CCCNC1)C2=CC=C(C=C2)C3=CC=C4C=CC5=C(CCNC5=O)C4=C3,BACE1,-10.4,True,False,False,0.6330974724479009,3.274500000000001,2.8709556001610466,399.49400000000026,,,,,,,0.016847070715579327,True,False,-10.4,,3.0,3.0,3.0,70.23,5.0,30.0,0.25258112,0.10095196,True,,,0.7547108782058168,1.0,CAN_2c130a2d0f26d25e,MOL_9da6affa19e325f6,,,bace_pool_final_nontoxic-2.csv,/content/bace_pool_final_nontoxic-2.csv,docking_results_3_24.csv,,,,,,,,,,,,0.016847070715579327;;;;;;;;;;
RLHF_0378,Top docking que no pasa Boltz,CAN_f0d1e25009d3d29f,MOL_ec256903e20d7f25,O=C1NCCc2c1ccc1ccc(C(=O)N3C(=O)CSc4ccccc43)cc21,O=C1CSC2=CC=CC=C2N1C(=O)C3=CC=C4C=CC5=C(CCNC5=O)C4=C3,BACE1,-10.4,True,False,False,0.6490784138002579,3.4048000000000016,2.6497904506455683,388.44800000000015,,,,,,,0.016847070715579327,True,False,-10.4,,1.0,4.0,1.0,66.48,5.0,28.0,0.32829544,0.12937509,True,,,0.7039195924096312,1.0,CAN_2262d5da409a93f0,MOL_ec256903e20d7f25,,,bace_pool_final_nontoxic-2.csv,/content/bace_pool_final_nontoxic-2.csv,docking_results_3_22.csv,,,,,,,,,,,,0.016847070715579327;;;;;;;;;;
RLHF_0379,Top docking que no pasa Boltz,CAN_d53bf9d4c51fa616,MOL_07002944b143c616,O=C1NCCc2c1ccc1ccc(-c3ccc(N4CC=NCC(O)C4)cc3)cc21,C1N(CC(O)CN=C1)C2=CC=C(C=C2)C3=CC=C4C=CC5=C(CCNC5=O)C4=C3,BACE1,-10.4,True,False,False,0.7126797290437851,3.0444000000000013,3.35580256257633,385.4670000000002,,,,,,,0.016847070715579327,True,False,-10.4,,2.0,4.0,2.0,64.93,5.0,29.0,0.30102968,0.13597737,True,,,0.8350176335832558,1.0,CAN_3a12be6bb929f622,MOL_07002944b143c616,,,bace_pool_final_nontoxic-2.csv,/content/bace_pool_final_nontoxic-2.csv,docking_results_3_15.csv,,,,,,,,,,,,0.016847070715579327;;;;;;;;;;
RLHF_0380,Top docking que no pasa Boltz,CAN_31a4ef07093cf811,MOL_2b72467e4530fbfa,O=C1NCCc2c1ccc1ccc(-c3ccc(N4CCC5(CNC5)C4)nc3)cc21,C1CN(CC12CNC2)C3=CC=C(C=N3)C4=CC=C5C=CC6=C(CCNC6=O)C5=C4,BACE1,-10.4,True,False,False,0.7132580768253485,2.987400000000001,3.296451431354612,384.4830000000002,,,,,,,0.016847070715579327,True,False,-10.4,,2.0,4.0,2.0,57.26,6.0,29.0,0.32735083,0.12532914,True,,,0.8520403298216306,1.0,CAN_e35ab06df01f1012,MOL_2b72467e4530fbfa,,,bace_pool_final_nontoxic-2.csv,/content/bace_pool_final_nontoxic-2.csv,docking_results_3_26.csv,,,,,,,,,,,,0.016847070715579327;;;;;;;;;;
RLHF_0381,Top docking que no pasa Boltz,CAN_88642794b6e0fb21,MOL_43a3f4ef26a204f9,COc1ccc(C(N)=O)cc1-c1ccc2c3c(ccc2c1NC(N)=O)CCNC3=O,COC1=CC=C(C=C1C2=CC=C3C4=C(CCNC4=O)C=CC3=C2NC(=O)N)C(N)=O,BACE1,-10.4,True,False,False,0.5305315668445163,2.3908,2.6731861206502785,404.42600000000016,,,,,,,0.016847070715579327,True,False,-10.4,,4.0,4.0,4.0,136.54,4.0,30.0,0.45024016,0.11804613,True,,,0.922195680054571,1.0,CAN_c90e5d05a3a0b455,MOL_43a3f4ef26a204f9,,,bace_pool_final_nontoxic-2.csv,/content/bace_pool_final_nontoxic-2.csv,docking_results_3_20.csv,,,,,,,,,,,,0.016847070715579327;;;;;;;;;;
RLHF_0382,Top docking que no pasa Boltz,CAN_cef8148dd77a7c15,MOL_5181d7c376288133,O=C(N[C@@H1]1CC2=CC=CC=C2C1)C3=CC=CC(=C3)C4=CN=C5[NH1]C(=O)NC5=C4,O=C(N[C@@H1]1CC2=CC=CC=C2C1)C3=CC=CC(=C3)C4=CN=C5[NH1]C(=O)NC5=C4,BACE1,-10.398,True,False,False,,2.8153999999999995,,370.412,,,,,,,0.017394600513835658,False,True,,-10.398,,,,,,,,,,,,,,,,CAN_cef8148dd77a7c15,MOL_5181d7c376288133,,,,1.0,reward_results_15.csv,bace_4,bace_4/reward_results_15.csv,bace_4,intermediate,O=C(N[C@@H1]1CC2=CC=CC=C2C1)C3=CC=CC(=C3)C4=CN=C5[NH1]C(=O)NC5=C4,,2.8153999999999995,,370.412,0.017394600513835658;;;;;;;;;;
RLHF_0383,Top docking que no pasa Boltz,CAN_a7ca9fad9d2e49fc,MOL_1adaee3977318314,O=C1[NH1]C2=CC=C(S(=O)(=O)NC3=CC=C4C(=C3)C(=O)C5=CC=CC=C5C4)C=C21,O=C1[NH1]C2=CC=C(S(=O)(=O)NC3=CC=C4C(=C3)C(=O)C5=CC=CC=C5C4)C=C21,BACE1,-10.398,True,False,False,,3.1883000000000017,,390.4200000000002,,,,,,,0.017394600513835658,False,True,,-10.398,,,,,,,,,,,,,,,,CAN_a7ca9fad9d2e49fc,MOL_1adaee3977318314,,,,1.0,reward_results_7.csv,bace_3,bace_3/reward_results_7.csv,bace_3,intermediate,O=C1[NH1]C2=CC=C(S(=O)(=O)NC3=CC=C4C(=C3)C(=O)C5=CC=CC=C5C4)C=C21,,3.1883000000000017,,390.4200000000002,0.017394600513835658;;;;;;;;;;
RLHF_0384,Top docking que no pasa Boltz,CAN_cd3828180028015c,MOL_079c5c8fffd4e6f4,Cc1ccc(-c2ccc(C(=O)NCc3ccc(C(N)=O)nc3)nc2)cc1F,CC1=CC=C(C=C1F)C2=CC=C(N=C2)C(=O)NCC3=CC=C(N=C3)C(N)=O,BACE1,-10.392,True,False,False,0.7270177565528627,2.62002,2.194610374793486,364.3800000000001,,,,,,,0.017542012382596978,True,False,-10.392,,2.0,4.0,5.0,97.97,3.0,27.0,0.16702554,0.04335955,True,,,0.9841614737171684,1.0,CAN_ebfca0d60657031a,MOL_079c5c8fffd4e6f4,,,bace_pool_final_nontoxic-5.csv,/content/bace_pool_final_nontoxic-5.csv,reward_results_29.csv,,,,,,,,,,,,0.017542012382596978;;;;;;;;;;
RLHF_0385,Top docking que no pasa Boltz,CAN_694c7897e8e21b34,MOL_f0754f8aa93805dd,CC(C)=NNC(=O)C1=CC=C2C(=C1)CCCN2C(=O)C3=CC=C4C=CC=CC4=C3,CC(C)=NNC(=O)C1=CC=C2C(=C1)CCCN2C(=O)C3=CC=C4C=CC=CC4=C3,BACE1,-10.389,True,False,False,,4.558400000000003,,385.467,,,,,,,0.0176051888977804,False,True,,-10.389,,,,,,,,,,,,,,,,CAN_694c7897e8e21b34,MOL_f0754f8aa93805dd,,,,1.0,reward_results_25.csv,bace_3,bace_3/reward_results_25.csv,bace_3,intermediate,CC(C)=NNC(=O)C1=CC=C2C(=C1)CCCN2C(=O)C3=CC=C4C=CC=CC4=C3,,4.558400000000003,,385.467,0.0176051888977804;;;;;;;;;;
RLHF_0386,Top docking que no pasa Boltz,CAN_7f1ac2cd67d699ab,MOL_be012c2f2da8e2ab,CC1=CC=C(C(=O)NN=CC(=O)[NH1]C=O)C=C1NC(=O)C2=CC=C3C=CC=CC3=C2,CC1=CC=C(C(=O)NN=CC(=O)[NH1]C=O)C=C1NC(=O)C2=CC=C3C=CC=CC3=C2,BACE1,-10.388,True,False,False,,2.38872,,402.4100000000002,,,,,,,0.01764730657456935,False,True,,-10.388,,,,,,,,,,,,,,,,CAN_7f1ac2cd67d699ab,MOL_be012c2f2da8e2ab,,,,1.0,reward_results_13.csv,bace_3,bace_3/reward_results_13.csv,bace_3,intermediate,CC1=CC=C(C(=O)NN=CC(=O)[NH1]C=O)C=C1NC(=O)C2=CC=C3C=CC=CC3=C2,,2.38872,,402.4100000000002,0.01764730657456935;;;;;;;;;;
RLHF_0387,Top docking que no pasa Boltz,CAN_55e2c2c8148ae1f1,MOL_4750bd6350588987,CC(C)(C)C#CC1=CC=C2C(=C1)CCCN2C(=O)C3=CC=C4C(=C3)CCNC4=O,CC(C)(C)C#CC1=CC=C2C(=C1)CCCN2C(=O)C3=CC=C4C(=C3)CCNC4=O,BACE1,-10.386,True,False,False,,3.9631000000000025,,386.4950000000001,,,,,,,0.017752600766541716,False,True,,-10.386,,,,,,,,,,,,,,,,CAN_55e2c2c8148ae1f1,MOL_4750bd6350588987,,,,1.0,reward_results_25.csv,bace_3,bace_3/reward_results_25.csv,bace_3,intermediate,CC(C)(C)C#CC1=CC=C2C(=C1)CCCN2C(=O)C3=CC=C4C(=C3)CCNC4=O,,3.9631000000000025,,386.4950000000001,0.017752600766541716;;;;;;;;;;
RLHF_0388,Top docking que no pasa Boltz,CAN_cff69888076d8d25,MOL_29e533ff29df2bdd,C[C@@H1](NC(=O)C1=CC=C2C(=C1)NC(=O)C2(C)C)C(=O)NC3=CC=C4C(=C3)CCC(=O)N4,C[C@@H1](NC(=O)C1=CC=C2C(=C1)NC(=O)C2(C)C)C(=O)NC3=CC=C4C(=C3)CCC(=O)N4,BACE1,-10.386,True,False,False,,2.558,,420.46900000000016,,,,,,,0.017752600766541716,False,True,,-10.386,,,,,,,,,,,,,,,,CAN_cff69888076d8d25,MOL_29e533ff29df2bdd,,,,1.0,reward_results_23.csv,bace_3,bace_3/reward_results_23.csv,bace_3,intermediate,C[C@@H1](NC(=O)C1=CC=C2C(=C1)NC(=O)C2(C)C)C(=O)NC3=CC=C4C(=C3)CCC(=O)N4,,2.558,,420.46900000000016,0.017752600766541716;;;;;;;;;;
RLHF_0389,Top docking que no pasa Boltz,CAN_0f7b60c4ca7a964f,MOL_6f4bf459aa814d31,O=C(N[C@H]1CCc2ccccc21)c1cccc(-c2cnc3[nH]c(=O)[nH]c3c2)c1,O=C(N[C@H1]1CCC2=CC=CC=C21)C3=CC=CC(=C3)C4=CN=C5[NH1]C(=O)NC5=C4,BACE1,-10.376,True,False,False,0.5165503554568711,3.335500000000001,2.818500484249938,370.4120000000001,,,,,,,0.017921071473697512,True,False,-10.376,,3.0,3.0,3.0,90.64,5.0,28.0,0.41301695,0.13936834,True,,,0.7807760139102033,1.0,CAN_6b38b4bddcdac8b4,MOL_6f4bf459aa814d31,,,bace_pool_final_nontoxic-5.csv,/content/bace_pool_final_nontoxic-5.csv,reward_results_13.csv,,,,,,,,,,,,0.017921071473697512;;;;;;;;;;
RLHF_0390,Top docking que no pasa Boltz,CAN_dacda57f1962c6a8,MOL_577b8250640a2040,CC1=CC=C(F)C(=C1)C2=CC=C(N=C2)C(=O)NCC3=CC=C(N=C3)C(N)=O,CC1=CC=C(F)C(=C1)C2=CC=C(N=C2)C(=O)NCC3=CC=C(N=C3)C(N)=O,BACE1,-10.365,True,False,False,,2.62002,,364.3800000000001,,,,,,,0.018110601019247777,False,True,,-10.365,,,,,,,,,,,,,,,,CAN_dacda57f1962c6a8,MOL_577b8250640a2040,,,,8.0,reward_results_20.csv; reward_results_21.csv; reward_results_23.csv; reward_results_24.csv; reward_results_27.csv; reward_results_29.csv,bace_4,bace_4/reward_results_20.csv; bace_4/reward_results_21.csv; bace_4/reward_results_23.csv; bace_4/reward_results_24.csv; bace_4/reward_results_27.csv; bace_4/reward_results_29.csv,bace_4,intermediate,CC1=CC=C(F)C(=C1)C2=CC=C(N=C2)C(=O)NCC3=CC=C(N=C3)C(N)=O,,2.62002,,364.3800000000001,0.018110601019247777
RLHF_0391,Top docking que no pasa Boltz,CAN_4d5e38d0d657b7b9,MOL_badb81eeef2d2e64,CC1=CC(F)=CC(=C1)C2=CC=C(N=C2)C(=O)NCC3=CC=C(N=C3)C(N)=O,CC1=CC(F)=CC(=C1)C2=CC=C(N=C2)C(=O)NCC3=CC=C(N=C3)C(N)=O,BACE1,-10.365,True,False,False,,2.62002,,364.3800000000001,,,,,,,0.018110601019247777,False,True,,-10.365,,,,,,,,,,,,,,,,CAN_4d5e38d0d657b7b9,MOL_badb81eeef2d2e64,,,,1.0,reward_results_19.csv,bace_4,bace_4/reward_results_19.csv,bace_4,intermediate,CC1=CC(F)=CC(=C1)C2=CC=C(N=C2)C(=O)NCC3=CC=C(N=C3)C(N)=O,,2.62002,,364.3800000000001,0.018110601019247777;;;;;;;;;;
RLHF_0392,Top docking que no pasa Boltz,CAN_791d2493d95ff583,MOL_a4b0af6ebc1f6cf1,CC(C)c1cccc(-c2ccc(C(=O)NCc3ccc(C(N)=O)nc3)nc2)c1,CC(C)C1=CC=CC(=C1)C2=CC=C(N=C2)C(=O)NCC3=CC=C(N=C3)C(N)=O,BACE1,-10.364,True,False,False,0.6915518976886029,3.2959000000000005,2.2149923547892456,374.4440000000001,,,,,,,0.01821589521122015,True,False,-10.364,,2.0,4.0,6.0,97.97,3.0,28.0,0.14398846,0.042298447,True,,,0.796917258155333,1.0,CAN_7e2abcdfbbafd9b0,MOL_a4b0af6ebc1f6cf1,,,bace_pool_final_nontoxic-5.csv,/content/bace_pool_final_nontoxic-5.csv,reward_results_21.csv,,,,,,,,,,,,0.01821589521122015;;;;;;;;;;
RLHF_0393,Top docking que no pasa Boltz,CAN_c371a26e8f903cf6,MOL_93017547e36c5710,O=C(NC1=CC=CC(=C1)C2=CC=C3[NH1]N=CC3=C2)C=CC=C4[NH1]C(=O)[NH1]C4,O=C(NC1=CC=CC(=C1)C2=CC=C3[NH1]N=CC3=C2)C=CC=C4[NH1]C(=O)[NH1]C4,BACE1,-10.352,True,False,False,,2.9213000000000005,,359.38900000000007,,,,,,,0.018342248241586995,False,True,,-10.352,,,,,,,,,,,,,,,,CAN_c371a26e8f903cf6,MOL_93017547e36c5710,,,,1.0,reward_results_21.csv,bace_4,bace_4/reward_results_21.csv,bace_4,intermediate,O=C(NC1=CC=CC(=C1)C2=CC=C3[NH1]N=CC3=C2)C=CC=C4[NH1]C(=O)[NH1]C4,,2.9213000000000005,,359.38900000000007,0.018342248241586995;;;;;;;;;;
RLHF_0394,Top docking que no pasa Boltz,CAN_a37b469ed01edee2,MOL_14daa02a50fa5781,COC(=O)C1=CC=C2C(=C1)C(=O)C3=CC=CC=C3N2CC(=O)NC4=CC=C5C(=C4)CCC(=O)N5,COC(=O)C1=CC=C2C(=C1)C(=O)C3=CC=CC=C3N2CC(=O)NC4=CC=C5C(=C4)CCC(=O)N5,BACE1,-10.346,True,False,False,,3.464700000000001,,455.47000000000025,,,,,,,0.01842648359516489,False,True,,-10.346,,,,,,,,,,,,,,,,CAN_a37b469ed01edee2,MOL_14daa02a50fa5781,,,,1.0,reward_results_23.csv,bace_3,bace_3/reward_results_23.csv,bace_3,intermediate,COC(=O)C1=CC=C2C(=C1)C(=O)C3=CC=CC=C3N2CC(=O)NC4=CC=C5C(=C4)CCC(=O)N5,,3.464700000000001,,455.47000000000025,0.01842648359516489;;;;;;;;;;
RLHF_0395,Top docking que no pasa Boltz,CAN_4885d53a695e456b,MOL_0f185eec0f2c856b,N#CCc1cccc(-c2ccc(C(=O)NCc3ccc(C(N)=O)nc3)nc2)c1,N#CCC1=CC=CC(=C1)C2=CC=C(N=C2)C(=O)NCC3=CC=C(N=C3)C(N)=O,BACE1,-10.345,True,False,False,0.6879809685914189,2.23858,2.3549967754318946,371.4000000000001,,,,,,,0.018552836625531737,True,False,-10.345,,2.0,5.0,6.0,121.76,3.0,28.0,0.15916824,0.050428722,True,,,0.9644707841845546,1.0,CAN_b3bab2ebc98788c2,MOL_0f185eec0f2c856b,,,bace_pool_final_nontoxic-5.csv,/content/bace_pool_final_nontoxic-5.csv,reward_results_21.csv,,,,,,,,,,,,0.018552836625531737;;;;;;;;;;
RLHF_0396,Top docking que no pasa Boltz,CAN_c8a4461dd945fdbf,MOL_6cd5f46634302222,N#CCC1=CC=CC(=C1)C2=CC=C(N=C2)C(=O)NCC3=CC=C(N=C3)C(N)=O,N#CCC1=CC=CC(=C1)C2=CC=C(N=C2)C(=O)NCC3=CC=C(N=C3)C(N)=O,BACE1,-10.345,True,False,False,,2.23858,,371.4000000000001,,,,,,,0.018552836625531737,False,True,,-10.345,,,,,,,,,,,,,,,,CAN_c8a4461dd945fdbf,MOL_6cd5f46634302222,,,,1.0,reward_results_21.csv,bace_4,bace_4/reward_results_21.csv,bace_4,intermediate,N#CCC1=CC=CC(=C1)C2=CC=C(N=C2)C(=O)NCC3=CC=C(N=C3)C(N)=O,,2.23858,,371.4000000000001,0.018552836625531737;;;;;;;;;;
RLHF_0397,Top docking que no pasa Boltz,CAN_1751008a6ae528d3,MOL_bba655ff081aa6e9,CC(C)C=NC(N)=C1C(N)=NC(N)=NC1=CC#CC2=CC=CC(=C2)C3=CN=CC=N3,CC(C)C=NC(N)=C1C(N)=NC(N)=NC1=CC#CC2=CC=CC(=C2)C3=CN=CC=N3,BACE1,-10.345,True,False,False,,0.6814000000000018,,398.4740000000001,,,,,,,0.018552836625531737,False,True,,-10.345,,,,,,,,,,,,,,,,CAN_1751008a6ae528d3,MOL_bba655ff081aa6e9,,,,1.0,reward_results_7.csv,bace_4,bace_4/reward_results_7.csv,bace_4,intermediate,CC(C)C=NC(N)=C1C(N)=NC(N)=NC1=CC#CC2=CC=CC(=C2)C3=CN=CC=N3,,0.6814000000000018,,398.4740000000001,0.018552836625531737;;;;;;;;;;
RLHF_0398,Top docking que no pasa Boltz,CAN_9efccde32a8584b9,MOL_9d249f58f3554bd1,O=C(CNC(=O)C1=CC=CO1)NC2=CC=C3C(=C2)C(=O)C4=CC=CC5=C4N3CCC5=O,O=C(CNC(=O)C1=CC=CO1)NC2=CC=C3C(=C2)C(=O)C4=CC=CC5=C4N3CCC5=O,BACE1,-10.344,True,False,False,,2.702600000000001,,415.40500000000026,,,,,,,0.018658130817504108,False,True,,-10.344,,,,,,,,,,,,,,,,CAN_9efccde32a8584b9,MOL_9d249f58f3554bd1,,,,1.0,reward_results_19.csv,bace_3,bace_3/reward_results_19.csv,bace_3,intermediate,O=C(CNC(=O)C1=CC=CO1)NC2=CC=C3C(=C2)C(=O)C4=CC=CC5=C4N3CCC5=O,,2.702600000000001,,415.40500000000026,0.018658130817504108;;;;;;;;;;
RLHF_0399,Top docking que no pasa Boltz,CAN_630edc412dd6bfd8,MOL_257115b10a1fc73b,C[C]1C(=O)NCCC[C@@H](C(=O)c2ccccc2)C2Cc3ccccc3CN2C1=O,C[C@](C(=O)N1C2CC3=CC=CC=C3C1)C(=O)NCCC[C@H1]2C(=O)C4=CC=CC=C4,BuChE,-12.1,True,False,False,0.8033929454383868,2.9433900000000017,3.814038571264658,389.47500000000014,,,,,,,0.000482573726541555,True,False,-12.1,,1.0,3.0,2.0,66.48,4.0,29.0,0.07792839,0.024811335,True,,,0.9306720093050131,1.0,CAN_41efa23a30921991,MOL_257115b10a1fc73b,,,buche_pool_final_nontoxic-2.csv,/content/buche_pool_final_nontoxic-2.csv,docking_results_2_14.csv,,,,,,,,,,,,0.000482573726541555;;;;;;;;;;
RLHF_0400,Top docking que no pasa Boltz,CAN_4566e36db6b96795,MOL_88337a791bafe8a4,N#CCNC(=O)N1CCc2ccccc2[C@H]1C=Cc1cc2ccccc2[nH]c1=O,N#CCNC(=O)N1CCC2=CC=CC=C2[C@H1]1C=CC3=CC4=CC=CC=C4[NH1]C3=O,BuChE,-11.8,True,False,False,0.6786776868381466,3.373880000000001,3.258046563869156,384.43900000000014,,,,,,,0.00128686327077748,True,False,-11.8,,2.0,3.0,3.0,88.99000000000001,4.0,29.0,0.17325044,0.07345872,True,,,0.7695904657991199,1.0,CAN_f52ecd87abc358b9,MOL_88337a791bafe8a4,,,buche_pool_final_nontoxic-2.csv,/content/buche_pool_final_nontoxic-2.csv,docking_results_2_29.csv,,,,,,,,,,,,0.00128686327077748;;;;;;;;;;
RLHF_0401,Top docking que no pasa Boltz,CAN_2ec32db9430bccf9,MOL_c6d6000c8725c800,CC1(C)Cc2ccccc2CN1C(=O)CN1CCC2Nc3ccccc3C(=O)C2C1,CC1(C)CC2=CC=CC=C2CN1C(=O)CN3CCC(C4C3)NC5=CC=CC=C5C4=O,BuChE,-11.8,True,False,False,0.8356179815989384,3.3488000000000016,3.561488256625524,403.52600000000007,,,,,,,0.00128686327077748,True,False,-11.8,,1.0,4.0,2.0,52.650000000000006,5.0,30.0,0.08848993,0.033048693,True,,,0.7801869437858885,1.0,CAN_276789e8aebec319,MOL_c6d6000c8725c800,,,buche_pool_final_nontoxic-2.csv,/content/buche_pool_final_nontoxic-2.csv,docking_results_2_29.csv,,,,,,,,,,,,0.00128686327077748;;;;;;;;;;
RLHF_0402,Top docking que no pasa Boltz,CAN_0c57f4d3a1236a9a,MOL_ca5e1ee98ff1fd92,C[C@@H](NC(=O)N1CCc2ccccc2C1)C(=O)N1CCC2CCCCC2C1=O,C[C@@H1](NC(=O)N1CCC2=CC=CC=C2C1)C(=O)N3CCC4CCCCC4C3=O,BuChE,-11.7,True,False,False,0.8536748808566951,2.708100000000001,3.4272706095783034,383.4920000000003,,,,,,,0.0018230563002680966,True,False,-11.7,,1.0,3.0,2.0,69.72,4.0,28.0,0.106673,0.035021205,True,,,0.9789481149705086,1.0,CAN_41b974aeabacd5dd,MOL_ca5e1ee98ff1fd92,,,buche_pool_final_nontoxic-2.csv,/content/buche_pool_final_nontoxic-2.csv,docking_results_2_21.csv,,,,,,,,,,,,0.0018230563002680966;;;;;;;;;;
RLHF_0403,Top docking que no pasa Boltz,CAN_0d1b83a3fffc36a6,MOL_b7474a9e7c89d9d4,CC(C)c1n[nH]c(-c2ccccc2NC(=O)NC2CCc3ccccc3C2=O)n1,CC(C)C1=N[NH1]C(=N1)C2=CC=CC=C2NC(=O)NC3CCC4=CC=CC=C4C3=O,BuChE,-11.7,True,False,False,0.6296761441400504,3.9143000000000026,3.010510161115283,389.4590000000002,,,,,,,0.0018230563002680966,True,False,-11.7,,3.0,4.0,4.0,99.77,4.0,29.0,0.4048345,0.1126475,True,,,0.5452495650399778,1.0,CAN_5273f07e44ba328a,MOL_b7474a9e7c89d9d4,,,buche_pool_final_nontoxic-2.csv,/content/buche_pool_final_nontoxic-2.csv,docking_results_2_29.csv,,,,,,,,,,,,0.0018230563002680966;;;;;;;;;;
RLHF_0404,Top docking que no pasa Boltz,CAN_13fabffa3a52f032,MOL_cff608ce99f8c5eb,CN1N=NN=C1C2=CC3=CC=CC=C3C=C2NC(=O)CCC4CNC5=CC=CC=C5C4=O,CN1N=NN=C1C2=CC3=CC=CC=C3C=C2NC(=O)CCC4CNC5=CC=CC=C5C4=O,BuChE,-11.647,True,False,False,,,,,0.1740181595087051,,,,,,0.002037533512064343,False,True,,-11.647,,,,,,,,,,,0.6303446292877197,,,,,CAN_13fabffa3a52f032,MOL_cff608ce99f8c5eb,,,,1.0,final_multiplicative_ranked.csv,buche,buche/final_multiplicative_ranked.csv,buche,intermediate,CN1N=NN=C1C2=CC3=CC=CC=C3C=C2NC(=O)CCC4CNC5=CC=CC=C5C4=O,,,,,0.002037533512064343;;;;;;;;;;
RLHF_0405,Top docking que no pasa Boltz,CAN_bf40f174ea890ef9,MOL_910ae8cc5b206794,Cc1ccc(C(=O)N2CCCC2CNC(=O)c2ccccc2)cc1C#N,CC1=CC=C(C=C1C#N)C(=O)N2CCCC2CNC(=O)C3=CC=CC=C3,BuChE,-11.646,True,False,False,0.9240905996518392,2.901300000000001,2.52427892212938,347.418,,,,,,,0.0021447721179624667,True,False,-11.646,,1.0,3.0,4.0,73.2,3.0,26.0,0.0879966,0.037037652,True,,,0.9439040846479788,1.0,CAN_1920a2a7200177b9,MOL_910ae8cc5b206794,,,buche_pool_final_nontoxic-3.csv,/content/buche_pool_final_nontoxic-3.csv,reward_results_11.csv,,,,,,,,,,,,0.0021447721179624667;;;;;;;;;;
RLHF_0406,Top docking que no pasa Boltz,CAN_9deb4d40e09b5cba,MOL_5c5fd8a018a0a1b5,O=C1c2ccccc2CCN1C(=O)c1ccccc1CN1CCC2(CC1)NCCCO2,O=C(C1=CC=CC=C1CN2CCC3(CC2)NCCCO3)N4CCC5=CC=CC=C5C4=O,BuChE,-11.6,True,False,False,0.7755761913184956,2.827300000000001,3.283873722957937,419.52500000000015,,,,,,,0.002841823056300268,True,False,-11.6,,1.0,5.0,3.0,61.88000000000001,5.0,31.0,0.062092952,0.019599773,True,,,0.955886704754938,1.0,CAN_ce307b84c148190b,MOL_5c5fd8a018a0a1b5,,,buche_pool_final_nontoxic-2.csv,/content/buche_pool_final_nontoxic-2.csv,docking_results_2_22.csv,,,,,,,,,,,,0.002841823056300268;;;;;;;;;;
RLHF_0407,Top docking que no pasa Boltz,CAN_16fad747d8cc9e99,MOL_5f5ae39d669c2736,CC(=O)[C@H](N)CC(=O)N1CCc2ccccc2[C@H]1C=Cc1cc2ccccc2[nH]c1=O,CC(=O)[C@H1](N)CC(=O)N1CCC2=CC=CC=C2[C@H1]1C=CC3=CC4=CC=CC=C4[NH1]C3=O,BuChE,-11.6,True,False,False,0.669583223595433,2.973700000000001,3.543488727619833,415.4930000000001,,,,,,,0.002841823056300268,True,False,-11.6,,2.0,4.0,5.0,96.26,4.0,31.0,0.15622553,0.06873942,True,,,0.917606189674906,1.0,CAN_c4f1e6219d4664db,MOL_5f5ae39d669c2736,,,buche_pool_final_nontoxic-2.csv,/content/buche_pool_final_nontoxic-2.csv,docking_results_2_29.csv,,,,,,,,,,,,0.002841823056300268;;;;;;;;;;
RLHF_0408,Top docking que no pasa Boltz,CAN_954bf83f373e7eff,MOL_28528fbb11f7ceea,COC(=O)[C@H]1Cc2ccccc2CN1C(=O)NCC1C=Cc2ccccc2C1=O,COC(=O)[C@H1]1CC2=CC=CC=C2CN1C(=O)NCC3C=CC4=CC=CC=C4C3=O,BuChE,-11.6,True,False,False,0.818063671438133,2.8218000000000014,3.456319188945855,390.4390000000001,,,,,,,0.002841823056300268,True,False,-11.6,,1.0,4.0,3.0,75.71000000000001,4.0,29.0,0.108650714,0.04413232,True,,,0.9570876853183482,1.0,CAN_0b2de5ed735a71d7,MOL_28528fbb11f7ceea,,,buche_pool_final_nontoxic-2.csv,/content/buche_pool_final_nontoxic-2.csv,docking_results_2_26.csv,,,,,,,,,,,,0.002841823056300268;;;;;;;;;;
RLHF_0409,Top docking que no pasa Boltz,CAN_ab0bf40d696a666a,MOL_fb5a78676b9e6a1d,C[C@@H](Cn1ncc2ccccc2c1=O)N1CCC2Oc3ccccc3C(=O)C2C1,C[C@@H1](CN1N=CC2=CC=CC=C2C1=O)N3CCC(C4C3)OC5=CC=CC=C5C4=O,BuChE,-11.6,True,False,False,0.6892538829734511,2.750800000000001,3.554265568854449,389.45500000000015,,,,,,,0.002841823056300268,True,False,-11.6,,0.0,5.0,3.0,64.43,5.0,29.0,0.10554508,0.04562041,True,,,0.9709163556188374,1.0,CAN_5050bd109dd6bfaa,MOL_fb5a78676b9e6a1d,,,buche_pool_final_nontoxic-2.csv,/content/buche_pool_final_nontoxic-2.csv,docking_results_2_13.csv,,,,,,,,,,,,0.002841823056300268;;;;;;;;;;
RLHF_0410,Top docking que no pasa Boltz,CAN_6509a376fdbcb47d,MOL_a4869e350300d37d,C[C@@H](NC(=O)c1cc2ccccc2c(=O)[nH]1)c1ccc2ccccc2n1,C[C@H1](C1=CC=C2C=CC=CC2=N1)NC(=O)C3=CC4=CC=CC=C4C(=O)[NH1]3,BuChE,-11.517,True,False,False,0.5970681465213742,3.567300000000001,2.6364827142291727,343.386,,,,,,,0.003324396782841823,True,False,-11.517,,2.0,3.0,3.0,74.85,4.0,26.0,0.39548716,0.09533035,True,,,0.6890472984110773,1.0,CAN_2781decc31cafc12,MOL_a4869e350300d37d,,,buche_pool_final_nontoxic-3.csv,/content/buche_pool_final_nontoxic-3.csv,reward_results_7.csv,,,,,,,,,,,,0.003324396782841823;;;;;;;;;;
RLHF_0411,Top docking que no pasa Boltz,CAN_7d6f495933623901,MOL_0f61ee73ab8883ff,O=C(C[C@@H]1CCCN1C(=O)c1cc2ccccc2o1)N1CCc2ccccc2C1=O,O=C(C[C@@H1]1CCCN1C(=O)C2=CC3=CC=CC=C3O2)N4CCC5=CC=CC=C5C4=O,BuChE,-11.5,True,False,False,0.6704891466381084,3.652600000000003,2.8828863874771784,402.4500000000003,,,,,,,0.003806970509383378,True,False,-11.5,,0.0,4.0,3.0,70.83000000000001,5.0,30.0,0.16289505,0.06499069,True,,,0.6476518388598734,1.0,CAN_07715e20c95bfd44,MOL_0f61ee73ab8883ff,,,buche_pool_final_nontoxic-2.csv,/content/buche_pool_final_nontoxic-2.csv,docking_results_2_15.csv,,,,,,,,,,,,0.003806970509383378;;;;;;;;;;
RLHF_0412,Top docking que no pasa Boltz,CAN_d350751d290a5ab5,MOL_8e2660a765324988,O=C(CNC(=O)N1CCc2ccccc2C1)NCC1C=Cc2ccccc2C1=O,O=C(CNC(=O)N1CCC2=CC=CC=C2C1)NCC3C=CC4=CC=CC=C4C3=O,BuChE,-11.5,True,False,False,0.8428898103522917,2.3964,3.085221838594431,389.45500000000015,,,,,,,0.003806970509383378,True,False,-11.5,,2.0,3.0,4.0,78.51,4.0,29.0,0.11402414,0.040138062,True,,,0.9875183381507152,1.0,CAN_2fc0ce43261dc4bd,MOL_8e2660a765324988,,,buche_pool_final_nontoxic-2.csv,/content/buche_pool_final_nontoxic-2.csv,docking_results_2_21.csv,,,,,,,,,,,,0.003806970509383378;;;;;;;;;;
RLHF_0413,Top docking que no pasa Boltz,CAN_6a9c15d7651bc0c6,MOL_e6f5e6ddc8791cb2,CCNC(=O)[C@@H]1Cc2ccccc2CN1C(=O)N1CCc2ccccc2C1=O,CCNC(=O)[C@@H1]1CC2=CC=CC=C2CN1C(=O)N3CCC4=CC=CC=C4C3=O,BuChE,-11.5,True,False,False,0.8735670377171937,2.3679,2.8854533078897138,377.4440000000002,,,,,,,0.003806970509383378,True,False,-11.5,,1.0,3.0,2.0,69.72,4.0,28.0,0.070628256,0.024481475,True,,,0.985156798323194,1.0,CAN_942aeac4edbb9d29,MOL_e6f5e6ddc8791cb2,,,buche_pool_final_nontoxic-2.csv,/content/buche_pool_final_nontoxic-2.csv,docking_results_2_28.csv,,,,,,,,,,,,0.003806970509383378;;;;;;;;;;
RLHF_0414,Top docking que no pasa Boltz,CAN_7741728f6c06b48e,MOL_4d4eb60eb32c4e1a,CC1=NN2C=CC=NC2=C1C(=O)N3CCC(C4C3)NC5=CC=CC=C5C4=O,CC1=NN2C=CC=NC2=C1C(=O)N3CCC(C4C3)NC5=CC=CC=C5C4=O,BuChE,-11.406,True,False,False,,,,,0.2609727680683136,,,,,,0.00450402144772118,False,True,,-11.406,,,,,,,,,,,0.3103455305099487,,,,,CAN_7741728f6c06b48e,MOL_4d4eb60eb32c4e1a,,,,1.0,final_multiplicative_ranked.csv,buche,buche/final_multiplicative_ranked.csv,buche,intermediate,CC1=NN2C=CC=NC2=C1C(=O)N3CCC(C4C3)NC5=CC=CC=C5C4=O,,,,,0.00450402144772118;;;;;;;;;;
RLHF_0415,Top docking que no pasa Boltz,CAN_4e43c290847af89d,MOL_c7f182004d613669,CNS(=O)(=O)N1CCC(N2C(=O)C=Cc3ccccc3O[C@H]2C=Cc2ccccc2)CC1,CNS(=O)(=O)N1CCC(CC1)N2C(=O)C=CC3=CC=CC=C3O[C@H1]2C=CC4=CC=CC=C4,BuChE,-11.4,True,False,False,0.7551822751429812,2.8889000000000014,3.434932204619644,453.56400000000014,,,,,,,0.005308310991957104,True,False,-11.4,,1.0,4.0,5.0,78.95,4.0,32.0,0.12576455,0.041836772,True,,,0.9379294487249268,1.0,CAN_3e0aab315dc6ae43,MOL_c7f182004d613669,,,buche_pool_final_nontoxic-2.csv,/content/buche_pool_final_nontoxic-2.csv,docking_results_2_13.csv,,,,,,,,,,,,0.005308310991957104;;;;;;;;;;
RLHF_0416,Top docking que no pasa Boltz,CAN_6ac333011ebbb347,MOL_33655dacc6dad649,Cc1cc2ccccc2cc1C(=O)N1CCC2(CC1)NC=CC(=O)NC2=O,CC1=CC2=CC=CC=C2C=C1C(=O)N3CCC4(CC3)NC=CC(=O)[NH1]C4=O,BuChE,-11.4,True,False,False,0.7586310178479427,1.88272,3.2577285332568806,363.417,,,,,,,0.005308310991957104,True,False,-11.4,,2.0,4.0,1.0,78.51,4.0,27.0,0.16229251,0.053467974,True,,,0.8668087713473348,1.0,CAN_6b3f7c5a10045dff,MOL_33655dacc6dad649,,,buche_pool_final_nontoxic-2.csv,/content/buche_pool_final_nontoxic-2.csv,docking_results_2_26.csv,,,,,,,,,,,,0.005308310991957104;;;;;;;;;;
RLHF_0417,Top docking que no pasa Boltz,CAN_c4d3e0322961305f,MOL_105657420d1710a6,C[C@@H]1Nc2ccccc2NC(=O)c2ccccc2NC(=O)N2CCC[C@H]2CO1,C[C@@H1](OC[C@@H1]1CCCN1C(=O)NC2=CC=CC=C23)NC4=CC=CC=C4NC3=O,BuChE,-11.4,True,False,False,0.650453912604323,3.723300000000002,3.843540045193863,380.4480000000001,,,,,,,0.005308310991957104,True,False,-11.4,,3.0,4.0,0.0,82.69999999999999,4.0,28.0,0.22613895,0.06918152,True,,,0.6171058656398006,1.0,CAN_7bde0700448f771d,MOL_105657420d1710a6,,,buche_pool_final_nontoxic-2.csv,/content/buche_pool_final_nontoxic-2.csv,docking_results_2_23.csv,,,,,,,,,,,,0.005308310991957104;;;;;;;;;;
RLHF_0418,Top docking que no pasa Boltz,CAN_655d298c4e814027,MOL_a4627c9456316877,C[C@H]1CCc2ccccc2[C@@H]1NC(=O)NC1=Cc2ccccc2C(=O)NC1,C[C@H1]1CCC2=CC=CC=C2[C@@H1]1NC(=O)NC3=CC4=CC=CC=C4C(=O)[NH1]C3,BuChE,-11.4,True,False,False,0.767264933833995,3.3937000000000017,3.5617636754735305,361.4450000000001,,,,,,,0.005308310991957104,True,False,-11.4,,3.0,2.0,2.0,70.23,4.0,27.0,0.1327487,0.0578701,True,,,0.7567198423398651,1.0,CAN_849ec4baea0d5f4d,MOL_a4627c9456316877,,,buche_pool_final_nontoxic-2.csv,/content/buche_pool_final_nontoxic-2.csv,docking_results_2_28.csv,,,,,,,,,,,,0.005308310991957104;;;;;;;;;;
RLHF_0419,Top docking que no pasa Boltz,CAN_331b3ca13c47b87c,MOL_60896b75fe131d15,N#Cc1ccc(CN2C(=O)c3ccccc3C2=O)cc1NC(=O)c1ccccc1,N#CC1=CC=C(CN2C(=O)C3=CC=CC=C3C2=O)C=C1NC(=O)C4=CC=CC=C4,BuChE,-11.358,True,False,False,0.6992497741744353,3.6067800000000014,2.00157780381965,381.3910000000001,,,,,,,0.006112600536193029,True,False,-11.358,,1.0,4.0,4.0,90.27,4.0,29.0,0.3219902,0.13055982,True,,,0.6718022165103877,1.0,CAN_d8a5383fd8b52b20,MOL_60896b75fe131d15,,,buche_pool_final_nontoxic-3.csv,/content/buche_pool_final_nontoxic-3.csv,reward_results_26.csv,,,,,,,,,,,,0.006112600536193029;;;;;;;;;;
RLHF_0420,Top docking que no pasa Boltz,CAN_6606001e4a69eeee,MOL_cf709c02a83671dd,O=C(NCCc1ccc2ccccc2c1)N1CCc2ccccc2C1=O,O=C(NCCC1=CC=C2C=CC=CC2=C1)N3CCC4=CC=CC=C4C3=O,BuChE,-11.3,True,False,False,0.7857667312395749,3.790400000000002,2.052302363957587,344.41400000000004,,,,,,,0.007506702412868633,True,False,-11.3,,1.0,2.0,3.0,49.41,4.0,26.0,0.11125843,0.05004583,True,,,0.5886758194313079,1.0,CAN_c1c267940468dfd7,MOL_cf709c02a83671dd,,,buche_pool_final_nontoxic-2.csv,/content/buche_pool_final_nontoxic-2.csv,docking_results_2_26.csv,,,,,,,,,,,,0.007506702412868633;;;;;;;;;;
RLHF_0421,Top docking que no pasa Boltz,CAN_66b1a8da28ebdf18,MOL_74b805d9c04a37a2,Cc1ccccc1CN1CCC2CNC(=O)c3ccccc3OC2C1,CC1=CC=CC=C1CN2CCC(C3C2)CNC(=O)C4=CC=CC=C4O3,BuChE,-11.3,True,False,False,0.9165396877161286,3.0079200000000013,3.087536303301654,336.43500000000006,,,,,,,0.007506702412868633,True,False,-11.3,,1.0,3.0,2.0,41.57000000000001,4.0,25.0,0.06854749,0.02136522,True,,,0.9017569233178384,1.0,CAN_acdc70d373cfc84c,MOL_74b805d9c04a37a2,,,buche_pool_final_nontoxic-2.csv,/content/buche_pool_final_nontoxic-2.csv,docking_results_2_11.csv,,,,,,,,,,,,0.007506702412868633;;;;;;;;;;
RLHF_0422,Top docking que no pasa Boltz,CAN_cba75d28fa132847,MOL_3be8535c94c2ca6a,CC(C)[NH+]CC1CCc2ccccc2C1NC(=O)c1cc2ccccc2[nH]c1=O,CC(C)[NH1+1]CC1CCC2=CC=CC=C2C1NC(=O)C3=CC4=CC=CC=C4[NH1]C3=O,BuChE,-11.3,True,False,False,0.6262751239854377,2.3191999999999995,3.679654314061704,389.49900000000014,,,,,,,0.007506702412868633,True,False,-11.3,,3.0,3.0,5.0,77.56,4.0,29.0,0.079559945,0.033966046,True,,,0.9756519745704256,1.0,CAN_07c915b11057034c,MOL_3be8535c94c2ca6a,,,buche_pool_final_nontoxic-2.csv,/content/buche_pool_final_nontoxic-2.csv,docking_results_2_29.csv,,,,,,,,,,,,0.007506702412868633;;;;;;;;;;
RLHF_0423,Top docking que no pasa Boltz,CAN_b96e4b7f8086baff,MOL_29b730b1d4650629,C[C@H]1CN/C(=N/c2ccc3c(c2)OCO3)N1CC(=O)n1ccc2ccccc2c1=O,C[C@H1]1CN/C(=N/C2=CC=C3C(=C2)OCO3)N1CC(=O)N4C=CC5=CC=CC=C5C4=O,BuChE,-11.3,True,False,False,0.721434152607651,2.3518,3.571057740262324,404.4260000000001,,,,,,,0.007506702412868633,True,False,-11.3,,1.0,5.0,3.0,85.16,5.0,30.0,0.2686597,0.08488261,True,,,0.9793816880798276,1.0,CAN_422d945711ced47d,MOL_29b730b1d4650629,,,buche_pool_final_nontoxic-2.csv,/content/buche_pool_final_nontoxic-2.csv,docking_results_2_22.csv,,,,,,,,,,,,0.007506702412868633;;;;;;;;;;
RLHF_0424,Top docking que no pasa Boltz,CAN_95ff2a4a920c1981,MOL_5cd673c49e40a4af,O=C(NCC1C=Cc2ccccc2C1=O)Nc1ccccc1C(=O)N1CCCC1,O=C(NC1=CC=CC=C1C(=O)N2CCCC2)NCC3C=CC4=CC=CC=C4C3=O,BuChE,-11.3,True,False,False,0.8390983742437806,3.570000000000002,2.919178432001024,389.455,,,,,,,0.007506702412868633,True,False,-11.3,,2.0,3.0,4.0,78.51,4.0,29.0,0.2544347,0.0986483,True,,,0.6797763076194975,1.0,CAN_23fadeed7d1a175c,MOL_5cd673c49e40a4af,,,buche_pool_final_nontoxic-2.csv,/content/buche_pool_final_nontoxic-2.csv,docking_results_2_28.csv,,,,,,,,,,,,0.007506702412868633;;;;;;;;;;
RLHF_0425,Top docking que no pasa Boltz,CAN_1d45ca7a12a632c0,MOL_14aa6979e8748395,CS(=O)(=O)N1C=Cc2ccccc2C(=O)c2ccccc2CCNc2ncncc2CC1,CS(=O)(=O)N(CCC1=CN=CN=C1NCCC2=CC=CC=C23)C=CC4=CC=CC=C4C3=O,BuChE,-11.3,True,False,False,0.6148908693033164,3.1506000000000007,3.435091736392218,448.5480000000002,,,,,,,0.007506702412868633,True,False,-11.3,,1.0,6.0,1.0,92.26,4.0,32.0,0.09166064,0.037795622,True,,,0.8525962021662086,1.0,CAN_03b511a173f92764,MOL_14aa6979e8748395,,,buche_pool_final_nontoxic-2.csv,/content/buche_pool_final_nontoxic-2.csv,docking_results_2_22.csv,,,,,,,,,,,,0.007506702412868633;;;;;;;;;;
RLHF_0426,Top docking que no pasa Boltz,CAN_27756a6afa79cda3,MOL_7b6371cba018e310,C[C@@H](NC(=O)c1ccc2ccccc2c1)C(=O)NC1Cc2ccccc2[C@H]1O,C[C@@H1](NC(=O)C1=CC=C2C=CC=CC2=C1)C(=O)NC3[C@H1](O)C4=CC=CC=C4C3,BuChE,-11.3,True,False,False,0.6570553284158077,2.732600000000001,3.039914071116764,374.4400000000001,,,,,,,0.007506702412868633,True,False,-11.3,,3.0,3.0,4.0,78.43,4.0,28.0,0.14044142,0.059410095,True,,,0.968264869815816,1.0,CAN_9873d03f5c2463d4,MOL_7b6371cba018e310,,,buche_pool_final_nontoxic-2.csv,/content/buche_pool_final_nontoxic-2.csv,docking_results_2_11.csv,,,,,,,,,,,,0.007506702412868633;;;;;;;;;;
RLHF_0427,Top docking que no pasa Boltz,CAN_6f0f21b40eca5eb8,MOL_9a61bb11eb1059eb,COc1c(C)cccc1C(=O)N1CCC2Nc3ccccc3C(=O)C2C1,COC1=C(C)C=CC=C1C(=O)N2CCC(C3C2)NC4=CC=CC=C4C3=O,BuChE,-11.2,True,False,False,0.9039358444999414,3.142720000000001,3.122875343191926,350.41800000000006,,,,,,,0.009597855227882037,True,False,-11.2,,1.0,4.0,2.0,58.64,4.0,26.0,0.1358197,0.051464543,True,,,0.8530667788667675,1.0,CAN_e33ecba40940c837,MOL_9a61bb11eb1059eb,,,buche_pool_final_nontoxic-2.csv,/content/buche_pool_final_nontoxic-2.csv,docking_results_2_20.csv,,,,,,,,,,,,0.009597855227882037;;;;;;;;;;
RLHF_0428,Top docking que no pasa Boltz,CAN_745516c4b7a9f87e,MOL_599c13dad3f8402d,CC(=O)Nc1ccccc1C(=O)N1CCC2Nc3ccccc3C(=O)C2C1,CC(=O)NC1=CC=CC=C1C(=O)N2CCC(C3C2)NC4=CC=CC=C4C3=O,BuChE,-11.2,True,False,False,0.8599980717360265,2.7841000000000005,3.041669677164148,363.417,,,,,,,0.009597855227882037,True,False,-11.2,,2.0,4.0,2.0,78.51,4.0,27.0,0.20150183,0.07589134,True,,,0.9564543446335796,1.0,CAN_6c5a5bc5c7d96ea9,MOL_599c13dad3f8402d,,,buche_pool_final_nontoxic-2.csv,/content/buche_pool_final_nontoxic-2.csv,docking_results_2_20.csv,,,,,,,,,,,,0.009597855227882037;;;;;;;;;;
RLHF_0429,Top docking que no pasa Boltz,CAN_365084cd4c8aca73,MOL_ac005fefd4c38f52,O=C[C@H]1Cc2ccccc2CN1C(=O)c1ccccc1-c1nc2ccccc2[nH]1,O=C[C@H1]1CC2=CC=CC=C2CN1C(=O)C3=CC=CC=C3C4=NC5=CC=CC=C5[NH1]4,BuChE,-11.164,True,False,False,0.5457352987475346,3.9959000000000016,2.922629711897597,381.43500000000006,,,,,,,0.010616621983914208,True,False,-11.164,,1.0,3.0,3.0,66.06,5.0,29.0,0.3062055,0.11151832,True,,,0.5178351274074018,1.0,CAN_3355021e87cb06ed,MOL_ac005fefd4c38f52,,,buche_pool_final_nontoxic-3.csv,/content/buche_pool_final_nontoxic-3.csv,reward_results_5.csv,,,,,,,,,,,,0.010616621983914208;;;;;;;;;;
RLHF_0430,Top docking que no pasa Boltz,CAN_c4ea3a6b860f8a23,MOL_97d833713c60dddc,C[C@H](NC(=O)c1ccccc1CN1CCCCC1)C(=O)NCc1ccc2ccccc2n1,C[C@H1](NC(=O)C1=CC=CC=C1CN2CCCCC2)C(=O)NCC3=CC=C4C=CC=CC4=N3,BuChE,-11.1,True,False,False,0.6000234656950393,3.655400000000002,2.603828585027454,430.5520000000001,,,,,,,0.012386058981233244,True,False,-11.1,,2.0,4.0,7.0,74.33000000000001,4.0,32.0,0.0877865,0.03679646,True,,,0.6396472421028863,1.0,CAN_86a0923e96e269ea,MOL_97d833713c60dddc,,,buche_pool_final_nontoxic-2.csv,/content/buche_pool_final_nontoxic-2.csv,docking_results_2_15.csv,,,,,,,,,,,,0.012386058981233244;;;;;;;;;;
RLHF_0431,Top docking que no pasa Boltz,CAN_75adb157bdf84476,MOL_68892906d85aa8f2,C[C@H](c1ccccc1)N1CCNCC1NC(=O)n1ccc2ccccc2c1=O,C[C@H1](C1=CC=CC=C1)N2CCNCC2NC(=O)N3C=CC4=CC=CC=C4C3=O,BuChE,-11.1,True,False,False,0.7373340784652274,2.5517000000000003,3.448777145214674,376.4600000000001,,,,,,,0.012386058981233244,True,False,-11.1,,2.0,4.0,3.0,66.37,4.0,28.0,0.099008776,0.02883643,True,,,0.9799007848843672,1.0,CAN_2369e566105d0815,MOL_68892906d85aa8f2,,,buche_pool_final_nontoxic-2.csv,/content/buche_pool_final_nontoxic-2.csv,docking_results_2_22.csv,,,,,,,,,,,,0.012386058981233244;;;;;;;;;;
RLHF_0432,Top docking que no pasa Boltz,CAN_2c14d92396af1823,MOL_77b908b1d98646ae,O=C1c2ccccc2NC2CCN(C(=O)N3CCc4ccccc4C3)CC12,O=C(N1CCC2=CC=CC=C2C1)N3CCC(C4C3)NC5=CC=CC=C5C4=O,BuChE,-11.1,True,False,False,0.7841800631296781,3.163600000000001,3.235737669930874,361.4450000000001,,,,,,,0.012386058981233244,True,False,-11.1,,1.0,3.0,0.0,52.650000000000006,5.0,27.0,0.11788487,0.045522258,True,,,0.842379048677078,1.0,CAN_0ea1434869d8e94c,MOL_77b908b1d98646ae,,,buche_pool_final_nontoxic-2.csv,/content/buche_pool_final_nontoxic-2.csv,docking_results_2_27.csv,,,,,,,,,,,,0.012386058981233244;;;;;;;;;;
RLHF_0433,Top docking que no pasa Boltz,CAN_ce48279da95484c4,MOL_4530a99a05490bd7,COC=CC=C1C[C@H](NC(=O)c2ccc3ccccc3n2)C(=O)Nc2ccccc2N1,COC=CC=C(C[C@H1](NC(=O)C1=CC=C2C=CC=CC2=N1)C3=O)NC4=CC=CC=C4N3,BuChE,-11.1,True,False,False,0.5645025624401063,3.831500000000002,3.398709851444833,414.46500000000015,,,,,,,0.012386058981233244,True,False,-11.1,,3.0,5.0,4.0,92.35,4.0,31.0,0.43193856,0.14753293,True,,,0.5689676605079436,1.0,CAN_f98293b625f5148b,MOL_4530a99a05490bd7,,,buche_pool_final_nontoxic-2.csv,/content/buche_pool_final_nontoxic-2.csv,docking_results_2_29.csv,,,,,,,,,,,,0.012386058981233244;;;;;;;;;;
RLHF_0434,Top docking que no pasa Boltz,CAN_c37d372c99f0f2c3,MOL_8cd4b2ca3833d6fa,N#Cc1ccccc1N1CCN(CCCCNC(=O)c2ccc3ccccc3n2)C1,N#CC1=CC=CC=C1N2CCN(CCCCNC(=O)\C3=C/C=C4C=CC=CC4=N3)C2,BuChE,-11.1,True,False,False,0.6167380006907194,3.396180000000002,2.3841950117591697,399.4980000000001,,,,,,,0.012386058981233244,True,False,-11.1,,1.0,5.0,7.0,72.26,4.0,30.0,0.17041226,0.06882892,True,,,0.7491271231031684,1.0,CAN_adec315a09640b82,MOL_8cd4b2ca3833d6fa,,,buche_pool_final_nontoxic-2.csv,/content/buche_pool_final_nontoxic-2.csv,docking_results_2_9.csv,,,,,,,,,,,,0.012386058981233244;;;;;;;;;;
RLHF_0435,Top docking que no pasa Boltz,CAN_036668e0fbfc04c9,MOL_adade96e1180df36,O=C1Nc2ccccc2C(CCCN2CCN(C(=O)c3cccc(Cl)c3)CC2)N1,O=C(C1=CC=CC(Cl)=C1)N2CCN(CCCC3NC(=O)[NH1]C4=CC=CC=C43)CC2,BuChE,-11.1,True,False,False,0.7855139689111813,3.754400000000001,2.786097113319704,412.9210000000001,,,,,,,0.012386058981233244,True,False,-11.1,,2.0,3.0,5.0,64.68,4.0,29.0,0.10111532,0.0333598,True,,,0.5992334817245772,1.0,CAN_c152795c8c0a2f39,MOL_adade96e1180df36,,,buche_pool_final_nontoxic-2.csv,/content/buche_pool_final_nontoxic-2.csv,docking_results_2_12.csv,,,,,,,,,,,,0.012386058981233244;;;;;;;;;;
RLHF_0436,Top docking que no pasa Boltz,CAN_6ec76643969daed9,MOL_9cd18d5a8a14b163,C[C@@H]1CCN(C(=O)CN2CCC3Nc4ccccc4C(=O)C3C2)[C@@H](C)C1,C[C@H1]1C[C@H1](C)CCN1C(=O)CN2CCC(C3C2)NC4=CC=CC=C4C3=O,BuChE,-11.1,True,False,False,0.8860721804150982,2.6323000000000008,3.711134942452828,355.4820000000001,,,,,,,0.012386058981233244,True,False,-11.1,,1.0,4.0,2.0,52.650000000000006,4.0,26.0,0.10995993,0.036896992,True,,,0.9747318408140948,1.0,CAN_d62191ac647a5813,MOL_9cd18d5a8a14b163,,,buche_pool_final_nontoxic-2.csv,/content/buche_pool_final_nontoxic-2.csv,docking_results_2_29.csv,,,,,,,,,,,,0.012386058981233244;;;;;;;;;;
RLHF_0437,Top docking que no pasa Boltz,CAN_b8fa99e021b34954,MOL_4882fd5d69c88cd3,CC(=O)Nc1ccc2c(CNC(=O)c3ccc4ccccc4c3)cc(=O)oc2c1,CC(=O)NC1=CC=C2C(CNC(=O)C3=CC=C4C=CC=CC4=C3)=CC(=O)OC2=C1,BuChE,-11.1,True,False,False,0.5218296515146322,3.834600000000002,2.0661008807427272,386.4070000000001,,,,,,,0.012386058981233244,True,False,-11.1,,2.0,4.0,4.0,88.41000000000001,4.0,29.0,0.42917487,0.147813,True,,,0.5677769642190628,1.0,CAN_d1db1025af62363c,MOL_4882fd5d69c88cd3,,,buche_pool_final_nontoxic-2.csv,/content/buche_pool_final_nontoxic-2.csv,docking_results_2_8.csv,,,,,,,,,,,,0.012386058981233244;;;;;;;;;;
RLHF_0438,Top docking que no pasa Boltz,CAN_ffbf199a1359147a,MOL_248f3cf3678070a1,O=C(N[C@H]1CCN(C(=O)c2ccccc2)C1)c1cc2ccccc2[nH]c1=O,O=C(N[C@H1]1CCN(C1)C(=O)C2=CC=CC=C2)C3=CC4=CC=CC=C4[NH1]C3=O,BuChE,-11.1,True,False,False,0.7500690325841051,2.1726,2.4276710445917,361.4010000000001,,,,,,,0.012386058981233244,True,False,-11.1,,2.0,3.0,3.0,82.27000000000001,4.0,27.0,0.11049273,0.048097476,True,,,0.9442761642476706,1.0,CAN_6f38a0787f490978,MOL_248f3cf3678070a1,,,buche_pool_final_nontoxic-2.csv,/content/buche_pool_final_nontoxic-2.csv,docking_results_2_29.csv,,,,,,,,,,,,0.012386058981233244;;;;;;;;;;
RLHF_0439,Top docking que no pasa Boltz,CAN_7a08b108a8e0a757,MOL_ffadd4e81f4c43b8,O=C1c2ccccc2CCN1C(=O)N1CCC(Nc2ccccn2)CC1,O=C(N1CCC(NC2=CC=CC=N2)CC1)N3CCC4=CC=CC=C4C3=O,BuChE,-11.1,True,False,False,0.90444841948265,2.776400000000001,2.3372234165891665,350.4220000000001,,,,,,,0.012386058981233244,True,False,-11.1,,1.0,4.0,2.0,65.54,4.0,26.0,0.09222392,0.03492002,True,,,0.954579393548294,1.0,CAN_c81c7185dd115d68,MOL_ffadd4e81f4c43b8,,,buche_pool_final_nontoxic-2.csv,/content/buche_pool_final_nontoxic-2.csv,docking_results_2_14.csv,,,,,,,,,,,,0.012386058981233244;;;;;;;;;;
RLHF_0440,Top docking que no pasa Boltz,CAN_0d70e6773c5ce6f4,MOL_55656e4619ab1780,C[C@@H]1Cc2ccccc2N1C(=O)CN1CCC2Oc3ccccc3C(=O)C2C1,C[C@@H1]1CC2=CC=CC=C2N1C(=O)CN3CCC(C4C3)OC5=CC=CC=C5C4=O,BuChE,-11.1,True,False,False,0.8087116823188527,2.930000000000001,3.3904530027406974,376.4560000000001,,,,,,,0.012386058981233244,True,False,-11.1,,0.0,4.0,2.0,49.85,5.0,28.0,0.106378354,0.04049181,True,,,0.9189700652553444,1.0,CAN_1edaf9a0365b1e91,MOL_55656e4619ab1780,,,buche_pool_final_nontoxic-2.csv,/content/buche_pool_final_nontoxic-2.csv,docking_results_2_15.csv,,,,,,,,,,,,0.012386058981233244;;;;;;;;;;
RLHF_0441,Top docking que no pasa Boltz,CAN_d41c1c8aaeff9ec6,MOL_4d5b03e02df66afa,Cc1cc(=O)n(CC(=O)NCCc2c[nH]c3ccccc23)c2ccccc12,CC1=CC(=O)N(CC(=O)NCCC2=C[NH1]C3=CC=CC=C23)C4=CC=CC=C14,BuChE,-11.1,True,False,False,0.5747835000512018,3.150120000000001,2.1148679736723395,359.4290000000001,,,,,,,0.012386058981233244,True,False,-11.1,,2.0,2.0,5.0,66.89,4.0,27.0,0.2864133,0.089592665,True,,,0.8473786040742652,1.0,CAN_c604877217bca9b3,MOL_4d5b03e02df66afa,,,buche_pool_final_nontoxic-2.csv,/content/buche_pool_final_nontoxic-2.csv,docking_results_2_26.csv,,,,,,,,,,,,0.012386058981233244;;;;;;;;;;
RLHF_0442,Top docking que no pasa Boltz,CAN_3840c5142d142770,MOL_c1371162d66ebd04,CC1(C)CCN1C(=O)c1ccccc1NC(=O)N1CCc2ccccc2C1=O,CC1(C)CCN1C(=O)C2=CC=CC=C2NC(=O)N3CCC4=CC=CC=C4C3=O,BuChE,-11.0,True,False,False,0.8702352622273732,3.541500000000002,2.439489336288758,377.4440000000002,,,,,,,0.0160857908847185,True,False,-11.0,,1.0,3.0,2.0,69.72,4.0,28.0,0.14692542,0.059927862,True,,,0.6846353908259407,1.0,CAN_77904a44ca2d3a6e,MOL_c1371162d66ebd04,,,buche_pool_final_nontoxic-2.csv,/content/buche_pool_final_nontoxic-2.csv,docking_results_2_29.csv,,,,,,,,,,,,0.0160857908847185;;;;;;;;;;
RLHF_0443,Top docking que no pasa Boltz,CAN_58a15e8baeb96188,MOL_d39ac3b9a0e33af3,CC(=O)c1cccc(S(=O)(=O)N2CCOC(c3cn(C)nc3Cc3ccccc3)C2)c1,CC(=O)C1=CC=CC(=C1)S(=O)(=O)N2CCOC(C2)C3=CN(C)N=C3CC4=CC=CC=C4,BuChE,-11.0,True,False,False,0.5517810550454962,2.9757000000000016,3.0022861451511256,439.53700000000015,,,,,,,0.0160857908847185,True,False,-11.0,,0.0,5.0,6.0,81.50000000000001,4.0,31.0,0.05581383,0.016208114,True,,,0.902049533383458,1.0,CAN_2f7ec61853529ed1,MOL_d39ac3b9a0e33af3,,,buche_pool_final_nontoxic-2.csv,/content/buche_pool_final_nontoxic-2.csv,docking_results_2_3.csv,,,,,,,,,,,,0.0160857908847185;;;;;;;;;;
RLHF_0444,Top docking que no pasa Boltz,CAN_aea2ff5c0d6b3525,MOL_5215bf8c90ca63ca,O=C(c1ccccc1NC(=O)N1CCc2ccccc2C1=O)N1CCCCC1,O=C(NC1=CC=CC=C1C(=O)N2CCCCC2)N3CCC4=CC=CC=C4C3=O,BuChE,-11.0,True,False,False,0.8702118106698478,3.5431000000000026,2.090328912184031,377.4440000000001,,,,,,,0.0160857908847185,True,False,-11.0,,1.0,3.0,2.0,69.72,4.0,28.0,0.1560167,0.05766682,True,,,0.6839595708546214,1.0,CAN_a316e66b60195717,MOL_5215bf8c90ca63ca,,,buche_pool_final_nontoxic-2.csv,/content/buche_pool_final_nontoxic-2.csv,docking_results_2_25.csv,,,,,,,,,,,,0.0160857908847185;;;;;;;;;;
RLHF_0445,Top docking que no pasa Boltz,CAN_8715eb6645e30c87,MOL_82e59b73e6d8246e,C[C@H](CN1C(=O)c2ccccc2S1(=O)=O)NCC1C=Cc2ccccc2C1=O,C[C@H1](CN1C(=O)C2=CC=CC=C2S1(=O)=O)NCC3C=CC4=CC=CC=C4C3=O,BuChE,-11.0,True,False,False,0.8387228229998147,2.3351000000000006,3.6830979285101417,396.4680000000001,,,,,,,0.0160857908847185,True,False,-11.0,,1.0,5.0,5.0,83.55000000000001,4.0,28.0,0.09368046,0.035857823,True,,,0.96726049077184,1.0,CAN_24d6a85525d46b5f,MOL_82e59b73e6d8246e,,,buche_pool_final_nontoxic-2.csv,/content/buche_pool_final_nontoxic-2.csv,docking_results_2_24.csv,,,,,,,,,,,,0.0160857908847185;;;;;;;;;;
RLHF_0446,Top docking que no pasa Boltz,CAN_149e114752d526ae,MOL_3a24350d1b40de82,Cc1ccccc1CNC(=O)NCC(=O)NC(=O)c1cc2ccccc2[nH]c1=O,O=C(NC(=O)CNC(=O)NCC1=CC=CC=C1C)C2=CC3=CC=CC=C3[NH1]C2=O,BuChE,-11.0,True,False,False,0.526951082843343,1.59232,2.177936403697585,392.4150000000001,,,,,,,0.0160857908847185,True,False,-11.0,,4.0,4.0,5.0,120.16,3.0,29.0,0.096768,0.038894564,True,,,0.7411357713292854,1.0,CAN_5aa7a6170a36c7af,MOL_3a24350d1b40de82,,,buche_pool_final_nontoxic-2.csv,/content/buche_pool_final_nontoxic-2.csv,docking_results_2_24.csv,,,,,,,,,,,,0.0160857908847185;;;;;;;;;;
RLHF_0447,Top docking que no pasa Boltz,CAN_86aed4c849eb027e,MOL_fcefcceb1211df5c,O=C1Nc2ncccc2S(=O)(=O)NCCc2ccccc2-c2cccc1c2,O=S(=O)(NCCC1=CC=CC=C1C2=CC=CC3=C2)C4=CC=CN=C4NC3=O,BuChE,-11.0,True,False,False,0.6286586016769118,2.835300000000001,3.858957870653244,379.44100000000014,,,,,,,0.0160857908847185,True,False,-11.0,,2.0,4.0,0.0,88.16,4.0,27.0,0.08077313,0.027016787,True,,,0.938547255385744,1.0,CAN_d42f77c8d12859bb,MOL_fcefcceb1211df5c,,,buche_pool_final_nontoxic-2.csv,/content/buche_pool_final_nontoxic-2.csv,docking_results_2_23.csv,,,,,,,,,,,,0.0160857908847185;;;;;;;;;;
RLHF_0448,Top docking que no pasa Boltz,CAN_08f65577534bedfd,MOL_7a60b0671184f026,CNC=C(c1cccc(-c2cc3ccccc3oc2=O)c1)S(=O)(=O)N1CCNCC1,CNC=C(S(=O)(=O)N1CCNCC1)C2=CC(=CC=C2)C3=CC4=CC=CC=C4OC3=O,BuChE,-11.0,True,False,False,0.6093200190176714,2.2128000000000005,2.982667055994005,425.5100000000001,,,,,,,0.0160857908847185,True,False,-11.0,,2.0,6.0,5.0,91.65,4.0,30.0,0.2825453,0.10310795,True,,,0.9484949224663398,1.0,CAN_0e7c207e237ddeb0,MOL_7a60b0671184f026,,,buche_pool_final_nontoxic-2.csv,/content/buche_pool_final_nontoxic-2.csv,docking_results_2_26.csv,,,,,,,,,,,,0.0160857908847185;;;;;;;;;;
RLHF_0449,Top docking que no pasa Boltz,CAN_be7b4a07119f58e5,MOL_7413260e898606c8,C[C@H](Cc1cccc(F)c1F)N1CCC2Nc3ccccc3C(=O)C2C1,C[C@H1](CC1=CC=CC(F)=C1F)N2CCC(C3C2)NC4=CC=CC=C4C3=O,BuChE,-11.0,True,False,False,0.905431704157121,3.894700000000003,3.5335478974146444,356.41600000000005,,,,,,,0.0160857908847185,True,False,-11.0,,1.0,3.0,3.0,32.34,4.0,26.0,0.09493505,0.04098243,True,,,0.5428261667305138,1.0,CAN_f7de591418b3eac3,MOL_7413260e898606c8,,,buche_pool_final_nontoxic-2.csv,/content/buche_pool_final_nontoxic-2.csv,docking_results_2_22.csv,,,,,,,,,,,,0.0160857908847185;;;;;;;;;;
RLHF_0450,Top docking que no pasa Boltz,CAN_9e88593e48edd4ef,MOL_7e5bd18de39a8d2d,CCC1c2nncn2N=C(c2cccc(OC)c2)C=C[C@H]1CC(=O)NCc1ccccc1,CCC1C2=NN=CN2N=C(C3=CC=CC(=C3)OC)C=C[C@H1]1CC(=O)NCC4=CC=CC=C4,BuChE,-11.0,True,False,False,0.6171210938111175,3.925200000000003,3.705164869278249,429.52400000000017,,,,,,,0.0160857908847185,True,False,-11.0,,1.0,5.0,7.0,81.4,4.0,32.0,0.1345431,0.05460417,True,,,0.5317233919878124,1.0,CAN_b5abfa9e43ae48f5,MOL_7e5bd18de39a8d2d,,,buche_pool_final_nontoxic-2.csv,/content/buche_pool_final_nontoxic-2.csv,docking_results_2_14.csv,,,,,,,,,,,,0.0160857908847185;;;;;;;;;;
RLHF_0451,Top docking que no pasa Boltz,CAN_07310c591edd448c,MOL_797d2e4ddc1ed6ed,O=C(NCCCN1CCc2ccccc2C1=O)NCC1C=Cc2ccccc2C1,O=C(NCCCN1CCC2=CC=CC=C2C1=O)NCC3C=CC4=CC=CC=C4C3,BuChE,-11.0,True,False,False,0.7452335684337308,3.259900000000002,3.086408535427009,389.4990000000002,,,,,,,0.0160857908847185,True,False,-11.0,,2.0,2.0,6.0,61.440000000000005,4.0,29.0,0.10307617,0.03604435,True,,,0.8017290279283633,1.0,CAN_d9f68b03415b004a,MOL_797d2e4ddc1ed6ed,,,buche_pool_final_nontoxic-2.csv,/content/buche_pool_final_nontoxic-2.csv,docking_results_2_21.csv,,,,,,,,,,,,0.0160857908847185;;;;;;;;;;
RLHF_0452,Top docking que no pasa Boltz,CAN_d3b42568f8036ef7,MOL_69ca95d43ef405fb,CCN(C(=O)NCCNC1CNc2ccccc2C1=O)C(=O)c1ccc2ccccc2c1,CCN(C(=O)C1=CC=C2C=CC=CC2=C1)C(=O)NCCNC3CNC4=CC=CC=C4C3=O,BuChE,-11.0,True,False,False,0.5223875508062068,3.278100000000001,3.1246865524457297,430.50800000000015,,,,,,,0.0160857908847185,True,False,-11.0,,3.0,5.0,6.0,90.54,4.0,32.0,0.25154683,0.09023722,True,,,0.7944646955408433,1.0,CAN_7aeca1c3e4ca8d54,MOL_69ca95d43ef405fb,,,buche_pool_final_nontoxic-2.csv,/content/buche_pool_final_nontoxic-2.csv,docking_results_2_22.csv,,,,,,,,,,,,0.0160857908847185;;;;;;;;;;
RLHF_0453,Top docking que no pasa Boltz,CAN_788f49c92d3922ca,MOL_935b564dd3ea040b,CN(Cc1nncn1-c1ccccc1)C(=O)NCCN1CCc2ccccc2C1=O,CN(CC1=NN=CN1C2=CC=CC=C2)C(=O)NCCN3CCC4=CC=CC=C4C3=O,BuChE,-11.0,True,False,False,0.6821105473801786,2.1072,2.5371143510405787,404.4740000000003,,,,,,,0.0160857908847185,True,False,-11.0,,1.0,4.0,6.0,83.36000000000001,4.0,30.0,0.08594933,0.03249239,True,,,0.9248856069647272,1.0,CAN_499c599b0ed842a1,MOL_935b564dd3ea040b,,,buche_pool_final_nontoxic-2.csv,/content/buche_pool_final_nontoxic-2.csv,docking_results_2_24.csv,,,,,,,,,,,,0.0160857908847185;;;;;;;;;;
RLHF_0454,Top docking que no pasa Boltz,CAN_ca81d79ae53e3ef9,MOL_d55dfc03c0ea74b4,C[C@H]1NC(=O)c2ccc3ccccc3c2NC(=O)C2=CC=CCN2C1=O,C[C@@H1](NC(=O)C1=CC=C2C=CC=CC2=C1[NH1]3)C(=O)N4CC=CC=C4C3=O,BuChE,-11.0,True,False,False,0.7667495233875058,2.1925,3.862412762279509,347.37400000000014,,,,,,,0.0160857908847185,True,False,-11.0,,2.0,3.0,0.0,78.51,4.0,26.0,0.21968333,0.08145854,True,,,0.9444661978400808,1.0,CAN_cddeb3e9949a3316,MOL_d55dfc03c0ea74b4,,,buche_pool_final_nontoxic-2.csv,/content/buche_pool_final_nontoxic-2.csv,docking_results_2_28.csv,,,,,,,,,,,,0.0160857908847185;;;;;;;;;;
RLHF_0455,Top docking que no pasa Boltz,CAN_3a0cbd1697c5b245,MOL_e5ed90a19c24b911,O=C(CCCN1C(=O)c2ccccc2S1(=O)=O)NCCc1cc2ccccc2[nH]c1=O,O=C(CCCN1C(=O)C2=CC=CC=C2S1(=O)=O)NCCC3=CC4=CC=CC=C4[NH1]C3=O,BuChE,-11.0,True,False,False,0.5824441773908642,1.8117,2.473002130175823,439.4930000000002,,,,,,,0.0160857908847185,True,False,-11.0,,2.0,5.0,7.0,116.41,4.0,31.0,0.11527775,0.043692097,True,,,0.8295422890959905,1.0,CAN_6f8063ed32cde495,MOL_e5ed90a19c24b911,,,buche_pool_final_nontoxic-2.csv,/content/buche_pool_final_nontoxic-2.csv,docking_results_2_26.csv,,,,,,,,,,,,0.0160857908847185;;;;;;;;;;
RLHF_0456,Top docking que no pasa Boltz,CAN_ed89962e6b2365f7,MOL_9f9a287185d66376,CC1[NH1]C=2[NH1]N(CCNCCC3=CC=CC=C3)C(=O)C=2C=C1CC4CCCNC4,CC1[NH1]C=2[NH1]N(CCNCCC3=CC=CC=C3)C(=O)C=2C=C1CC4CCCNC4,BuChE,-10.982383320364754,True,False,False,,,,,0.3482773900032043,,,,,,0.017908847184986594,False,True,,-10.982383320364754,,,,,,,,,,,0.2241706103086471,,,,,CAN_ed89962e6b2365f7,MOL_9f9a287185d66376,,,,1.0,final_multiplicative_ranked.csv,buche,buche/final_multiplicative_ranked.csv,buche,intermediate,CC1[NH1]C=2[NH1]N(CCNCCC3=CC=CC=C3)C(=O)C=2C=C1CC4CCCNC4,,,,,0.017908847184986594;;;;;;;;;;
RLHF_0457,Top docking que no pasa Boltz,CAN_16d94ac8f1034c6c,MOL_220676ccd1f0a10d,CCc1cccc(-c2c[nH]c3ccc4c(c23)CC2C(=O)NCCN42)c1,CCC1=CC=CC(=C1)C2=C[NH1]C3=CC=C(C4=C23)N5CCNC(=O)C5C4,DYRK1A,-11.7,True,False,False,0.7571198107920314,3.2582000000000013,3.0853595757999006,331.4190000000001,,,,,,,0.0015003750937734434,True,False,-11.7,,2.0,2.0,2.0,48.13,5.0,25.0,0.3631873,0.14006494,True,,,0.8167627741717769,1.0,CAN_937176c15dd40b11,MOL_220676ccd1f0a10d,,,dyrk1a_pool_final_nontoxic.csv,/content/dyrk1a_pool_final_nontoxic.csv,docking_results_27.csv,,,,,,,,,,,,0.0015003750937734434;;;;;;;;;;
RLHF_0458,Top docking que no pasa Boltz,CAN_6adf3ab27c7adc01,MOL_020f8b8479717891,CC(C)c1cccc(-c2c[nH]c3ccc(N4CCN5C(=O)NC(=O)C5C4)cc23)c1,CC(C)C1=CC=CC(=C1)C2=C[NH1]C3=CC=C(C=C23)N4CC5N(C(=O)NC5=O)CC4,DYRK1A,-11.7,True,False,False,0.6725019325235189,3.6987000000000014,3.026927028585164,388.4710000000002,,,,,,,0.0015003750937734434,True,False,-11.7,,2.0,3.0,3.0,68.44,5.0,29.0,0.31322196,0.1357813,True,,,0.6302340204282981,1.0,CAN_ce532f2940658eca,MOL_020f8b8479717891,,,dyrk1a_pool_final_nontoxic.csv,/content/dyrk1a_pool_final_nontoxic.csv,docking_results_15.csv,,,,,,,,,,,,0.0015003750937734434;;;;;;;;;;
RLHF_0459,Top docking que no pasa Boltz,CAN_a8c884b1f96beeb9,MOL_6e9775fa8ee4bb95,CC(=O)c1cccc(-c2c[nH]c3ccc4c(c23)CC2C(=O)NCCN42)c1,CC(=O)C1=CC=CC(=C1)C2=C[NH1]C3=CC=C(C4=C23)N5CCNC(=O)C5C4,DYRK1A,-11.6,True,False,False,0.7020843808128355,2.8984000000000005,3.1013313296137888,345.40200000000016,,,,,,,0.0024381095273818456,True,False,-11.6,,2.0,3.0,2.0,65.2,5.0,26.0,0.35992137,0.13798453,True,,,0.938766432193032,1.0,CAN_66d4aa2888c06030,MOL_6e9775fa8ee4bb95,,,dyrk1a_pool_final_nontoxic.csv,/content/dyrk1a_pool_final_nontoxic.csv,docking_results_25.csv,,,,,,,,,,,,0.0024381095273818456;;;;;;;;;;
RLHF_0460,Top docking que no pasa Boltz,CAN_fd9feb1a647ab4eb,MOL_99557c0cd2ee00a5,Cc1cccc(NC(=O)[NH+]2CC[C@@H](C)[C@H]2C(=O)Nc2cccc3ccccc23)c1,C[C@@H1]1CC[NH1+1](C(=O)NC2=CC=CC(C)=C2)[C@@H1]1C(=O)NC3=CC=CC4=CC=CC=C34,DYRK1A,-11.4,True,False,False,0.6418363830230484,3.612120000000001,3.863704983656514,388.4910000000001,,,,,,,0.00431357839459865,True,False,-11.4,,3.0,2.0,3.0,62.64,4.0,29.0,0.22909224,0.09743655,True,,,0.6634665457918689,1.0,CAN_109996be57a92ba8,MOL_99557c0cd2ee00a5,,,dyrk1a_pool_final_nontoxic.csv,/content/dyrk1a_pool_final_nontoxic.csv,docking_results_13.csv,,,,,,,,,,,,0.00431357839459865;;;;;;;;;;
RLHF_0461,Top docking que no pasa Boltz,CAN_5e7627d69e46c4de,MOL_9f4885a85b86b771,N#Cc1ccc(F)c(-c2c[nH]c3ccc4c(c23)CC2C(=O)NCCN42)c1,N#CC1=CC=C(F)C(=C1)C2=C[NH1]C3=CC=C(C4=C23)N5CCNC(=O)C5C4,DYRK1A,-11.4,True,False,False,0.7115886349868201,2.70658,3.2952771757676347,346.3650000000002,,,,,,,0.00431357839459865,True,False,-11.4,,2.0,3.0,1.0,71.92,5.0,26.0,0.4456364,0.2026244,True,,,0.974481772267579,1.0,CAN_138ef68935b2befc,MOL_9f4885a85b86b771,,,dyrk1a_pool_final_nontoxic.csv,/content/dyrk1a_pool_final_nontoxic.csv,docking_results_27.csv,,,,,,,,,,,,0.00431357839459865;;;;;;;;;;
RLHF_0462,Top docking que no pasa Boltz,CAN_f4973ba6c5432272,MOL_63450636cca06a8f,C1=C(c2cccc3ccccc23)C[NH2+]CCc2cnc3[nH]ccc3c21,C1[NH2+1]CCC=2C=NC=3[NH1]C=CC=3C=2C=C1C4=CC=CC5=CC=CC=C45,DYRK1A,-11.2,True,False,False,0.553319147346688,3.3762000000000025,3.4271601592535657,326.42300000000006,,,,,,,0.00900225056264066,True,False,-11.2,,2.0,1.0,1.0,45.29,5.0,25.0,0.45606133,0.1529924,True,,,0.7601486215510851,1.0,CAN_ec776b8f5f2c0fb5,MOL_63450636cca06a8f,,,dyrk1a_pool_final_nontoxic.csv,/content/dyrk1a_pool_final_nontoxic.csv,docking_results_28.csv,,,,,,,,,,,,0.00900225056264066;;;;;;;;;;
RLHF_0463,Top docking que no pasa Boltz,CAN_981823168799ac32,MOL_55b01f10281ac5b0,CCOc1cc(C#N)cc(-c2c[nH]c3ccc4c(c23)CC2C(=O)NCCN42)c1,CCOC1=CC(C#N)=CC(=C1)C2=C[NH1]C3=CC=C(C4=C23)N5CCNC(=O)C5C4,DYRK1A,-11.2,True,False,False,0.7406414414560062,2.9661800000000014,3.312915743787149,372.42800000000017,,,,,,,0.00900225056264066,True,False,-11.2,,2.0,4.0,3.0,81.15,5.0,28.0,0.4904553,0.20090188,True,,,0.9118719158252464,1.0,CAN_949043d847849f22,MOL_55b01f10281ac5b0,,,dyrk1a_pool_final_nontoxic.csv,/content/dyrk1a_pool_final_nontoxic.csv,docking_results_28.csv,,,,,,,,,,,,0.00900225056264066;;;;;;;;;;
RLHF_0464,Top docking que no pasa Boltz,CAN_09e8328394f37588,MOL_d9ce8824f71d0983,CCc1cc(-c2c[nH]c3ccc4c(c23)CC2C(=O)NCCN42)ccn1,CCC1=NC=CC(=C1)C2=C[NH1]C3=CC=C(C4=C23)N5CCNC(=O)C5C4,DYRK1A,-11.2,True,False,False,0.7583377365860282,2.6532,3.2830978265902058,332.4070000000001,,,,,,,0.00900225056264066,True,False,-11.2,,2.0,3.0,2.0,61.02,5.0,25.0,0.42406783,0.13498537,True,,,0.9760597133898242,1.0,CAN_369575aa5c2828ca,MOL_d9ce8824f71d0983,,,dyrk1a_pool_final_nontoxic.csv,/content/dyrk1a_pool_final_nontoxic.csv,docking_results_29.csv,,,,,,,,,,,,0.00900225056264066;;;;;;;;;;
RLHF_0465,Top docking que no pasa Boltz,CAN_dc289285c37e88a6,MOL_17967916607268b1,Cc1cc(C)cc(-c2c[nH]c3ccc(N4CC5NC(=O)CNC5=N4)cc23)c1,CC1=CC(C)=CC(=C1)C2=C[NH1]C3=CC=C(C=C23)N4CC5NC(=O)CNC5=N4,DYRK1A,-11.2,True,False,False,0.6586736548373903,2.673239999999999,3.593549151100575,359.4330000000001,,,,,,,0.00900225056264066,True,False,-11.2,,3.0,4.0,2.0,72.52000000000001,5.0,27.0,0.41870093,0.12401786,True,,,0.9737906474965238,1.0,CAN_2f9af3827a57719b,MOL_17967916607268b1,,,dyrk1a_pool_final_nontoxic.csv,/content/dyrk1a_pool_final_nontoxic.csv,docking_results_19.csv,,,,,,,,,,,,0.00900225056264066;;;;;;;;;;
RLHF_0466,Top docking que no pasa Boltz,CAN_973a79dbfaae2e65,MOL_8aebca6988274d5e,FC1=CC=C[C](c2cccc(-c3c[nH]c4cnc(N5CN6CCNCC6=N5)cc34)c2)C1,C1[C@](C=CC=C1F)C2=CC=CC(=C2)C3=C[NH1]C4=CN=C(C=C34)N5CN6CCNCC6=N5,DYRK1A,-11.2,True,False,False,0.6824509282328531,3.961990000000003,3.817250024672632,413.48000000000025,,,,,,,0.00900225056264066,True,False,-11.2,,2.0,5.0,3.0,59.55,6.0,31.0,0.44440064,0.18147366,True,,,0.5226797035012127,1.0,CAN_dda7ca71d125dc2c,MOL_8aebca6988274d5e,,,dyrk1a_pool_final_nontoxic.csv,/content/dyrk1a_pool_final_nontoxic.csv,docking_results_19.csv,,,,,,,,,,,,0.00900225056264066;;;;;;;;;;
RLHF_0467,Top docking que no pasa Boltz,CAN_b66c8af2bfd66bf7,MOL_13b3634ae3a03273,O=C(NC1CCCNC1)c1cccc(-c2c[nH]c3ccc(N4CCNCC4)cc23)c1,O=C(NC1CCCNC1)C2=CC=CC(=C2)C3=C[NH1]C4=CC=C(C=C34)N5CCNCC5,DYRK1A,-11.1,True,False,False,0.5406114852305937,2.7263,2.9183599904336948,403.53000000000026,,,,,,,0.01350337584396099,True,False,-11.1,,4.0,4.0,4.0,72.19,5.0,30.0,0.28024694,0.10361364,True,,,0.9631248078177592,1.0,CAN_0bc6bef689989e79,MOL_13b3634ae3a03273,,,dyrk1a_pool_final_nontoxic.csv,/content/dyrk1a_pool_final_nontoxic.csv,docking_results_14.csv,,,,,,,,,,,,0.01350337584396099;;;;;;;;;;
RLHF_0468,Top docking que no pasa Boltz,CAN_0f094228b0f335b8,MOL_c7736a70f801d05f,Cc1ccc(C#N)cc1-c1cnc2[nH]cc([C@@H]3CCCNC3)c2c1,CC1=CC=C(C=C1C2=CN=C3[NH1]C=C([C@@H1]4CCCNC4)C3=C2)C#N,DYRK1A,-11.1,True,False,False,0.7539136618527946,3.8770000000000016,3.0761543364478383,316.4080000000001,,,,,,,0.01350337584396099,True,False,-11.1,,2.0,3.0,2.0,64.5,4.0,24.0,0.3295265,0.12754963,True,,,0.5517137081864736,1.0,CAN_8febd338baa2680d,MOL_c7736a70f801d05f,,,dyrk1a_pool_final_nontoxic.csv,/content/dyrk1a_pool_final_nontoxic.csv,docking_results_12.csv,,,,,,,,,,,,0.01350337584396099;;;;;;;;;;
RLHF_0469,Top docking que no pasa Boltz,CAN_7e8ed9e0c2aede74,MOL_d1152b2a2b4c0bfa,CC(=O)N(C)C(=O)Nc1cccc(-c2c[nH]c3ccc(N4CCNCC4)cc23)c1,CC(=O)N(C)C(=O)NC1=CC=CC(=C1)C2=C[NH1]C3=CC=C(C=C23)N4CCNCC4,DYRK1A,-11.1,True,False,False,0.6402583555838303,3.254700000000001,2.554309592512885,391.47500000000025,,,,,,,0.01350337584396099,True,False,-11.1,,3.0,4.0,3.0,80.47,4.0,29.0,0.48984224,0.17477942,True,,,0.8072110176793086,1.0,CAN_949d72f5b32667a6,MOL_d1152b2a2b4c0bfa,,,dyrk1a_pool_final_nontoxic.csv,/content/dyrk1a_pool_final_nontoxic.csv,docking_results_16.csv,,,,,,,,,,,,0.01350337584396099;;;;;;;;;;
RLHF_0470,Top docking que no pasa Boltz,CAN_67e1d4ce5a835b9c,MOL_2ca41642a8ce74c4,CC(C)CCN1C=CC(=C(F)C1=O)C2=CN=CC(=C2)C3=CC=C(N=C3)N4CCNCC4,CC(C)CCN1C=CC(=C(F)C1=O)C2=CN=CC(=C2)C3=CC=C(N=C3)N4CCNCC4,DYRK1A,-11.01252496195751,True,False,False,,,,,0.1126329898834228,,,,,5.866374537348747,0.015753938484621154,False,True,,-11.01252496195751,,,,,,,,,,,0.1336254626512527,,,,,CAN_67e1d4ce5a835b9c,MOL_2ca41642a8ce74c4,,,,2.0,C00625_SP_DYRK1a_PockLigGPT_predictions_DeNovo.csv; final_multiplicative_ranked.csv,dyrk1a,dyrk1a/C00625_SP_DYRK1a_PockLigGPT_predictions_DeNovo.csv; dyrk1a/final_multiplicative_ranked.csv,dyrk1a,intermediate,CC(C)CCN1C=CC(=C(F)C1=O)C2=CN=CC(=C2)C3=CC=C(N=C3)N4CCNCC4,,,,,0.015753938484621154;;;;;;;;
RLHF_0471,Top docking que no pasa Boltz,CAN_60b413acbec91e58,MOL_a5455efd7e739760,CCc1ccnc(-c2c[nH]c3ccc4c(c23)CC2C(=O)NCCN42)c1,CCC1=CC=NC(=C1)C2=C[NH1]C3=CC=C(C4=C23)N5CCNC(=O)C5C4,DYRK1A,-11.0,True,False,False,0.7583377365860282,2.6532,3.254075908781987,332.4070000000001,,,,,,,0.018754688672168042,True,False,-11.0,,2.0,3.0,2.0,61.02,5.0,25.0,0.44204918,0.14753163,True,,,0.968542360349578,1.0,CAN_15dfb7ca94636ef3,MOL_a5455efd7e739760,,,dyrk1a_pool_final_nontoxic.csv,/content/dyrk1a_pool_final_nontoxic.csv,docking_results_26.csv,,,,,,,,,,,,0.018754688672168042;;;;;;;;;;
RLHF_0472,Top docking que no pasa Boltz,CAN_ea805a53cd92c465,MOL_61b59234a29d7459,Cc1cc(=O)n(C)c2cc(C(=O)NCC3(c4ccccc4)CCCN(C4CC4)C3=O)ccc12,CC1=CC(=O)N(C)C2=CC(=CC=C12)C(=O)NCC3(CCCN(C4CC4)C3=O)C5=CC=CC=C5,NCS1,-10.252,True,False,False,0.657799913963138,3.299520000000002,3.141516324754204,443.54700000000025,,,,,,,0.00022237046920169,True,False,-10.252,,1.0,3.0,5.0,71.41,5.0,33.0,0.17814064,0.06947913,True,,,0.8030277401614162,1.0,CAN_4909e2dbe2ba7e19,MOL_61b59234a29d7459,,,ncs1.csv,/content/ncs1.csv,reward_results_1.csv,,,,,,,,,,,,0.00022237046920169;;;;;;;;;;
RLHF_0473,Top docking que no pasa Boltz,CAN_4548f99d58e4a45f,MOL_bf659cd50b671b6c,CC[C@H](Cc1cccc(-c2cccc(F)c2)c1)NC(=O)NC1C(=O)C2CCCN2C1=O,CC[C@H1](CC1=CC=CC(=C1)C2=CC=CC(F)=C2)NC(=O)NC3C(=O)N4CCCC4C3=O,NCS1,-10.006,True,False,False,0.7013078549890774,3.0553000000000017,3.528434320965591,423.4880000000002,,,,,,,0.0011118523460084502,True,False,-10.006,,2.0,3.0,6.0,78.51,4.0,31.0,0.16175409,0.06327341,True,,,0.895090855170509,1.0,CAN_446b7fb794ac9af1,MOL_bf659cd50b671b6c,,,ncs1.csv,/content/ncs1.csv,reward_results_26.csv,,,,,,,,,,,,0.0011118523460084502;;;;;;;;;;
RLHF_0474,Top docking que no pasa Boltz,CAN_b4cd7430f607b067,MOL_fde46ca9d4db1b3f,O=Cc1ccccc1C(=O)NCc1cccc(NC(=O)N2Cc3ccccc3C2=O)c1,C1=CC=C(NC(=O)N2CC3=CC=CC=C3C2=O)C=C1CNC(=O)C4=CC=CC=C4C=O,NCS1,-9.947,True,False,False,0.6247752619720525,3.6170000000000018,2.2994188289265107,413.43300000000016,,,,,,,0.00133422281521014,True,False,-9.947,,2.0,4.0,5.0,95.58,4.0,31.0,0.17880583,0.07143412,True,,,0.6660984909649348,1.0,CAN_27b9b027f60ebb21,MOL_fde46ca9d4db1b3f,,,ncs1.csv,/content/ncs1.csv,reward_results_22.csv,,,,,,,,,,,,0.00133422281521014;;;;;;;;;;
RLHF_0475,Top docking que no pasa Boltz,CAN_a49aba2cb19c5b36,MOL_47d6b64308d756cb,C[C@H](NC(=O)c1ccccc1NC(=O)c1cc2ccccc2oc1=O)C(=O)N1CCCC1,C[C@H1](NC(=O)C1=CC=CC=C1NC(=O)C2=CC3=CC=CC=C3OC2=O)C(=O)N4CCCC4,NCS1,-9.891,True,False,False,0.6017045729176839,2.7860000000000014,2.59367275921555,433.4640000000003,,,,,,,0.0022237046920169003,True,False,-9.891,,2.0,5.0,5.0,108.71999999999998,4.0,32.0,0.20762442,0.08924345,True,,,0.9674976036694266,1.0,CAN_949841aa3cb62c42,MOL_47d6b64308d756cb,,,ncs1.csv,/content/ncs1.csv,reward_results_25.csv,,,,,,,,,,,,0.0022237046920169003;;;;;;;;;;
RLHF_0476,Top docking que no pasa Boltz,CAN_8868ff4a9e3ac9bb,MOL_bc15040d0f082c32,O=C(Nc1ccccc1C(=O)N1CCC=C(C2CC2=O)C1)c1ccc2ccccc2n1,C1CC=C(CN1C(=O)C2=CC=CC=C2NC(=O)C3=CC=C4C=CC=CC4=N3)C5CC5=O,NCS1,-9.888,True,False,False,0.6616671035862316,3.8484000000000016,2.967891994919336,411.4610000000002,,,,,,,0.0024460751612185904,True,False,-9.888,,1.0,4.0,4.0,79.37,5.0,31.0,0.32501018,0.1474852,True,,,0.571189204114739,1.0,CAN_7c81332774873906,MOL_bc15040d0f082c32,,,ncs1.csv,/content/ncs1.csv,reward_results_25.csv,,,,,,,,,,,,0.0024460751612185904;;;;;;;;;;
RLHF_0477,Top docking que no pasa Boltz,CAN_a46f7b22487409e0,MOL_310bc150440676e3,O=C(CN1C(=O)c2ccccc2C1=O)Nc1ccccc1C(=O)NC1=CCC1,C1C=C(NC(=O)C2=CC=CC=C2NC(=O)CN3C(=O)C4=CC=CC=C4C3=O)C1,NCS1,-9.886,True,False,False,0.7842972064541606,2.3288,2.1702657725107635,375.3840000000001,,,,,,,0.00266844563042028,True,False,-9.886,,2.0,4.0,5.0,95.58,4.0,28.0,0.28157693,0.10936666,True,,,0.985617441121931,1.0,CAN_09577fa19806e06b,MOL_310bc150440676e3,,,ncs1.csv,/content/ncs1.csv,reward_results_12.csv,,,,,,,,,,,,0.00266844563042028;;;;;;;;;;
RLHF_0478,Top docking que no pasa Boltz,CAN_524cc450ba6b14e7,MOL_e3d22a01eff1734a,O=C(NCc1ccccc1)c1cccc(CNC2CCc3cccc(O)c3C2=O)c1,O=C(NCC1=CC=CC=C1)C2=CC=CC(CNC3CCC4=CC=CC(O)=C4C3=O)=C2,NCS1,-9.877,True,False,False,0.590697718297578,3.6095000000000015,2.707452435222536,400.4780000000002,,,,,,,0.00289081609962197,True,False,-9.877,,3.0,4.0,6.0,78.43,4.0,30.0,0.1422735,0.0586694,True,,,0.6689371325413344,1.0,CAN_3e2a076e47be015d,MOL_e3d22a01eff1734a,,,ncs1.csv,/content/ncs1.csv,reward_results_2.csv,,,,,,,,,,,,0.00289081609962197;;;;;;;;;;
RLHF_0479,Top docking que no pasa Boltz,CAN_400084dac48340e5,MOL_0c2c64edc7d0524f,C[C@@H]1CCC[C@@H]1NC(=O)c1ccccc1NC(=O)CN1C(=O)c2ccccc2C1=O,C[C@@H1]1CCC[C@@H1]1NC(=O)C2=CC=CC=C2NC(=O)CN3C(=O)C4=CC=CC=C4C3=O,NCS1,-9.814,True,False,False,0.7480062679301679,2.839700000000001,2.745395589046863,405.4540000000002,,,,,,,0.004225038914832111,True,False,-9.814,,2.0,4.0,5.0,95.58,4.0,30.0,0.25631103,0.111050285,True,,,0.955484713227396,1.0,CAN_b50580f5736f1ccc,MOL_0c2c64edc7d0524f,,,ncs1.csv,/content/ncs1.csv,reward_results_14.csv,,,,,,,,,,,,0.004225038914832111;;;;;;;;;;
RLHF_0480,Top docking que no pasa Boltz,CAN_3dce7dd69c6dac4b,MOL_afa9554b617db069,Cc1nnnn1Cc1ccccc1CNC(=O)C=CC=C1C=CC=CC1=N,CC1=NN=NN1CC2=CC=CC=C2CNC(=O)C=CC=C3C=CC=CC3=N,NCS1,-9.768,True,False,False,0.772493757943011,2.2743900000000004,3.148309393790684,360.4210000000001,,,,,,,0.005114520791638871,True,False,-9.768,,2.0,5.0,6.0,96.55,3.0,27.0,0.296004,0.06274887,True,,,0.97704060904536,1.0,CAN_fd4ecb1c15c4a214,MOL_afa9554b617db069,,,ncs1.csv,/content/ncs1.csv,reward_results_23.csv,,,,,,,,,,,,0.005114520791638871;;;;;;;;;;
RLHF_0481,Top docking que no pasa Boltz,CAN_570fc671dfc1aec1,MOL_099bcd97adcc6752,Cn1ncnc1CC1CN(C(=O)c2ccccc2NC(=O)N2Cc3ccccc3C2=O)C1,CN1N=CN=C1CC2CN(C2)C(=O)C3=CC=CC=C3NC(=O)N4CC5=CC=CC=C5C4=O,NCS1,-9.724,True,False,False,0.6847172949722508,2.3177000000000003,2.645533001905658,430.4680000000002,,,,,,,0.00644874360684901,True,False,-9.724,,1.0,5.0,4.0,100.43,5.0,32.0,0.14775299,0.05469586,True,,,0.9827257832436164,1.0,CAN_58530b4331931b3d,MOL_099bcd97adcc6752,,,ncs1.csv,/content/ncs1.csv,reward_results_24.csv,,,,,,,,,,,,0.00644874360684901;;;;;;;;;;
RLHF_0482,Top docking que no pasa Boltz,CAN_6db9ddd3635e11eb,MOL_d9cb118577ae74c6,C[C@@H](c1ccccc1)N1CCC[C@@H]1CN1C(=O)c2ccccc2C1=O,C[C@@H1](C1=CC=CC=C1)N2CCC[C@@H1]2CN3C(=O)C4=CC=CC=C4C3=O,NCS1,-9.72,True,False,False,0.8035644898876553,3.508200000000002,2.8291825888654056,334.419,,,,,,,0.00689348454525239,True,False,-9.72,,0.0,3.0,4.0,40.620000000000005,4.0,25.0,0.07757685,0.030519694,True,,,0.7113822634977869,1.0,CAN_715c3915d78ce912,MOL_d9cb118577ae74c6,,,ncs1.csv,/content/ncs1.csv,reward_results_15.csv,,,,,,,,,,,,0.00689348454525239;;;;;;;;;;
RLHF_0483,Top docking que no pasa Boltz,CAN_b6c1777a599d39d3,MOL_84e8878eb39d13b0,N#CC1(C#N)CC2CCCC2N1Cc1ccccc1CNC(=O)Nc1cccnc1,N#CC1(C#N)CC2CCCC2N1CC3=CC=CC=C3CNC(=O)NC4=CC=CN=C4,NCS1,-9.684,True,False,False,0.7983118067806342,3.5636600000000014,3.706026539273108,400.4860000000001,,,,,,,0.00756059595285746,True,False,-9.684,,2.0,5.0,5.0,104.84,4.0,30.0,0.17321928,0.06493817,True,,,0.6872380168705905,1.0,CAN_88273efff6c2f75b,MOL_84e8878eb39d13b0,,,ncs1.csv,/content/ncs1.csv,reward_results_19.csv,,,,,,,,,,,,0.00756059595285746;;;;;;;;;;
RLHF_0484,Top docking que no pasa Boltz,CAN_8545820eea09f88c,MOL_a022612497d8a3b6,C#CCN1CCN(C(=O)c2ccccc2NC(=O)N2Cc3ccccc3C2=O)CC1,C#CCN1CCN(CC1)C(=O)C2=CC=CC=C2NC(=O)N3CC4=CC=CC=C4C3=O,NCS1,-9.681,True,False,False,0.7997707106934886,2.2654999999999994,2.421677252773968,402.4540000000002,,,,,,,0.008005336891260841,True,False,-9.681,,1.0,4.0,3.0,72.96000000000001,4.0,30.0,0.16573663,0.050136805,True,,,0.97467944364673,1.0,CAN_c4bdd0fc1bf00b9e,MOL_a022612497d8a3b6,,,ncs1.csv,/content/ncs1.csv,reward_results_20.csv,,,,,,,,,,,,0.008005336891260841;;;;;;;;;;
RLHF_0485,Top docking que no pasa Boltz,CAN_807857a77a12b13b,MOL_de8589fa5969889d,CC1(C)[C](c2ccccc2NC(=O)CN2C(=O)c3ccccc3C2=O)C1=O,CC1(C)[C@](C1=O)C2=CC=CC=C2NC(=O)CN3C(=O)C4=CC=CC=C4C3=O,NCS1,-9.634,True,False,False,0.848143007740139,2.45279,2.276354236266295,361.3770000000001,,,,,,,0.008894818768067601,True,False,-9.634,,1.0,4.0,4.0,83.55000000000001,4.0,27.0,0.29227886,0.120890856,True,,,0.9925491548093728,1.0,CAN_6593f777f52f2d50,MOL_de8589fa5969889d,,,ncs1.csv,/content/ncs1.csv,reward_results_26.csv,,,,,,,,,,,,0.008894818768067601;;;;;;;;;;
RLHF_0486,Top docking que no pasa Boltz,CAN_aee246fc60dd0a91,MOL_3fffe0a12cb4dd5d,CC(=O)NC1Cc2ccc(NC(=O)c3cccc(C(F)(F)F)c3)cc2C1N1CCNCC1=O,CC(=O)NC1CC2=CC=C(NC(=O)C3=CC=CC(=C3)C(F)(F)F)C=C2C1N4CCNCC4=O,NCS1,-9.632,True,False,False,0.6541717479644549,2.4914,3.403551745912972,460.4560000000002,,,,,,,0.009228374471870136,True,False,-9.632,,3.0,4.0,4.0,90.54,4.0,33.0,0.17599092,0.058473278,True,,,0.993286632037324,1.0,CAN_ef01566933421373,MOL_3fffe0a12cb4dd5d,,,ncs1.csv,/content/ncs1.csv,reward_results_10.csv,,,,,,,,,,,,0.009228374471870136;;;;;;;;;;
RLHF_0487,Top docking que no pasa Boltz,CAN_a0a97a89da08e77b,MOL_79d81194fe5d9de1,Cc1ccccc1CNC(=O)c1ccccc1NC(=O)NC1C(=O)C2CCCN2C1=O,CC1=CC=CC=C1CNC(=O)C2=CC=CC=C2NC(=O)NC3C(=O)N4CCCC4C3=O,NCS1,-9.625,True,False,False,0.6431260573385807,1.98882,3.1300551611862657,420.4690000000003,,,,,,,0.00956193017567267,True,False,-9.625,,3.0,4.0,5.0,107.61,4.0,31.0,0.16645734,0.06343857,True,,,0.9063285592700022,1.0,CAN_0aa5242429f1c506,MOL_79d81194fe5d9de1,,,ncs1.csv,/content/ncs1.csv,reward_results_27.csv,,,,,,,,,,,,0.00956193017567267;;;;;;;;;;
RLHF_0488,Top docking que no pasa Boltz,CAN_49b5fb1886620002,MOL_df178b28afff17d1,Cc1ccc(CNC(=O)c2ccccc2NC(=O)NCC(=O)N2CCCC2=O)cc1,CC1=CC=C(CNC(=O)C2=CC=CC=C2NC(=O)NCC(=O)N3CCCC3=O)C=C1,NCS1,-9.608,True,False,False,0.6809438595973359,2.1955199999999992,2.1158695078513112,408.4580000000003,,,,,,,0.010229041583277742,True,False,-9.608,,3.0,4.0,6.0,107.61,3.0,30.0,0.10964171,0.03987565,True,,,0.9608586754323732,1.0,CAN_583cf1116bf92eab,MOL_df178b28afff17d1,,,ncs1.csv,/content/ncs1.csv,reward_results_20.csv,,,,,,,,,,,,0.010229041583277742;;;;;;;;;;
RLHF_0489,Top docking que no pasa Boltz,CAN_1161345342a2a9b7,MOL_4ea95268aace96f3,O=C(O)c1ccc(C(O)C#Cc2ccc([C@@H]3CC(=O)c4c(O)cccc43)cc2)cc1,C1C(=O)C2=C(O)C=CC=C2[C@@H1]1C3=CC=C(C=C3)C#CC(O)C4=CC=C(C=C4)C(O)=O,NCS1,-9.566,True,False,False,0.5820018397553312,3.8938000000000033,3.3142444578251427,398.4140000000001,,,,,,,0.01067378252168112,True,False,-9.566,,3.0,4.0,3.0,94.83,4.0,30.0,0.42490694,0.15710796,True,,,0.5518853935193496,1.0,CAN_4458faa2ba806c13,MOL_4ea95268aace96f3,,,ncs1.csv,/content/ncs1.csv,reward_results_6.csv,,,,,,,,,,,,0.01067378252168112;;;;;;;;;;
RLHF_0490,Top docking que no pasa Boltz,CAN_0a7cf2835c97547c,MOL_910be34cc6063701,O=C([C@H]1CCc2ccccc21)N1CCC(N2C(=O)c3ccccc3C2=O)CC1,O=C([C@H1]1CCC2=CC=CC=C21)N3CCC(CC3)N4C(=O)C5=CC=CC=C5C4=O,NCS1,-9.564,True,False,False,0.7595728062126108,3.0036000000000014,2.680818307889714,374.44000000000005,,,,,,,0.0111185234600845,True,False,-9.564,,0.0,3.0,2.0,57.690000000000005,5.0,28.0,0.10739992,0.04122399,True,,,0.9079279719478248,1.0,CAN_c797d92414e6dc94,MOL_910be34cc6063701,,,ncs1.csv,/content/ncs1.csv,reward_results_22.csv,,,,,,,,,,,,0.0111185234600845;;;;;;;;;;
RLHF_0491,Top docking que no pasa Boltz,CAN_ce4b676e378423c1,MOL_c5eff3c57d0d0a43,CC1(C)C[C@H]1CNC(=O)c1ccccc1NC(=O)N1Cc2ccccc2C1=O,CC1(C)C[C@H1]1CNC(=O)C2=CC=CC=C2NC(=O)N3CC4=CC=CC=C4C3=O,NCS1,-9.531,True,False,False,0.8536283099318192,3.650400000000002,2.860799964694447,377.4440000000002,,,,,,,0.012230375806092951,True,False,-9.531,,2.0,3.0,4.0,78.51,4.0,28.0,0.21113397,0.073463865,True,,,0.6489155990213044,1.0,CAN_947db0a209ae74ff,MOL_c5eff3c57d0d0a43,,,ncs1.csv,/content/ncs1.csv,reward_results_26.csv,,,,,,,,,,,,0.012230375806092951;;;;;;;;;;
RLHF_0492,Top docking que no pasa Boltz,CAN_5f0da8c0e0b6e6c2,MOL_9e875a9d25f363e0,CC(=O)Nc1nc(N)nc(-c2cccc(C[C@H]3c4ccccc4CCN3C(C)=O)c2)n1,CC(=O)N1CCC2=CC=CC=C2[C@@H1]1CC3=CC=CC(=C3)C4=NC(N)=NC(=N4)NC(C)=O,NCS1,-9.53,True,False,False,0.6759496695074522,2.7676,2.961240166130146,416.4850000000002,,,,,,,0.01245274627529464,True,False,-9.53,,2.0,6.0,4.0,114.1,4.0,31.0,0.18301295,0.061662223,True,,,0.9668938155252056,1.0,CAN_be63266ace4b7e64,MOL_9e875a9d25f363e0,,,ncs1.csv,/content/ncs1.csv,reward_results_9.csv,,,,,,,,,,,,0.01245274627529464;;;;;;;;;;
RLHF_0493,Top docking que no pasa Boltz,CAN_2e8fe289d744de99,MOL_b080c0e53276ee62,O=C(NCc1cccc(CN2C(=O)c3ccccc3C2=O)c1)c1ccccc1F,C1=CC=C(CNC(=O)C2=CC=CC=C2F)C=C1CN3C(=O)C4=CC=CC=C4C3=O,NCS1,-9.519,True,False,False,0.6800237809553958,3.5519000000000016,1.8924434201310485,388.39800000000014,,,,,,,0.013119857682899711,True,False,-9.519,,1.0,3.0,5.0,66.48,4.0,29.0,0.10428177,0.04839701,True,,,0.6906556666895362,1.0,CAN_2d562ccc163618aa,MOL_b080c0e53276ee62,,,ncs1.csv,/content/ncs1.csv,reward_results_26.csv,,,,,,,,,,,,0.013119857682899711;;;;;;;;;;
RLHF_0494,Top docking que no pasa Boltz,CAN_85e0039319bbeb8f,MOL_bff0c08a4c6d392b,O=C(NC1Cc2ccccc2C1)c1ccccc1NC(=O)N1CCCC1=O,C1/C(CC2=CC=CC=C12)NC(=O)C3=CC=CC=C3NC(=O)N4CCCC4=O,NCS1,-9.507,True,False,False,0.8800984024279472,2.738100000000001,2.231974482548079,363.4170000000002,,,,,,,0.01467645096731154,True,False,-9.507,,2.0,3.0,3.0,78.51,4.0,27.0,0.16774131,0.06614146,True,,,0.971636349246176,1.0,CAN_2743ccdd25a64e24,MOL_bff0c08a4c6d392b,,,ncs1.csv,/content/ncs1.csv,reward_results_25.csv,,,,,,,,,,,,0.01467645096731154;;;;;;;;;;
RLHF_0495,Top docking que no pasa Boltz,CAN_cafd1442dbfa53f3,MOL_53398b5b38a15c6c,O=C(NC(=O)c1ccccc1C(=O)N1CCCCC1)c1ccccc1,O=C(NC(=O)C1=CC=CC=C1C(=O)N2CCCCC2)C3=CC=CC=C3,NCS1,-9.494,True,False,False,0.876595323464766,2.882900000000001,1.770630082330488,336.391,,,,,,,0.015343562374916611,True,False,-9.494,,1.0,3.0,3.0,66.48,3.0,25.0,0.10598296,0.04373141,True,,,0.9411596167044264,1.0,CAN_8012046b3197efad,MOL_53398b5b38a15c6c,,,ncs1.csv,/content/ncs1.csv,reward_results_29.csv,,,,,,,,,,,,0.015343562374916611;;;;;;;;;;
RLHF_0496,Top docking que no pasa Boltz,CAN_5fbe07d5697d81c6,MOL_5b338fbb49bc91e1,C[C@@H](C(=O)NC1CCCCC1)N(Cc1cccc(F)c1)C(=O)CN1C(=O)c2ccccc2C1=O,C[C@@H1](C(=O)NC1CCCCC1)N(CC2=CC=CC(F)=C2)C(=O)CN3C(=O)C4=CC=CC=C4C3=O,NCS1,-9.492,True,False,False,0.636095098067672,3.2879000000000014,2.8010985864192985,465.52500000000026,,,,,,,0.01578830331331999,True,False,-9.492,,1.0,4.0,7.0,86.78999999999999,4.0,34.0,0.13874938,0.051213413,True,,,0.8022511683609123,1.0,CAN_81a13000783388f7,MOL_5b338fbb49bc91e1,,,ncs1.csv,/content/ncs1.csv,reward_results_7.csv,,,,,,,,,,,,0.01578830331331999;;;;;;;;;;
RLHF_0497,Top docking que no pasa Boltz,CAN_d1bb100011d14eec,MOL_381a77ac23cac941,Cc1nc(N2CCN(C(=O)c3ccccc3-c3ccccc3)C2=O)nc2c1cnn2C,CC1=NC(N2CCN(C2=O)C(=O)C3=CC=CC=C3C4=CC=CC=C4)=NC5=C1C=NN5C,NCS1,-9.479,True,False,False,0.5148070594414985,3.421120000000002,2.624638535063072,412.4530000000001,,,,,,,0.01645541472092506,True,False,-9.479,,0.0,5.0,3.0,84.22,5.0,31.0,0.15908393,0.050353084,True,,,0.7462279265411155,1.0,CAN_e8918534bd45b32c,MOL_381a77ac23cac941,,,ncs1.csv,/content/ncs1.csv,reward_results_12.csv,,,,,,,,,,,,0.01645541472092506;;;;;;;;;;
RLHF_0498,Top docking que no pasa Boltz,CAN_13ee4fd83cdd1e82,MOL_a27bec6394d106b6,O=C(N[C@H]1CC[C@H](CCN2C(=O)c3ccccc3C2=O)CC1)c1ccccc1,O=C(N[C@H1]1CC[C@H1](CCN2C(=O)C3=CC=CC=C3C2=O)CC1)C4=CC=CC=C4,NCS1,-9.452,True,False,False,0.8100616087631658,3.661500000000003,1.9931733566284748,376.4560000000001,,,,,,,0.01712252612853013,True,False,-9.452,,1.0,3.0,5.0,66.48,4.0,28.0,0.2452297,0.095516555,True,,,0.6433543110417863,1.0,CAN_e611721817b500e2,MOL_a27bec6394d106b6,,,ncs1.csv,/content/ncs1.csv,reward_results_2.csv,,,,,,,,,,,,0.01712252612853013;;;;;;;;;;
RLHF_0499,Top docking que no pasa Boltz,CAN_a33f452cd4ea6cc7,MOL_1610678d7b330711,O=C(Cc1ccc2ccccc2c1)N1CCC(NC(=O)N2CCNCC2)CC1,O=C(CC1=CC=C2C=CC=CC2=C1)N3CCC(CC3)NC(=O)N4CCNCC4,NCS1,-9.44,True,False,False,0.855966229735521,1.9881,2.207786156294933,380.4920000000001,,,,,,,0.01823437847453858,True,False,-9.44,,2.0,3.0,3.0,64.68,4.0,28.0,0.09168452,0.02919692,True,,,0.9033535986878684,1.0,CAN_aa00f0e0a33d8ced,MOL_1610678d7b330711,,,ncs1.csv,/content/ncs1.csv,reward_results_21.csv,,,,,,,,,,,,0.01823437847453858;;;;;;;;;;
RLHF_0500,Top docking que no pasa Boltz,CAN_4dd4deaedeacc601,MOL_18c488ab582428d9,CC[C@@H1](C)NC1=NC(N2CC=C(C=N2)C3=CC=C4OCOC4=C3F)=NC=C1F,CC[C@@H1](C)NC1=NC(N2CC=C(C=N2)C3=CC=C4OCOC4=C3F)=NC=C1F,NCS1_H10,-10.802630162798652,True,False,False,,,,,0.4668257534503937,,,,,,0.037037037037037035,False,True,,-10.802630162798652,,,,,,,,,,,-0.654883861541748,,,,,CAN_4dd4deaedeacc601,MOL_18c488ab582428d9,,,,2.0,ncs1_h10_POCKLIGGPT_de_novo.csv,ncs1_h10; ncs1_leu89,ncs1_h10/ncs1_h10_POCKLIGGPT_de_novo.csv; ncs1_leu89/ncs1_h10_POCKLIGGPT_de_novo.csv,ncs1_h10; ncs1_leu89,intermediate,CC[C@@H1](C)NC1=NC(N2CC=C(C=N2)C3=CC=C4OCOC4=C3F)=NC=C1F,,,,,0.037037037037037035;;;;;;;
RLHF_0501,Docking intermedio,CAN_4f72b6fd498d33bc,MOL_2d03621e5bf8234b,CNC(=O)Cc1ccc(NC(=O)c2ccc3c(c2)C(=O)N(CC2CCCO2)C3=O)cc1,CNC(=O)CC1=CC=C(NC(=O)C2=CC=C3C(=C2)C(=O)N(CC4CCCO4)C3=O)C=C1,BACE1,-8.749,True,False,False,0.6945147724956396,2.0024,2.6555123689273508,421.45300000000026,,,,,,,0.4003495767173483,True,False,-8.749,,2.0,5.0,6.0,104.81,4.0,31.0,0.27070478,0.11330525,True,,,0.7052863366943822,1.0,CAN_1bfbb5b0c33bcdbe,MOL_2d03621e5bf8234b,,,bace_pool_final_nontoxic-4.csv,/content/bace_pool_final_nontoxic-4.csv,reward_results_15.csv,,,,,,,,,,,,0.4003495767173483;;;;;;;;;;
RLHF_0502,Docking intermedio,CAN_15961f9f25287176,MOL_d52e89dccdeed910,COC[C@H](C)NC(=O)c1cccc(-c2ccc3[nH]c(=O)[nH]c3c2)c1,COC[C@H1](C)NC(=O)C1=CC=CC(=C1)C2=CC=C3[NH1]C(=O)[NH1]C3=C2,BACE1,-8.748,True,False,False,0.6724393652251786,2.2879,2.5942890423301908,325.36800000000005,,,,,,,0.4007707534852378,True,False,-8.748,,3.0,3.0,5.0,86.97999999999999,3.0,24.0,0.35572854,0.11394605,True,,,0.7566895546676219,1.0,CAN_c3dabdb69520b573,MOL_d52e89dccdeed910,,,bace_pool_final_nontoxic-5.csv,/content/bace_pool_final_nontoxic-5.csv,reward_results_26.csv,,,,,,,,,,,,0.4007707534852378;;;;;;;;;;
RLHF_0503,Docking intermedio,CAN_ed58bd1cf4e9bc36,MOL_7fbaec441b676b2c,CC[C@H]1COCCN1C(=O)c1cccc(-c2ccc3[nH]c(=O)[nH]c3c2)c1,CC[C@H1]1COCCN1C(=O)C2=CC=CC(=C2)C3=CC=C4[NH1]C(=O)[NH1]C4=C3,BACE1,-8.745,True,False,False,0.7615534236301076,2.7742000000000004,2.818365791152249,351.40600000000006,,,,,,,0.40224487217285093,True,False,-8.745,,2.0,3.0,3.0,78.19,4.0,26.0,0.23049279,0.088543355,True,,,0.7475713357433897,1.0,CAN_642e6ee6436b6adc,MOL_7fbaec441b676b2c,,,bace_pool_final_nontoxic-5.csv,/content/bace_pool_final_nontoxic-5.csv,reward_results_19.csv,,,,,,,,,,,,0.40224487217285093;;;;;;;;;;
RLHF_0504,Docking intermedio,CAN_e72d64a301befac1,MOL_9e364e0690931236,CC1=CC(N2N=CC=C2NC(=O)C3=CC=CC=C3)=NC4=CC=CC=C14,CC1=CC(N2N=CC=C2NC(=O)C3=CC=CC=C3)=NC4=CC=CC=C14,BACE1,-8.745,True,False,False,,3.981220000000002,,328.37500000000006,,,,,,,0.40224487217285093,False,True,,-8.745,,,,,,,,,,,,,,,,CAN_e72d64a301befac1,MOL_9e364e0690931236,,,,1.0,reward_results_10.csv,bace_3,bace_3/reward_results_10.csv,bace_3,intermediate,CC1=CC(N2N=CC=C2NC(=O)C3=CC=CC=C3)=NC4=CC=CC=C14,,3.981220000000002,,328.37500000000006,0.40224487217285093;;;;;;;;;;
RLHF_0505,Docking intermedio,CAN_f1e4a80b2effafba,MOL_21c70eff0d65639f,CC1=CC=C(NC(=O)CNC(=O)C2=CC=C3C=CC=CC3=C2)C=C1F,CC1=CC=C(NC(=O)CNC(=O)C2=CC=C3C=CC=CC3=C2)C=C1F,BACE1,-8.739,True,False,False,,3.655820000000002,,336.36600000000004,,,,,,,0.4053194625784442,False,True,,-8.739,,,,,,,,,,,,,,,,CAN_f1e4a80b2effafba,MOL_21c70eff0d65639f,,,,1.0,reward_results_25.csv,bace_3,bace_3/reward_results_25.csv,bace_3,intermediate,CC1=CC=C(NC(=O)CNC(=O)C2=CC=C3C=CC=CC3=C2)C=C1F,,3.655820000000002,,336.36600000000004,0.4053194625784442;;;;;;;;;;
RLHF_0506,Docking intermedio,CAN_25981c8ccab09448,MOL_2e5563bbe588d3b1,CC(C)[C@H1](N)C(=O)NC1=CC=C2C(=C1)CCC(=O)N2CC3=CC=C4C=CC=CC4=C3,CC(C)[C@H1](N)C(=O)NC1=CC=C2C(=C1)CCC(=O)N2CC3=CC=C4C=CC=CC4=C3,BACE1,-8.735,True,False,False,,4.241000000000003,,401.5100000000001,,,,,,,0.4071515815187634,False,True,,-8.735,,,,,,,,,,,,,,,,CAN_25981c8ccab09448,MOL_2e5563bbe588d3b1,,,,1.0,reward_results_24.csv,bace_3,bace_3/reward_results_24.csv,bace_3,intermediate,CC(C)[C@H1](N)C(=O)NC1=CC=C2C(=C1)CCC(=O)N2CC3=CC=C4C=CC=CC4=C3,,4.241000000000003,,401.5100000000001,0.4071515815187634;;;;;;;;;;
RLHF_0507,Docking intermedio,CAN_918aa5d9722d50e6,MOL_4bb524fab8bfa9dc,CC(C)CC1=CC=CC(=C1)C2=CC=C(N=C2)C3=NC=C([NH1]3)C(N)=O,CC(C)CC1=CC=CC(=C1)C2=CC=C(N=C2)C3=NC=C([NH1]3)C(N)=O,BACE1,-8.733,True,False,False,,3.4361000000000006,,320.3960000000001,,,,,,,0.40786758202417556,False,True,,-8.733,,,,,,,,,,,,,,,,CAN_918aa5d9722d50e6,MOL_4bb524fab8bfa9dc,,,,1.0,reward_results_25.csv,bace_4,bace_4/reward_results_25.csv,bace_4,intermediate,CC(C)CC1=CC=CC(=C1)C2=CC=C(N=C2)C3=NC=C([NH1]3)C(N)=O,,3.4361000000000006,,320.3960000000001,0.40786758202417556;;;;;;;;;;
RLHF_0508,Docking intermedio,CAN_696716a5034d8800,MOL_b268ae70c8544ecb,CC[C@@H](C[NH3+])NC(=O)c1ccc2c(c1)C(=O)c1ccccc1C2,CC[C@@H1](C[NH3+1])NC(=O)C1=CC=C2C(=C1)C(=O)C3=CC=CC=C3C2,BACE1,-8.73,True,False,False,0.7675582236274953,1.5721000000000005,3.07809467821272,309.38900000000007,,,,,,,0.4096154656109169,True,False,-8.73,,2.0,2.0,4.0,73.81,3.0,23.0,0.2334338,0.09970959,True,,,0.5717884212822716,1.0,CAN_bea510a2cd199ae1,MOL_b268ae70c8544ecb,,,bace_pool_final_nontoxic-4.csv,/content/bace_pool_final_nontoxic-4.csv,reward_results_20.csv,,,,,,,,,,,,0.4096154656109169;;;;;;;;;;
RLHF_0509,Docking intermedio,CAN_3bc9e65b3d197cef,MOL_1b25ad2dbb6fa7bf,COC1=CC=C2C(=C1)C(=O)C(C3=CC=C(NN)N=C3)=CN2CC4=CC=CN=C4,COC1=CC=C2C(=C1)C(=O)C(C3=CC=C(NN)N=C3)=CN2CC4=CC=CN=C4,BACE1,-8.729,True,False,False,,2.801000000000001,,373.4160000000001,,,,,,,0.409931348186834,False,True,,-8.729,,,,,,,,,,,,,,,,CAN_3bc9e65b3d197cef,MOL_1b25ad2dbb6fa7bf,,,,1.0,reward_results_20.csv,bace_3,bace_3/reward_results_20.csv,bace_3,intermediate,COC1=CC=C2C(=C1)C(=O)C(C3=CC=C(NN)N=C3)=CN2CC4=CC=CN=C4,,2.801000000000001,,373.4160000000001,0.409931348186834;;;;;;;;;;
RLHF_0510,Docking intermedio,CAN_a7a6f48b5d5ec1e8,MOL_e546d6cbf3697a29,COCCn1c(-c2cccc(-c3ccccc3)c2)nc2cc(C)nn2c1=O,COCCN1C(C2=CC=CC(C3=CC=CC=C3)=C2)=NC4=CC(C)=NN4C1=O,BACE1,-8.727,True,False,False,0.5483808830214983,3.179820000000001,2.3236803997078432,360.41700000000014,,,,,,,0.4108368782377964,True,False,-8.727,,0.0,4.0,5.0,61.42,4.0,27.0,0.2448185,0.067760244,True,,,0.6489585050555203,1.0,CAN_2253ef67a5f902a6,MOL_e546d6cbf3697a29,,,bace_pool_final_nontoxic-4.csv,/content/bace_pool_final_nontoxic-4.csv,reward_results_18.csv,,,,,,,,,,,,0.4108368782377964;;;;;;;;;;
RLHF_0511,Docking intermedio,CAN_8a4ae0590ae89e6c,MOL_56ca1658fe3d42a2,CCCN1CCOC1C(=O)NC2=CC=C3C(=C2)C4=CC=CC=C4C3=O,CCCN1CCOC1C(=O)NC2=CC=C3C(=C2)C4=CC=CC=C4C3=O,BACE1,-8.717,True,False,False,,2.9048000000000016,,336.3910000000001,,,,,,,0.41561723455334204,False,True,,-8.717,,,,,,,,,,,,,,,,CAN_8a4ae0590ae89e6c,MOL_56ca1658fe3d42a2,,,,1.0,reward_results_26.csv,bace_4,bace_4/reward_results_26.csv,bace_4,intermediate,CCCN1CCOC1C(=O)NC2=CC=C3C(=C2)C4=CC=CC=C4C3=O,,2.9048000000000016,,336.3910000000001,0.41561723455334204;;;;;;;;;;
RLHF_0512,Docking intermedio,CAN_22675889576ed856,MOL_4e649889efcc6e53,COC1=CC=C(NC2=NC(N3CCNCC3)=NC(=N2)C4=CC=C(C#N)C=C4)C=C1,COC1=CC=C(NC2=NC(N3CCNCC3)=NC(=N2)C4=CC=C(C#N)C=C4)C=C1,BACE1,-8.716,True,False,False,,2.5720800000000006,,387.44700000000006,,,,,,,0.41608052899802045,False,True,,-8.716,,,,,,,,,,,,,,,,CAN_22675889576ed856,MOL_4e649889efcc6e53,,,,1.0,reward_results_1.csv,bace_4,bace_4/reward_results_1.csv,bace_4,intermediate,COC1=CC=C(NC2=NC(N3CCNCC3)=NC(=N2)C4=CC=C(C#N)C=C4)C=C1,,2.5720800000000006,,387.44700000000006,0.41608052899802045;;;;;;;;;;
RLHF_0513,Docking intermedio,CAN_4c9d766656150f6d,MOL_94b0f010a6877f9f,O=C(NC1=CC=CC(=C1)C2=CN=N[NH1]2)C3=CC=CC(=C3)C#N,O=C(NC1=CC=CC(=C1)C2=CN=N[NH1]2)C3=CC=CC(=C3)C#N,BACE1,-8.711,True,False,False,,2.5956800000000007,,289.298,,,,,,,0.41778629490797287,False,True,,-8.711,,,,,,,,,,,,,,,,CAN_4c9d766656150f6d,MOL_94b0f010a6877f9f,,,,1.0,reward_results_21.csv,bace_4,bace_4/reward_results_21.csv,bace_4,intermediate,O=C(NC1=CC=CC(=C1)C2=CN=N[NH1]2)C3=CC=CC(=C3)C#N,,2.5956800000000007,,289.298,0.41778629490797287;;;;;;;;;;
RLHF_0514,Docking intermedio,CAN_983e517a5ee0c78f,MOL_046f1d7dddcdd6db,O=C(Nc1ccccc1)c1ccc(N2CCC(C(=O)Nc3ccc(F)cc3)CC2=O)nc1,O=C(NC1=CC=C(F)C=C1)C2CCN(C3=CC=C(C(=O)NC4=CC=CC=C4)C=N3)C(=O)C2,BACE1,-8.707,True,False,False,0.6406591903031013,3.854700000000002,2.525881034051082,432.4550000000001,,,,,,,0.4199132375858148,True,False,-8.707,,2.0,4.0,5.0,91.4,4.0,32.0,0.3305895,0.13613535,True,,,0.4303158662174761,1.0,CAN_b399a92c6e4d929d,MOL_046f1d7dddcdd6db,,,bace_pool_final_nontoxic-4.csv,/content/bace_pool_final_nontoxic-4.csv,reward_results_8.csv,,,,,,,,,,,,0.4199132375858148;;;;;;;;;;
RLHF_0515,Docking intermedio,CAN_d23803a7d4a05340,MOL_3a308a7b745d028a,CC(C1)=NN=CN1C2=CC=CC(=C2)C3=CC=CC=C3C4=NN=N[NH1]4,CC(C1)=NN=CN1C2=CC=CC(=C2)C3=CC=CC=C3C4=NN=N[NH1]4,BACE1,-8.704,True,False,False,,2.7579,,317.35600000000005,,,,,,,0.42088194415196056,False,True,,-8.704,,,,,,,,,,,,,,,,CAN_d23803a7d4a05340,MOL_3a308a7b745d028a,,,,1.0,reward_results_25.csv,bace_4,bace_4/reward_results_25.csv,bace_4,intermediate,CC(C1)=NN=CN1C2=CC=CC(=C2)C3=CC=CC=C3C4=NN=N[NH1]4,,2.7579,,317.35600000000005,0.42088194415196056;;;;;;;;;;
RLHF_0516,Docking intermedio,CAN_59a70ce55b1a60ac,MOL_5ad7d5debe643cba,Cc1nc(CCc2ccccc2)[nH]c(=O)c1CC(=O)Nc1ccc(N2CCOCC2)cc1,CC=1N=C(CCC2=CC=CC=C2)[NH1]C(=O)C=1CC(=O)NC3=CC=C(N4CCOCC4)C=C3,BACE1,-8.702,True,False,False,0.5995380303967818,2.881320000000001,2.3243642237855138,432.5240000000002,,,,,,,0.4216400623341616,True,False,-8.702,,2.0,5.0,7.0,87.32,4.0,32.0,0.15220807,0.06226754,True,,,0.7139794657975258,1.0,CAN_d3d989406a3f4243,MOL_5ad7d5debe643cba,,,bace_pool_final_nontoxic-4.csv,/content/bace_pool_final_nontoxic-4.csv,reward_results_6.csv,,,,,,,,,,,,0.4216400623341616;;;;;;;;;;
RLHF_0517,Docking intermedio,CAN_dbccba9a5fd97e82,MOL_f6b66cf26abdf3ac,COC1=C(F)C=CC=C1NC(=O)C2=CC3=C4C(=C2)CCN4C(=O)C3=O,COC1=C(F)C=CC=C1NC(=O)C2=CC3=C4C(=C2)CCN4C(=O)C3=O,BACE1,-8.695,True,False,False,,2.172,,340.3100000000001,,,,,,,0.42789453733732047,False,True,,-8.695,,,,,,,,,,,,,,,,CAN_dbccba9a5fd97e82,MOL_f6b66cf26abdf3ac,,,,1.0,reward_results_20.csv,bace_3,bace_3/reward_results_20.csv,bace_3,intermediate,COC1=C(F)C=CC=C1NC(=O)C2=CC3=C4C(=C2)CCN4C(=O)C3=O,,2.172,,340.3100000000001,0.42789453733732047;;;;;;;;;;
RLHF_0518,Docking intermedio,CAN_0050d5d28d8d8c24,MOL_933e30888d4a6c25,CC1=CC=C(Cl)C=C1C(=O)NC2=CC=CC(=C2)C(=O)NC(=O)NCC(C)(O)O,CC1=CC=C(Cl)C=C1C(=O)NC2=CC=CC(=C2)C(=O)NC(=O)NCC(C)(O)O,BACE1,-8.669,True,False,False,,2.0409200000000007,,405.8380000000002,,,,,,,0.4390346628479973,False,True,,-8.669,,,,,,,,,,,,,,,,CAN_0050d5d28d8d8c24,MOL_933e30888d4a6c25,,,,1.0,reward_results_11.csv,bace_4,bace_4/reward_results_11.csv,bace_4,intermediate,CC1=CC=C(Cl)C=C1C(=O)NC2=CC=CC(=C2)C(=O)NC(=O)NCC(C)(O)O,,2.0409200000000007,,405.8380000000002,0.4390346628479973;;;;;;;;;;
RLHF_0519,Docking intermedio,CAN_29d8e1557596b135,MOL_df4cfed775b71bdb,CC(=O)N1CCN(C(=O)C2=CC=C3C(=C2)C(=O)N(C4=CC=C(F)C=C4)C3=O)CC1,CC(=O)N1CCN(C(=O)C2=CC=C3C(=C2)C(=O)N(C4=CC=C(F)C=C4)C3=O)CC1,BACE1,-8.667,True,False,False,,1.9306000000000003,,395.3900000000002,,,,,,,0.44000336941414314,False,True,,-8.667,,,,,,,,,,,,,,,,CAN_29d8e1557596b135,MOL_df4cfed775b71bdb,,,,1.0,reward_results_13.csv,bace_3,bace_3/reward_results_13.csv,bace_3,intermediate,CC(=O)N1CCN(C(=O)C2=CC=C3C(=C2)C(=O)N(C4=CC=C(F)C=C4)C3=O)CC1,,1.9306000000000003,,395.3900000000002,0.44000336941414314;;;;;;;;;;
RLHF_0520,Docking intermedio,CAN_153dae5dba5e4871,MOL_a26c0c5de726c2be,C[C@H](NC(=O)c1cccc(C=C2CNC=N2)c1)C(=O)Nc1ccccc1,C[C@@H1](C(=O)NC1=CC=CC=C1)NC(=O)C2=CC=CC(=C2)C=C3N=C[NH1]C3,BACE1,-8.666,True,False,False,0.7759485040239085,2.4160000000000004,3.0688445603830186,348.40600000000006,,,,,,,0.4405087815356105,True,False,-8.666,,3.0,4.0,5.0,82.59,3.0,26.0,0.23615101,0.10074545,True,,,0.7356272143459045,1.0,CAN_8b54af9d99bf42da,MOL_a26c0c5de726c2be,,,bace_pool_final_nontoxic-5.csv,/content/bace_pool_final_nontoxic-5.csv,reward_results_24.csv,,,,,,,,,,,,0.4405087815356105;;;;;;;;;;
RLHF_0521,Docking intermedio,CAN_0fddcc1daa374802,MOL_b297738486f55aad,CCN1C2=C[NH1+1]=C(C(=O)NC3=CC=C(C4=CC=CC=C4)C=C3)C(=O)C2=C1C,CCN1C2=C[NH1+1]=C(C(=O)NC3=CC=C(C4=CC=CC=C4)C=C3)C(=O)C2=C1C,BACE1,-8.664,True,False,False,,1.8473,,358.4210000000001,,,,,,,0.4414564292633618,False,True,,-8.664,,,,,,,,,,,,,,,,CAN_0fddcc1daa374802,MOL_b297738486f55aad,,,,1.0,reward_results_7.csv,bace_3,bace_3/reward_results_7.csv,bace_3,intermediate,CCN1C2=C[NH1+1]=C(C(=O)NC3=CC=C(C4=CC=CC=C4)C=C3)C(=O)C2=C1C,,1.8473,,358.4210000000001,0.4414564292633618;;;;;;;;;;
RLHF_0522,Docking intermedio,CAN_a0c69f34a6e5183c,MOL_510c07b7daf6a711,CN1C=C(NC(=O)C2=CC3=C4C(=C2)CCN4C(=O)CC3)C=CC1=O,CN1C=C(NC(=O)C2=CC3=C4C(=C2)CCN4C(=O)CC3)C=CC1=O,BACE1,-8.66,True,False,False,,1.4729,,323.35200000000003,,,,,,,0.44309901865813084,False,True,,-8.66,,,,,,,,,,,,,,,,CAN_a0c69f34a6e5183c,MOL_510c07b7daf6a711,,,,1.0,reward_results_22.csv,bace_3,bace_3/reward_results_22.csv,bace_3,intermediate,CN1C=C(NC(=O)C2=CC3=C4C(=C2)CCN4C(=O)CC3)C=CC1=O,,1.4729,,323.35200000000003,0.44309901865813084;;;;;;;;;;
RLHF_0523,Docking intermedio,CAN_1d6f3d411d42b041,MOL_92293b2959a77149,C#CCOc1c(C#N)cc(-c2ccc(-c3ccccc3)nc2)nc1C1CCC(=O)N1CC(N)=O,C#CCOC1=C(C#N)C=C(C2=CC=C(C3=CC=CC=C3)N=C2)N=C1C4CCC(=O)N4CC(N)=O,BACE1,-8.654,True,False,False,0.5513516255806454,2.8430800000000005,3.471817073730956,451.4860000000003,,,,,,,0.44554184391188983,True,False,-8.654,,1.0,6.0,7.0,122.2,4.0,34.0,0.25721136,0.107751735,True,,,0.7027378241833845,1.0,CAN_6ccee7b34157b5a3,MOL_92293b2959a77149,,,bace_pool_final_nontoxic-4.csv,/content/bace_pool_final_nontoxic-4.csv,reward_results_16.csv,,,,,,,,,,,,0.44554184391188983;;;;;;;;;;
RLHF_0524,Docking intermedio,CAN_b3c4cc7eafcd7dac,MOL_76a0ab4d32e12ca5,O=C(NC1=CC=CC(=C1)C2=C[NH1]N=C2CC)CC3=CN=C[NH1]C(=O)[NH1]C=C3,O=C(NC1=CC=CC(=C1)C2=C[NH1]N=C2CC)CC3=CN=C[NH1]C(=O)[NH1]C=C3,BACE1,-8.65,True,False,False,,2.3561000000000005,,364.409,,,,,,,0.4471001979530809,False,True,,-8.65,,,,,,,,,,,,,,,,CAN_b3c4cc7eafcd7dac,MOL_76a0ab4d32e12ca5,,,,1.0,reward_results_29.csv,bace_4,bace_4/reward_results_29.csv,bace_4,intermediate,O=C(NC1=CC=CC(=C1)C2=C[NH1]N=C2CC)CC3=CN=C[NH1]C(=O)[NH1]C=C3,,2.3561000000000005,,364.409,0.4471001979530809;;;;;;;;;;
RLHF_0525,Docking intermedio,CAN_3629ca3a32932cd8,MOL_8a8aec8ceee97da6,CN1C(=O)N(C1)C2=CC=CC(=C2)C3=CC=C4[NH1]C(=NC4=C3)C#N,CN1C(=O)N(C1)C2=CC=CC(=C2)C3=CC=C4[NH1]C(=NC4=C3)C#N,BACE1,-8.649,True,False,False,,2.930880000000001,,303.32500000000005,,,,,,,0.4476687865897317,False,True,,-8.649,,,,,,,,,,,,,,,,CAN_3629ca3a32932cd8,MOL_8a8aec8ceee97da6,,,,1.0,reward_results_15.csv,bace_4,bace_4/reward_results_15.csv,bace_4,intermediate,CN1C(=O)N(C1)C2=CC=CC(=C2)C3=CC=C4[NH1]C(=NC4=C3)C#N,,2.930880000000001,,303.32500000000005,0.4476687865897317;;;;;;;;;;
RLHF_0526,Docking intermedio,CAN_05c4c5899c55c3bc,MOL_8202a8f0fd51f899,NC(=O)Nc1cccc(-c2ccc(OC[C@H]3CNC(=O)C3)cc2)c1,NC(=O)NC1=CC=CC(=C1)C2=CC=C(OC[C@H1]3CNC(=O)C3)C=C2,BACE1,-8.647,True,False,False,0.7875263984678444,2.3591000000000006,2.6218194869495104,325.36800000000005,,,,,,,0.4489744345701891,True,False,-8.647,,3.0,3.0,5.0,93.45000000000002,3.0,24.0,0.2729747,0.1228184,True,,,0.7246506224080042,1.0,CAN_a70a5fc3ac7bd7d5,MOL_8202a8f0fd51f899,,,bace_pool_final_nontoxic-5.csv,/content/bace_pool_final_nontoxic-5.csv,reward_results_9.csv,,,,,,,,,,,,0.4489744345701891;;;;;;;;;;
RLHF_0527,Docking intermedio,CAN_2cea5c01b07f2852,MOL_4d5e6bac13fe937b,C[NH2+]CC1[CH]CCCN1C(=O)c1ccc2c(c1)Cc1ccccc1-2,C[NH2+1]CC1[C@H1]CCCN1C(=O)C2=CC=C3C(=C2)CC4=CC=CC=C43,BACE1,-8.636,True,False,False,0.7895361684204969,2.2598900000000004,3.6901620287555312,320.43600000000004,,,,,,,0.4544497325527524,True,False,-8.636,,1.0,1.0,3.0,36.92,4.0,24.0,0.17512809,0.07517508,True,,,0.7105627841731552,1.0,CAN_8a6d7d822b4acc47,MOL_4d5e6bac13fe937b,,,bace_pool_final_nontoxic-4.csv,/content/bace_pool_final_nontoxic-4.csv,reward_results_25.csv,,,,,,,,,,,,0.4544497325527524;;;;;;;;;;
RLHF_0528,Docking intermedio,CAN_41285c100fecef18,MOL_133a441d79bf5a8a,COC(=O)[C@H1]1CCCN1C(=O)C2=CC=C3C(=C2)C4=CC=CC=C4C3=O,COC(=O)[C@H1]1CCCN1C(=O)C2=CC=C3C(=C2)C4=CC=CC=C4C3=O,BACE1,-8.628,True,False,False,,2.675600000000001,,335.3590000000001,,,,,,,0.45838773533251903,False,True,,-8.628,,,,,,,,,,,,,,,,CAN_41285c100fecef18,MOL_133a441d79bf5a8a,,,,6.0,reward_results_13.csv; reward_results_15.csv; reward_results_22.csv; reward_results_25.csv; reward_results_28.csv,bace_4,bace_4/reward_results_13.csv; bace_4/reward_results_15.csv; bace_4/reward_results_22.csv; bace_4/reward_results_25.csv; bace_4/reward_results_28.csv,bace_4,intermediate,COC(=O)[C@H1]1CCCN1C(=O)C2=CC=C3C(=C2)C4=CC=CC=C4C3=O,,2.675600000000001,,335.3590000000001,0.45838773533251903;;
RLHF_0529,Docking intermedio,CAN_5e2c95e0b36c6de5,MOL_dfbdeff1e503b2c1,CCCS(=O)(=O)N1CCC(CC12)NC3=CC=C(Cl)C=C3C4=CC=CC=C24,CCCS(=O)(=O)N1CCC(CC12)NC3=CC=C(Cl)C=C3C4=CC=CC=C24,BACE1,-8.624,True,False,False,,4.677800000000004,,390.9360000000001,,,,,,,0.45960914795939856,False,True,,-8.624,,,,,,,,,,,,,,,,CAN_5e2c95e0b36c6de5,MOL_dfbdeff1e503b2c1,,,,1.0,reward_results_3.csv,bace_4,bace_4/reward_results_3.csv,bace_4,intermediate,CCCS(=O)(=O)N1CCC(CC12)NC3=CC=C(Cl)C=C3C4=CC=CC=C24,,4.677800000000004,,390.9360000000001,0.45960914795939856;;;;;;;;;;
RLHF_0530,Docking intermedio,CAN_a4b5e53aae970354,MOL_183e03cb1d7afae5,CC=C(C=Cc1ccccc1C#N)Cc1cc(N)nc(N)n1,CC=C(CC1=CC(N)=NC(N)=N1)C=CC2=CC=CC=C2C#N,BACE1,-8.614,True,False,False,0.8431750758535002,2.714880000000001,3.038467277782291,291.35800000000006,,,,,,,0.46443162195173315,True,False,-8.614,,2.0,5.0,4.0,101.61,2.0,22.0,0.32524368,0.11399859,True,,,0.7044290595738882,1.0,CAN_a490dd711a214c08,MOL_183e03cb1d7afae5,,,bace_pool_final_nontoxic-5.csv,/content/bace_pool_final_nontoxic-5.csv,reward_results_18.csv,,,,,,,,,,,,0.46443162195173315;;;;;;;;;;
RLHF_0531,Docking intermedio,CAN_439f24d221e8a843,MOL_817b8619d81a4393,NC(=O)CSC(=N)C1=CC=CC(=C1)C2=CC=C3[NH1]C(=O)[NH1]C3=C2,NC(=O)CSC(=N)C1=CC=CC(=C1)C2=CC=C3[NH1]C(=O)[NH1]C3=C2,BACE1,-8.614,True,False,False,,2.06707,,326.38100000000003,,,,,,,0.46443162195173315,False,True,,-8.614,,,,,,,,,,,,,,,,CAN_439f24d221e8a843,MOL_817b8619d81a4393,,,,1.0,reward_results_24.csv,bace_4,bace_4/reward_results_24.csv,bace_4,intermediate,NC(=O)CSC(=N)C1=CC=CC(=C1)C2=CC=C3[NH1]C(=O)[NH1]C3=C2,,2.06707,,326.38100000000003,0.46443162195173315;;;;;;;;;;
RLHF_0532,Docking intermedio,CAN_6b4eed2e9a0702e6,MOL_8c8f89ccc4c422d4,CC(C)NC(=O)C1=CC=CC(=C1)C2=CC=C3[NH1]C(=NC3=C2)NC,CC(C)NC(=O)C1=CC=CC(=C1)C2=CC=C3[NH1]C(=NC3=C2)NC,BACE1,-8.611,True,False,False,,3.4098000000000006,,308.38500000000005,,,,,,,0.4656740934170071,False,True,,-8.611,,,,,,,,,,,,,,,,CAN_6b4eed2e9a0702e6,MOL_8c8f89ccc4c422d4,,,,1.0,reward_results_20.csv,bace_4,bace_4/reward_results_20.csv,bace_4,intermediate,CC(C)NC(=O)C1=CC=CC(=C1)C2=CC=C3[NH1]C(=NC3=C2)NC,,3.4098000000000006,,308.38500000000005,0.4656740934170071;;;;;;;;;;
RLHF_0533,Docking intermedio,CAN_1a075b3fc9950159,MOL_f0ef70a1cd7f81d5,CCC1=CC=C2C(=C1)C(=O)C3=CC=CC=C3C2=O,CCC1=CC=C2C(=C1)C(=O)C3=CC=CC=C3C2=O,BACE1,-8.607,True,False,False,,3.024400000000001,,236.27,,,,,,,0.4674640946805374,False,True,,-8.607,,,,,,,,,,,,,,,,CAN_1a075b3fc9950159,MOL_f0ef70a1cd7f81d5,,,,1.0,reward_results_15.csv,bace_3,bace_3/reward_results_15.csv,bace_3,intermediate,CCC1=CC=C2C(=C1)C(=O)C3=CC=CC=C3C2=O,,3.024400000000001,,236.27,0.4674640946805374;;;;;;;;;;
RLHF_0534,Docking intermedio,CAN_dace0ebef9d56b90,MOL_620d6bf782a1c0f5,CC1=CC=C(NC(=O)CNC(=O)C2=CC=C3C(=C2)OCCO3)C=C1F,CC1=CC=C(NC(=O)CNC(=O)C2=CC=C3C(=C2)OCCO3)C=C1F,BACE1,-8.606,True,False,False,,2.2738200000000006,,344.34200000000016,,,,,,,0.46773785957966557,False,True,,-8.606,,,,,,,,,,,,,,,,CAN_dace0ebef9d56b90,MOL_620d6bf782a1c0f5,,,,1.0,reward_results_12.csv,bace_3,bace_3/reward_results_12.csv,bace_3,intermediate,CC1=CC=C(NC(=O)CNC(=O)C2=CC=C3C(=C2)OCCO3)C=C1F,,2.2738200000000006,,344.34200000000016,0.46773785957966557;;;;;;;;;;
RLHF_0535,Docking intermedio,CAN_bc55dd24db1e2740,MOL_6b8af3805cdebec0,C/C(=N\N=Cc1ccccc1C([NH])=O)c1cccc(C=C2CNC=N2)c1,C/C(=N\N=CC1=CC=CC=C1C(=O)[NH1])C2=CC=CC(=C2)C=C3N=C[NH1]C3,BACE1,-8.603,True,False,False,0.6672589300858873,2.925200000000001,3.5276257971559684,344.398,,,,,,,0.46908562523691194,True,False,-8.603,,1.0,5.0,5.0,89.98,3.0,26.0,0.27480745,0.086158514,True,,,0.6675165909020928,1.0,CAN_999f7ec900e38376,MOL_6b8af3805cdebec0,,,bace_pool_final_nontoxic-5.csv,/content/bace_pool_final_nontoxic-5.csv,reward_results_21.csv,,,,,,,,,,,,0.46908562523691194;;;;;;;;;;
RLHF_0536,Docking intermedio,CAN_7396aeb37e0667db,MOL_6786ab780319fd5f,O=S(=O)(Nc1ccc([C@H]2CNCCO2)cc1)c1ccc2ccccc2c1,O=S(=O)(NC1=CC=C(C=C1)[C@H1]2CNCCO2)C3=CC=C4C=CC=CC4=C3,BACE1,-8.6,True,False,False,0.7414622499834995,3.3015000000000017,2.587492276982209,368.458,,,,,,,0.47239186286484436,True,False,-8.6,,2.0,4.0,4.0,67.43,4.0,26.0,0.1103032,0.035447408,True,,,0.1753671416331162,1.0,CAN_36b5c448ca444a6e,MOL_6786ab780319fd5f,,,bace_pool_final_nontoxic-2.csv,/content/bace_pool_final_nontoxic-2.csv,docking_results_3_10.csv,,,,,,,,,,,,0.47239186286484436;;;;;;;;;;
RLHF_0537,Docking intermedio,CAN_c4173be1dddc3785,MOL_e755c523b3763680,C[C@H](CO)NC(=O)c1ccc2c(c1)-c1ccccc1C2=O,C[C@H1](CO)NC(=O)C1=CC=C2C(=C1)C3=CC=CC=C3C2=O,BACE1,-8.598,True,False,False,0.7714581124127311,2.0086,2.35426846449364,281.31100000000004,,,,,,,0.47477151160341996,True,False,-8.598,,2.0,3.0,3.0,66.4,3.0,21.0,0.43158144,0.1924356,True,,,0.6516805997361305,1.0,CAN_a7d858a0b5cf16d2,MOL_e755c523b3763680,,,bace_pool_final_nontoxic-5.csv,/content/bace_pool_final_nontoxic-5.csv,reward_results_23.csv,,,,,,,,,,,,0.47477151160341996;;;;;;;;;;
RLHF_0538,Docking intermedio,CAN_edbcee7158dfddc2,MOL_4333114b7544261a,C[C@@H1](NC(=O)OCC1=CC=CC=C1)C(=O)NC2=CC=CC(=C2)C(=O)N3C=CC(=N3)COO,C[C@@H1](NC(=O)OCC1=CC=CC=C1)C(=O)NC2=CC=CC(=C2)C(=O)N3C=CC(=N3)COO,BACE1,-8.593,True,False,False,,2.8146000000000004,,438.4400000000002,,,,,,,0.47738280756433477,False,True,,-8.593,,,,,,,,,,,,,,,,CAN_edbcee7158dfddc2,MOL_4333114b7544261a,,,,1.0,reward_results_14.csv,bace_4,bace_4/reward_results_14.csv,bace_4,intermediate,C[C@@H1](NC(=O)OCC1=CC=CC=C1)C(=O)NC2=CC=CC(=C2)C(=O)N3C=CC(=N3)COO,,2.8146000000000004,,438.4400000000002,0.47738280756433477;;;;;;;;;;
RLHF_0539,Docking intermedio,CAN_1052ae94d0c29de6,MOL_d6e0dbc8b0d4d480,CCOCCNC(=O)c1cccc(-c2ccc3[nH]c(C#N)nc3c2)c1,CCOCCNC(=O)C1=CC=CC(=C1)C2=CC=C3[NH1]C(=NC3=C2)C#N,BACE1,-8.577,True,False,False,0.6782087491314586,2.8678800000000004,2.40989931309972,334.3790000000001,,,,,,,0.48357410605231016,True,False,-8.577,,2.0,4.0,6.0,90.79999999999998,3.0,25.0,0.47394255,0.13805157,True,,,0.6674982062002028,1.0,CAN_3646f1082df7988f,MOL_d6e0dbc8b0d4d480,,,bace_pool_final_nontoxic-5.csv,/content/bace_pool_final_nontoxic-5.csv,reward_results_25.csv,,,,,,,,,,,,0.48357410605231016;;;;;;;;;;
RLHF_0540,Docking intermedio,CAN_4f54a8162a6a91d2,MOL_ba8ba7e6d58b8d6d,COc1ccccc1-c1cccc(NC(=O)CN2C(=O)CNC2=O)c1,COC1=CC=CC=C1C2=CC=CC(NC(=O)CN3C(=O)CNC3=O)=C2,BACE1,-8.577,True,False,False,0.8140137149186784,1.8524999999999991,2.0412371516696,339.35100000000006,,,,,,,0.48357410605231016,True,False,-8.577,,2.0,4.0,5.0,87.74000000000001,3.0,25.0,0.17726101,0.07093888,True,,,0.6056359335950949,1.0,CAN_c1de11d98accd307,MOL_ba8ba7e6d58b8d6d,,,bace_pool_final_nontoxic-4.csv,/content/bace_pool_final_nontoxic-4.csv,reward_results_10.csv,,,,,,,,,,,,0.48357410605231016;;;;;;;;;;
RLHF_0541,Docking intermedio,CAN_0093964e86ee9e7d,MOL_35efcc6e45c95f03,CCS(=O)(=O)c1ccc2c(c1)CCN2C(=O)c1ccc2c(c1)CCNC2=O,CCS(=O)(=O)C1=CC=C2C(=C1)CCN2C(=O)C3=CC=C4C(=C3)CCNC4=O,BACE1,-8.573,True,False,False,0.876988872418097,1.969,2.4639836541457143,384.4570000000001,,,,,,,0.48553257802299626,True,False,-8.573,,1.0,4.0,3.0,83.55000000000001,4.0,27.0,0.112521015,0.040328715,True,,,0.6328705286640122,1.0,CAN_62d72438979a71d3,MOL_35efcc6e45c95f03,,,bace_pool_final_nontoxic-4.csv,/content/bace_pool_final_nontoxic-4.csv,reward_results_29.csv,,,,,,,,,,,,0.48553257802299626;;;;;;;;;;
RLHF_0542,Docking intermedio,CAN_eaf80b97a662ddfa,MOL_8c1957bf68173661,CC[C@H]1CCCCN1C(=O)CN1C(=O)NC2(CCCc3ccccc32)C1=O,CC[C@H1]1CCCCN1C(=O)CN2C(=O)NC3(CCCC4=CC=CC=C43)C2=O,BACE1,-8.566,True,False,False,0.8327477315575418,2.5611000000000006,3.543258462369222,369.46500000000015,,,,,,,0.4885650507518005,True,False,-8.566,,1.0,3.0,3.0,69.72,4.0,27.0,0.07830024,0.024898851,True,,,0.6944717995693681,1.0,CAN_aa401f453d443334,MOL_8c1957bf68173661,,,bace_pool_final_nontoxic-4.csv,/content/bace_pool_final_nontoxic-4.csv,reward_results_8.csv,,,,,,,,,,,,0.4885650507518005;;;;;;;;;;
RLHF_0543,Docking intermedio,CAN_aa09830eb2331ee3,MOL_7e7f76e1f34f84a3,CN(C)C(=O)C1=CC=CC(NS(=O)(=O)C2=CC=C3C(=C2)CCC3)=C1,CN(C)C(=O)C1=CC=CC(NS(=O)(=O)C2=CC=C3C(=C2)CCC3)=C1,BACE1,-8.566,True,False,False,,2.677900000000001,,344.4360000000001,,,,,,,0.4885650507518005,False,True,,-8.566,,,,,,,,,,,,,,,,CAN_aa09830eb2331ee3,MOL_7e7f76e1f34f84a3,,,,1.0,reward_results_7.csv,bace_3,bace_3/reward_results_7.csv,bace_3,intermediate,CN(C)C(=O)C1=CC=CC(NS(=O)(=O)C2=CC=C3C(=C2)CCC3)=C1,,2.677900000000001,,344.4360000000001,0.4885650507518005;;;;;;;;;;
RLHF_0544,Docking intermedio,CAN_7edb0337fb162909,MOL_79b952bd1425d54c,CC=C1C=C(C=C1NC(=O)C2=CC=CC(=C23)C=C4N=C[NH1]C(=O)N4C3NC)N,CC=C1C=C(C=C1NC(=O)C2=CC=CC(=C23)C=C4N=C[NH1]C(=O)N4C3NC)N,BACE1,-8.562,True,False,False,,1.6863,,376.4200000000001,,,,,,,0.4905656403992756,False,True,,-8.562,,,,,,,,,,,,,,,,CAN_7edb0337fb162909,MOL_79b952bd1425d54c,,,,1.0,reward_results_26.csv,bace_4,bace_4/reward_results_26.csv,bace_4,intermediate,CC=C1C=C(C=C1NC(=O)C2=CC=CC(=C23)C=C4N=C[NH1]C(=O)N4C3NC)N,,1.6863,,376.4200000000001,0.4905656403992756;;;;;;;;;;
RLHF_0545,Docking intermedio,CAN_2c5ddb4980969b46,MOL_7b94c47fd6761718,Cc1ccc(S(=O)(=O)NCC2CCN(Cc3ccc4cn[nH]c4c3)CC2)cc1,CC1=CC=C(S(=O)(=O)NCC2CCN(CC3=CC=C4C=N[NH1]C4=C3)CC2)C=C1,BACE1,-8.553,True,False,False,0.668939946345092,3.061820000000001,2.261081048936168,398.5320000000001,,,,,,,0.49530387903803225,True,False,-8.553,,2.0,4.0,6.0,78.09,4.0,28.0,0.059432436,0.01799743,True,,,0.6177175734099231,1.0,CAN_170f764152268a27,MOL_7b94c47fd6761718,,,bace_pool_final_nontoxic-4.csv,/content/bace_pool_final_nontoxic-4.csv,reward_results_5.csv,,,,,,,,,,,,0.49530387903803225;;;;;;;;;;
RLHF_0546,Docking intermedio,CAN_e9a5cd247ca4155d,MOL_cb591afaefbd538a,CC1=CC=C(CN2CCN(S(=O)(=O)C3=CC=C4C=CC=CC4=C3)C2)C=C1,CC1=CC=C(CN2CCN(S(=O)(=O)C3=CC=C4C=CC=CC4=C3)C2)C=C1,BACE1,-8.553,True,False,False,,3.6122200000000015,,366.4860000000001,,,,,,,0.49530387903803225,False,True,,-8.553,,,,,,,,,,,,,,,,CAN_e9a5cd247ca4155d,MOL_cb591afaefbd538a,,,,1.0,reward_results_14.csv,bace_3,bace_3/reward_results_14.csv,bace_3,intermediate,CC1=CC=C(CN2CCN(S(=O)(=O)C3=CC=C4C=CC=CC4=C3)C2)C=C1,,3.6122200000000015,,366.4860000000001,0.49530387903803225;;;;;;;;;;
RLHF_0547,Docking intermedio,CAN_0d85d6b7e878d571,MOL_91449902d3dde6da,CC(=O)c1ccc2c(c1)CCNC2=Nc1ccccc1C(=O)NCc1cccnc1,CC(=O)C1=CC=C2C(=C1)CCNC2=NC3=CC=CC=C3C(=O)NCC4=CC=CN=C4,BACE1,-8.553,True,False,False,0.6451591833214614,3.438200000000002,2.674503210457024,398.4660000000001,,,,,,,0.49530387903803225,True,False,-8.553,,2.0,4.0,5.0,83.45,4.0,30.0,0.3310535,0.08946392,True,,,0.5142540817168593,1.0,CAN_d042b5adb9049210,MOL_91449902d3dde6da,,,bace_pool_final_nontoxic-4.csv,/content/bace_pool_final_nontoxic-4.csv,reward_results_25.csv,,,,,,,,,,,,0.49530387903803225;;;;;;;;;;
RLHF_0548,Docking intermedio,CAN_ea6d31ceda4e32b8,MOL_5b0661a1a522a155,O=C(CS(=O)(=O)C1=CC=CC=C1F)NC2=CC=CC(=C2)C=CN=C3[NH1]C(=O)NC3=C,O=C(CS(=O)(=O)C1=CC=CC=C1F)NC2=CC=CC(=C2)C=CN=C3[NH1]C(=O)NC3=C,BACE1,-8.549,True,False,False,,2.4338000000000006,,428.44500000000016,,,,,,,0.49703070378637915,False,True,,-8.549,,,,,,,,,,,,,,,,CAN_ea6d31ceda4e32b8,MOL_5b0661a1a522a155,,,,1.0,reward_results_16.csv,bace_4,bace_4/reward_results_16.csv,bace_4,intermediate,O=C(CS(=O)(=O)C1=CC=CC=C1F)NC2=CC=CC(=C2)C=CN=C3[NH1]C(=O)NC3=C,,2.4338000000000006,,428.44500000000016,0.49703070378637915;;;;;;;;;;
RLHF_0549,Docking intermedio,CAN_3118d089140ae856,MOL_373f94e2964cf5b8,CCN1C(NC(=O)C2=CN=C3C=CC=CC3=C2)=NC4=CC=CC=C41,CCN1C(NC(=O)C2=CN=C3C=CC=CC3=C2)=NC4=CC=CC=C41,BACE1,-8.536,True,False,False,,3.856700000000002,,316.36400000000003,,,,,,,0.5018531777787137,False,True,,-8.536,,,,,,,,,,,,,,,,CAN_3118d089140ae856,MOL_373f94e2964cf5b8,,,,1.0,reward_results_15.csv,bace_3,bace_3/reward_results_15.csv,bace_3,intermediate,CCN1C(NC(=O)C2=CN=C3C=CC=CC3=C2)=NC4=CC=CC=C41,,3.856700000000002,,316.36400000000003,0.5018531777787137;;;;;;;;;;
RLHF_0550,Docking intermedio,CAN_c8349bfb8df6f845,MOL_4c5285c1560679bc,C=CCn1c(CNC(=O)c2ccc3c(c2)CCNC3=O)nc2ccccc21,C=CCN1C(CNC(=O)C2=CC=C3C(=C2)CCNC3=O)=NC4=CC=CC=C41,BACE1,-8.534,True,False,False,0.6863781190799124,2.438200000000001,2.3913827665717484,360.4170000000001,,,,,,,0.5028429431832541,True,False,-8.534,,2.0,3.0,5.0,76.02000000000001,4.0,27.0,0.18676409,0.05363938,True,,,0.6801689048353409,1.0,CAN_fe81a8a7fa0fe08f,MOL_4c5285c1560679bc,,,bace_pool_final_nontoxic-4.csv,/content/bace_pool_final_nontoxic-4.csv,reward_results_26.csv,,,,,,,,,,,,0.5028429431832541;;;;;;;;;;
RLHF_0551,Docking intermedio,CAN_729cc4bf1fe3bea6,MOL_50664dee87f4a41d,C=CCN1C(CNC(=O)C2=CC=C3C(=C2)CCNC3=O)=NC4=CC=CC=C41,C=CCN1C(CNC(=O)C2=CC=C3C(=C2)CCNC3=O)=NC4=CC=CC=C41,BACE1,-8.534,True,False,False,,2.438200000000001,,360.4170000000001,,,,,,,0.5028429431832541,False,True,,-8.534,,,,,,,,,,,,,,,,CAN_729cc4bf1fe3bea6,MOL_50664dee87f4a41d,,,,1.0,reward_results_26.csv,bace_3,bace_3/reward_results_26.csv,bace_3,intermediate,C=CCN1C(CNC(=O)C2=CC=C3C(=C2)CCNC3=O)=NC4=CC=CC=C41,,2.438200000000001,,360.4170000000001,0.5028429431832541;;;;;;;;;;
RLHF_0552,Docking intermedio,CAN_a53da3f51918f82b,MOL_ce9e2892ed837e9a,CC=CC=NC(N1N=CC(=C1)C2=CC=C(N=C2)C3=CC=CC(=C3)C#N)N,CC=CC=NC(N1N=CC(=C1)C2=CC=C(N=C2)C3=CC=CC(=C3)C#N)N,BACE1,-8.533,True,False,False,,3.5454800000000013,,342.4060000000001,,,,,,,0.5033904729815103,False,True,,-8.533,,,,,,,,,,,,,,,,CAN_a53da3f51918f82b,MOL_ce9e2892ed837e9a,,,,1.0,reward_results_6.csv,bace_4,bace_4/reward_results_6.csv,bace_4,intermediate,CC=CC=NC(N1N=CC(=C1)C2=CC=C(N=C2)C3=CC=CC(=C3)C#N)N,,3.5454800000000013,,342.4060000000001,0.5033904729815103;;;;;;;;;;
RLHF_0553,Docking intermedio,CAN_34815b7843826be4,MOL_f3d83b93fe1bd92a,CC(=O)O[C@H1]1CCC(C[C@H1]1C)OC2=C(Cl)C=C(\C=C\C3=NC(N)=NC(N)=N3)C=C2Cl,CC(=O)O[C@H1]1CCC(C[C@H1]1C)OC2=C(Cl)C=C(\C=C\C3=NC(N)=NC(N)=N3)C=C2Cl,BACE1,-8.532,True,False,False,,4.0123000000000015,,452.3420000000002,,,,,,,0.5037484732342165,False,True,,-8.532,,,,,,,,,,,,,,,,CAN_34815b7843826be4,MOL_f3d83b93fe1bd92a,,,,1.0,reward_results_3.csv,bace_4,bace_4/reward_results_3.csv,bace_4,intermediate,CC(=O)O[C@H1]1CCC(C[C@H1]1C)OC2=C(Cl)C=C(\C=C\C3=NC(N)=NC(N)=N3)C=C2Cl,,4.0123000000000015,,452.3420000000002,0.5037484732342165;;;;;;;;;;
RLHF_0554,Docking intermedio,CAN_332657bb042e22c7,MOL_c118de233e5e2aa0,COC1=CC=C(N=C1)C(=O)NC2=CC=C(CC3=CC=NC=C3)C=C2,COC1=CC=C(N=C1)C(=O)NC2=CC=C(CC3=CC=NC=C3)C=C2,BACE1,-8.531,True,False,False,,3.3283000000000023,,319.36400000000003,,,,,,,0.5041275323253169,False,True,,-8.531,,,,,,,,,,,,,,,,CAN_332657bb042e22c7,MOL_c118de233e5e2aa0,,,,1.0,reward_results_0.csv,bace_4,bace_4/reward_results_0.csv,bace_4,intermediate,COC1=CC=C(N=C1)C(=O)NC2=CC=C(CC3=CC=NC=C3)C=C2,,3.3283000000000023,,319.36400000000003,0.5041275323253169;;;;;;;;;;
RLHF_0555,Docking intermedio,CAN_36e191e89847f2f0,MOL_208c8b1f6d79feab,COC1=CC=CC(=C1)C2=CC=C(N=C2)C(=O)NC3=CC=CC(=C3)C#N,COC1=CC=CC(=C1)C2=CC=C(N=C2)C(=O)NC3=CC=CC(=C3)C#N,BACE1,-8.527,True,False,False,,3.8811800000000014,,329.35900000000004,,,,,,,0.5055805921745357,False,True,,-8.527,,,,,,,,,,,,,,,,CAN_36e191e89847f2f0,MOL_208c8b1f6d79feab,,,,1.0,reward_results_18.csv,bace_4,bace_4/reward_results_18.csv,bace_4,intermediate,COC1=CC=CC(=C1)C2=CC=C(N=C2)C(=O)NC3=CC=CC(=C3)C#N,,3.8811800000000014,,329.35900000000004,0.5055805921745357;;;;;;;;;;
RLHF_0556,Docking intermedio,CAN_e80484ed4d33889b,MOL_53a5c70c25fbf5ed,CCCNC(=O)C1=CC=CC(=C1)C2=CC=C3[NH1]C(=O)[NH1]C3=C2,CCCNC(=O)C1=CC=CC(=C1)C2=CC=C3[NH1]C(=O)[NH1]C3=C2,BACE1,-8.527,True,False,False,,2.6630000000000003,,295.342,,,,,,,0.5055805921745357,False,True,,-8.527,,,,,,,,,,,,,,,,CAN_e80484ed4d33889b,MOL_53a5c70c25fbf5ed,,,,2.0,reward_results_16.csv; reward_results_24.csv,bace_4,bace_4/reward_results_16.csv; bace_4/reward_results_24.csv,bace_4,intermediate,CCCNC(=O)C1=CC=CC(=C1)C2=CC=C3[NH1]C(=O)[NH1]C3=C2,,2.6630000000000003,,295.342,0.5055805921745357;;;;;;;;
RLHF_0557,Docking intermedio,CAN_fed13c64408d63a5,MOL_5bf8c1b148eba6c4,CC1=CC=C(C(=O)N2CCN(C3=CC=C4C(=C3)OCO4)CC2)C=C1S(=O)(=O)N5CCCC5,CC1=CC=C(C(=O)N2CCN(C3=CC=C4C(=C3)OCO4)CC2)C=C1S(=O)(=O)N5CCCC5,BACE1,-8.527,True,False,False,,2.4706200000000003,,457.5520000000003,,,,,,,0.5055805921745357,False,True,,-8.527,,,,,,,,,,,,,,,,CAN_fed13c64408d63a5,MOL_5bf8c1b148eba6c4,,,,1.0,reward_results_19.csv,bace_3,bace_3/reward_results_19.csv,bace_3,intermediate,CC1=CC=C(C(=O)N2CCN(C3=CC=C4C(=C3)OCO4)CC2)C=C1S(=O)(=O)N5CCCC5,,2.4706200000000003,,457.5520000000003,0.5055805921745357;;;;;;;;;;
RLHF_0558,Docking intermedio,CAN_5cb8ff197dbe9666,MOL_61a7b9686c6e53b8,O=C([C@H]1CCc2ccccc21)N1CCN(C2COc3ccccc3O2)CC1,O=C([C@H1]1CCC2=CC=CC=C21)N3CCN(C4COC5=CC=CC=C5O4)CC3,BACE1,-8.522,True,False,False,0.8216747387572171,2.658100000000001,3.180124045296015,364.4450000000001,,,,,,,0.5072442404076991,True,False,-8.522,,0.0,4.0,2.0,42.010000000000005,5.0,27.0,0.074054986,0.02857758,True,,,0.6696410114878519,1.0,CAN_14977e1f51e27fac,MOL_61a7b9686c6e53b8,,,bace_pool_final_nontoxic-4.csv,/content/bace_pool_final_nontoxic-4.csv,reward_results_3.csv,,,,,,,,,,,,0.5072442404076991;;;;;;;;;;
RLHF_0559,Docking intermedio,CAN_7398aa593c668c55,MOL_566ad9ca958dec1d,CC=1C=NC2=C(C(=O)NC3=CC=C(C4=NC(=O)O[NH1]4)C=C3)C=NN2C=1,CC=1C=NC2=C(C(=O)NC3=CC=C(C4=NC(=O)O[NH1]4)C=C3)C=NN2C=1,BACE1,-8.516,True,False,False,,1.6333199999999994,,336.31100000000004,,,,,,,0.509813418691825,False,True,,-8.516,,,,,,,,,,,,,,,,CAN_7398aa593c668c55,MOL_566ad9ca958dec1d,,,,1.0,reward_results_9.csv,bace_3,bace_3/reward_results_9.csv,bace_3,intermediate,CC=1C=NC2=C(C(=O)NC3=CC=C(C4=NC(=O)O[NH1]4)C=C3)C=NN2C=1,,1.6333199999999994,,336.31100000000004,0.509813418691825;;;;;;;;;;
RLHF_0560,Docking intermedio,CAN_db19eb68c75662eb,MOL_bec7ad07e600a7fb,CC=NOC(C=CC1=CC=CC=C1)C(=O)NC2=CC=CC(=C2)C(=O)NNC,CC=NOC(C=CC1=CC=CC=C1)C(=O)NC2=CC=CC(=C2)C(=O)NNC,BACE1,-8.515,True,False,False,,2.5936000000000003,,366.4210000000001,,,,,,,0.5102977719748979,False,True,,-8.515,,,,,,,,,,,,,,,,CAN_db19eb68c75662eb,MOL_bec7ad07e600a7fb,,,,1.0,reward_results_25.csv,bace_4,bace_4/reward_results_25.csv,bace_4,intermediate,CC=NOC(C=CC1=CC=CC=C1)C(=O)NC2=CC=CC(=C2)C(=O)NNC,,2.5936000000000003,,366.4210000000001,0.5102977719748979;;;;;;;;;;
RLHF_0561,Docking intermedio,CAN_abb8d03b0fab2ace,MOL_4337c42069f4955e,CC1=C([C@H1]CC2CN(C(=O)C12)C#N)C3=CC=CC(=C3)C#N,CC1=C([C@H1]CC2CN(C(=O)C12)C#N)C3=CC=CC(=C3)C#N,BACE1,-8.513,True,False,False,,2.495450000000001,,276.319,,,,,,,0.5112033020258603,False,True,,-8.513,,,,,,,,,,,,,,,,CAN_abb8d03b0fab2ace,MOL_4337c42069f4955e,,,,1.0,reward_results_29.csv,bace_4,bace_4/reward_results_29.csv,bace_4,intermediate,CC1=C([C@H1]CC2CN(C(=O)C12)C#N)C3=CC=CC(=C3)C#N,,2.495450000000001,,276.319,0.5112033020258603;;;;;;;;;;
RLHF_0562,Docking intermedio,CAN_a2ab163dd299e187,MOL_0d128353ec0203dc,O=C(CSC1=CC=C2C(=C1)CCC2)N3CCC(C(=O)NC4=CC=CC=C4)CC3,O=C(CSC1=CC=C2C(=C1)CCC2)N3CCC(C(=O)NC4=CC=CC=C4)CC3,BACE1,-8.508,True,False,False,,4.144700000000003,,394.5400000000001,,,,,,,0.512656361875079,False,True,,-8.508,,,,,,,,,,,,,,,,CAN_a2ab163dd299e187,MOL_0d128353ec0203dc,,,,1.0,reward_results_14.csv,bace_3,bace_3/reward_results_14.csv,bace_3,intermediate,O=C(CSC1=CC=C2C(=C1)CCC2)N3CCC(C(=O)NC4=CC=CC=C4)CC3,,4.144700000000003,,394.5400000000001,0.512656361875079;;;;;;;;;;
RLHF_0563,Docking intermedio,CAN_428aceba1f197865,MOL_11cadd794a259675,Cc1nc(NC(=O)c2ccc3c(c2)OCCO3)sc1C(=O)N1CCCCC1,CC=1N=C(NC(=O)C2=CC=C3C(=C2)OCCO3)SC=1C(=O)N4CCCCC4,BACE1,-8.506,True,False,False,0.8752890614372686,3.1011200000000017,2.197002293198969,387.4610000000002,,,,,,,0.513456597734069,True,False,-8.506,,1.0,6.0,3.0,80.76,4.0,27.0,0.32688957,0.12483304,True,,,0.5893704518161205,1.0,CAN_f4db08a9aa375e50,MOL_11cadd794a259675,,,bace_pool_final_nontoxic-4.csv,/content/bace_pool_final_nontoxic-4.csv,reward_results_11.csv,,,,,,,,,,,,0.513456597734069;;;;;;;;;;
RLHF_0564,Docking intermedio,CAN_5a91cc4edd6c7a87,MOL_b1f00f63712d06ad,C[C@H1](C(=O)NC1=CC=C2[NH1]C=CC2=C1)NC(=O)C3=CC=C(N=C3)C=CC=CC#N,C[C@H1](C(=O)NC1=CC=C2[NH1]C=CC2=C1)NC(=O)C3=CC=C(N=C3)C=CC=CC#N,BACE1,-8.502,True,False,False,,3.412880000000002,,385.4270000000001,,,,,,,0.5148885987448932,False,True,,-8.502,,,,,,,,,,,,,,,,CAN_5a91cc4edd6c7a87,MOL_b1f00f63712d06ad,,,,1.0,reward_results_15.csv,bace_4,bace_4/reward_results_15.csv,bace_4,intermediate,C[C@H1](C(=O)NC1=CC=C2[NH1]C=CC2=C1)NC(=O)C3=CC=C(N=C3)C=CC=CC#N,,3.412880000000002,,385.4270000000001,0.5148885987448932;;;;;;;;;;
RLHF_0565,Docking intermedio,CAN_26839a334e5a0eb5,MOL_6fca1b359a7ba8ce,COC1=CC=CC=C1CNC(=O)C2=CC3=C4C(=C2)C(=O)N=CN4CCC3,COC1=CC=CC=C1CNC(=O)C2=CC3=C4C(=C2)C(=O)N=CN4CCC3,BACE1,-8.501,True,False,False,,2.2813,,349.3900000000001,,,,,,,0.5152887166743882,False,True,,-8.501,,,,,,,,,,,,,,,,CAN_26839a334e5a0eb5,MOL_6fca1b359a7ba8ce,,,,2.0,reward_results_19.csv; reward_results_28.csv,bace_3,bace_3/reward_results_19.csv; bace_3/reward_results_28.csv,bace_3,intermediate,COC1=CC=CC=C1CNC(=O)C2=CC3=C4C(=C2)C(=O)N=CN4CCC3,,2.2813,,349.3900000000001,0.5152887166743882;;;;;;;;
RLHF_0566,Docking intermedio,CAN_8f27751477124878,MOL_34b7317b364da290,CCS(=O)(=O)c1ccc2c(c1)CCN2S(=O)(=O)c1ccc2c(c1)CCC(=O)N2C,CCS(=O)(=O)C1=CC=C2C(=C1)CCN2S(=O)(=O)C3=CC=C4C(=C3)CCC(=O)N4C,BACE1,-8.494,True,False,False,0.7352363405557667,2.1406,2.5131541522904577,434.5390000000002,,,,,,,0.5201111906667228,True,False,-8.494,,0.0,5.0,4.0,91.83,4.0,29.0,0.07405321,0.02553705,True,,,0.6330814720555955,1.0,CAN_1425b8ee6d7e5760,MOL_34b7317b364da290,,,bace_pool_final_nontoxic-4.csv,/content/bace_pool_final_nontoxic-4.csv,reward_results_24.csv,,,,,,,,,,,,0.5201111906667228;;;;;;;;;;
RLHF_0567,Docking intermedio,CAN_a366d059bb4fa75c,MOL_ff02194d2a499729,CC=C1C(C#N)=CCOC1NC(=O)c1cc(-c2ccccc2)n[nH]1,CC=C1C(NC(=O)C2=CC(=N[NH1]2)C3=CC=CC=C3)OCC=C1C#N,BACE1,-8.492,True,False,False,0.90903616114634,2.5590800000000007,3.6283606240732578,320.3520000000001,,,,,,,0.5205955439497957,True,False,-8.492,,2.0,4.0,3.0,90.8,3.0,24.0,0.281397,0.10845411,True,,,0.6609260976779332,1.0,CAN_f1f2b75575c01055,MOL_ff02194d2a499729,,,bace_pool_final_nontoxic-5.csv,/content/bace_pool_final_nontoxic-5.csv,reward_results_16.csv,,,,,,,,,,,,0.5205955439497957;;;;;;;;;;
RLHF_0568,Docking intermedio,CAN_66791017a318110f,MOL_386ebeca9845d7ee,CC(C)C1=CC=C(NC2=NC=CC(C3=NNC(=O)CC3)=N2)C=C1,CC(C)C1=CC=C(NC2=NC=CC(C3=NNC(=O)CC3)=N2)C=C1,BACE1,-8.489,True,False,False,,2.957700000000001,,309.373,,,,,,,0.5219222507686476,False,True,,-8.489,,,,,,,,,,,,,,,,CAN_66791017a318110f,MOL_386ebeca9845d7ee,,,,1.0,reward_results_1.csv,bace_3,bace_3/reward_results_1.csv,bace_3,intermediate,CC(C)C1=CC=C(NC2=NC=CC(C3=NNC(=O)CC3)=N2)C=C1,,2.957700000000001,,309.373,0.5219222507686476;;;;;;;;;;
RLHF_0569,Docking intermedio,CAN_94eb3fec2f1a38b4,MOL_85c4f3c4e55c0d2c,CC(=O)[CH][C@@H]1CCCCN1C(=O)CNC(=O)c1cccc2cccc(C=O)c12,CC(=O)[C@H1][C@@H1]1CCCCN1C(=O)CNC(=O)C2=CC=CC3=CC=CC(=C23)C=O,BACE1,-8.488,True,False,False,0.7821164668277925,2.55649,3.238441676925741,379.4360000000001,,,,,,,0.5221960156677757,True,False,-8.488,,1.0,4.0,6.0,83.55000000000001,3.0,28.0,0.15852007,0.061293274,True,,,0.6591234221209525,1.0,CAN_c0c2d8de905a4838,MOL_85c4f3c4e55c0d2c,,,bace_pool_final_nontoxic-4.csv,/content/bace_pool_final_nontoxic-4.csv,reward_results_18.csv,,,,,,,,,,,,0.5221960156677757;;;;;;;;;;
RLHF_0570,Docking intermedio,CAN_870e664bf19852e9,MOL_197d91624345d845,CCOC(=O)C1=CC=CC(=C1)C2=CC=C(C(=O)NC3CCCCC3)C=C2,CCOC(=O)C1=CC=CC(=C1)C2=CC=C(C(=O)NC3CCCCC3)C=C2,BACE1,-8.486,True,False,False,,4.592800000000004,,351.4460000000002,,,,,,,0.5231015457187381,False,True,,-8.486,,,,,,,,,,,,,,,,CAN_870e664bf19852e9,MOL_197d91624345d845,,,,1.0,reward_results_13.csv,bace_4,bace_4/reward_results_13.csv,bace_4,intermediate,CCOC(=O)C1=CC=CC(=C1)C2=CC=C(C(=O)NC3CCCCC3)C=C2,,4.592800000000004,,351.4460000000002,0.5231015457187381;;;;;;;;;;
RLHF_0571,Docking intermedio,CAN_6dde0eb24cd3850a,MOL_26d4bfa7cef8dc12,CCCN[C@H]1[C@H](C)CCN1C(=O)c1ccc2c(c1)C(=O)c1ccccc1C2=O,CCCN[C@H1]1[C@H1](C)CCN1C(=O)C2=CC=C3C(=C2)C(=O)C4=CC=CC=C4C3=O,BACE1,-8.485,True,False,False,0.7589304125584381,3.269700000000002,3.244981083330005,376.4560000000001,,,,,,,0.5236911931937834,True,False,-8.485,,1.0,4.0,4.0,66.48,4.0,28.0,0.27728975,0.12326553,True,,,0.5378830783804143,1.0,CAN_5e94a25fd27b6b24,MOL_26d4bfa7cef8dc12,,,bace_pool_final_nontoxic-4.csv,/content/bace_pool_final_nontoxic-4.csv,reward_results_28.csv,,,,,,,,,,,,0.5236911931937834;;;;;;;;;;
RLHF_0572,Docking intermedio,CAN_ca636ee3e68f0263,MOL_a1b7a9681faf1e79,COC1=CC=CC(=C1)C2(C)NC(=O)C=C(N2)C3=CN=C(N)N=C3C,COC1=CC=CC(=C1)C2(C)NC(=O)C=C(N2)C3=CN=C(N)N=C3C,BACE1,-8.481,True,False,False,,1.30902,,325.37200000000007,,,,,,,0.5254811944573138,False,True,,-8.481,,,,,,,,,,,,,,,,CAN_ca636ee3e68f0263,MOL_a1b7a9681faf1e79,,,,1.0,reward_results_3.csv,bace_4,bace_4/reward_results_3.csv,bace_4,intermediate,COC1=CC=CC(=C1)C2(C)NC(=O)C=C(N2)C3=CN=C(N)N=C3C,,1.30902,,325.37200000000007,0.5254811944573138;;;;;;;;;;
RLHF_0573,Docking intermedio,CAN_e5a6456d400603e4,MOL_af18a93cec93857d,O=C(CC1=CC=C(C=C1)C2=CC=CC(O)=C2)N3C=CC(=N3)C#N,O=C(CC1=CC=C(C=C1)C2=CC=CC(O)=C2)N3C=CC(=N3)C#N,BACE1,-8.48,True,False,False,,3.0102800000000007,,303.321,,,,,,,0.5261761361243313,False,True,,-8.48,,,,,,,,,,,,,,,,CAN_e5a6456d400603e4,MOL_af18a93cec93857d,,,,1.0,reward_results_17.csv,bace_4,bace_4/reward_results_17.csv,bace_4,intermediate,O=C(CC1=CC=C(C=C1)C2=CC=CC(O)=C2)N3C=CC(=N3)C#N,,3.0102800000000007,,303.321,0.5261761361243313;;;;;;;;;;
RLHF_0574,Docking intermedio,CAN_eae4a72ecc567a4c,MOL_aa979311932ea1c0,CC(C)(O)C1=CC=CC(=C1)C2=CC=C(C=C2F)C(=O)NCC(O)=O,CC(C)(O)C1=CC=CC(=C1)C2=CC=C(C=C2F)C(=O)NCC(O)=O,BACE1,-8.479,True,False,False,,2.5345000000000004,,331.3430000000001,,,,,,,0.5267026070841933,False,True,,-8.479,,,,,,,,,,,,,,,,CAN_eae4a72ecc567a4c,MOL_aa979311932ea1c0,,,,1.0,reward_results_16.csv,bace_4,bace_4/reward_results_16.csv,bace_4,intermediate,CC(C)(O)C1=CC=CC(=C1)C2=CC=C(C=C2F)C(=O)NCC(O)=O,,2.5345000000000004,,331.3430000000001,0.5267026070841933;;;;;;;;;;
RLHF_0575,Docking intermedio,CAN_dcf9d8d8f6743eac,MOL_42d82ad2c9ceedb1,CC(C)CCOC1=CC=C(C(=O)N2CCN(C(=O)C3=CC=C4C=CC=CC4=C3)CC2)C=N1,CC(C)CCOC1=CC=C(C(=O)N2CCN(C(=O)C3=CC=C4C=CC=CC4=C3)CC2)C=N1,BACE1,-8.468,True,False,False,,4.257900000000004,,431.5360000000001,,,,,,,0.5305984921871709,False,True,,-8.468,,,,,,,,,,,,,,,,CAN_dcf9d8d8f6743eac,MOL_42d82ad2c9ceedb1,,,,1.0,reward_results_9.csv,bace_3,bace_3/reward_results_9.csv,bace_3,intermediate,CC(C)CCOC1=CC=C(C(=O)N2CCN(C(=O)C3=CC=C4C=CC=CC4=C3)CC2)C=N1,,4.257900000000004,,431.5360000000001,0.5305984921871709;;;;;;;;;;
RLHF_0576,Docking intermedio,CAN_76f85de7e1b3ec6e,MOL_41aca1ccfcdc503a,CC(C)(NC(=O)c1ccc([N+](=O)[O-])o1)C(=O)Nc1ccc(Cl)cc1,CC(C)(NC(=O)C1=CC=C([N+1](=O)[O-1])O1)C(=O)NC2=CC=C(Cl)C=C2,BACE1,-8.468,True,False,False,0.6343916882823241,2.9883000000000006,2.31562878032138,351.746,,,,,,,0.5305984921871709,True,False,-8.468,,2.0,5.0,5.0,114.48,2.0,24.0,0.2678921,0.09957961,True,,,0.5982023888410042,1.0,CAN_396b0d0d20dc60bd,MOL_41aca1ccfcdc503a,,,bace_pool_final_nontoxic-4.csv,/content/bace_pool_final_nontoxic-4.csv,reward_results_7.csv,,,,,,,,,,,,0.5305984921871709;;;;;;;;;;
RLHF_0577,Docking intermedio,CAN_71d3bf523229627f,MOL_c429cc3f854c7f50,Cc1ccc(CNC(=O)c2cccc(N3CCNC3=O)c2)cc1F,CC1=CC=C(CNC(=O)C2=CC=CC(N3CCNC3=O)=C2)C=C1F,BACE1,-8.464,True,False,False,0.9066114220921784,2.59372,2.056495473673277,327.35900000000004,,,,,,,0.5318830813292339,True,False,-8.464,,2.0,2.0,4.0,61.440000000000005,3.0,24.0,0.0833494,0.033532266,True,,,0.6464768555440331,1.0,CAN_aaf4ab2fd1140b0b,MOL_c429cc3f854c7f50,,,bace_pool_final_nontoxic-4.csv,/content/bace_pool_final_nontoxic-4.csv,reward_results_18.csv,,,,,,,,,,,,0.5318830813292339;;;;;;;;;;
RLHF_0578,Docking intermedio,CAN_820f61085b37805b,MOL_d57a0db17d5d653f,CC1=N[NH1]C(C)=C1CC(=O)N2CCCC(C3=NC(C4=CC=CC=C4)=CS3)C2,CC1=N[NH1]C(C)=C1CC(=O)N2CCCC(C3=NC(C4=CC=CC=C4)=CS3)C2,BACE1,-8.464,True,False,False,,4.098740000000004,,380.51700000000005,,,,,,,0.5318830813292339,False,True,,-8.464,,,,,,,,,,,,,,,,CAN_820f61085b37805b,MOL_d57a0db17d5d653f,,,,1.0,reward_results_8.csv,bace_3,bace_3/reward_results_8.csv,bace_3,intermediate,CC1=N[NH1]C(C)=C1CC(=O)N2CCCC(C3=NC(C4=CC=CC=C4)=CS3)C2,,4.098740000000004,,380.51700000000005,0.5318830813292339;;;;;;;;;;
RLHF_0579,Docking intermedio,CAN_d4974e58fc798335,MOL_e0033e2df1e8c798,CC1=CC=C(NC(=O)CN2C=NC3=C(C=NN3CC(=O)O)C2=O)C=C1Cl,CC1=CC=C(NC(=O)CN2C=NC3=C(C=NN3CC(=O)O)C2=O)C=C1Cl,BACE1,-8.463,True,False,False,,1.2781199999999997,,375.7720000000001,,,,,,,0.5323463757739123,False,True,,-8.463,,,,,,,,,,,,,,,,CAN_d4974e58fc798335,MOL_e0033e2df1e8c798,,,,1.0,reward_results_9.csv,bace_3,bace_3/reward_results_9.csv,bace_3,intermediate,CC1=CC=C(NC(=O)CN2C=NC3=C(C=NN3CC(=O)O)C2=O)C=C1Cl,,1.2781199999999997,,375.7720000000001,0.5323463757739123;;;;;;;;;;
RLHF_0580,Docking intermedio,CAN_ad5036723b6ed0e7,MOL_a73488003f741094,C[C@@H1](O)C[C@@H1]1C2=CC=CC=C2CCN1C(=O)C3=CC=C(NC(=O)C4=CC=C5C(=C4)OCCO5)C=C3,C[C@@H1](O)C[C@@H1]1C2=CC=CC=C2CCN1C(=O)C3=CC=C(NC(=O)C4=CC=C5C(=C4)OCCO5)C=C3,BACE1,-8.462,True,False,False,,4.220600000000004,,472.5410000000002,,,,,,,0.5328307290569853,False,True,,-8.462,,,,,,,,,,,,,,,,CAN_ad5036723b6ed0e7,MOL_a73488003f741094,,,,1.0,reward_results_10.csv,bace_3,bace_3/reward_results_10.csv,bace_3,intermediate,C[C@@H1](O)C[C@@H1]1C2=CC=CC=C2CCN1C(=O)C3=CC=C(NC(=O)C4=CC=C5C(=C4)OCCO5)C=C3,,4.220600000000004,,472.5410000000002,0.5328307290569853;;;;;;;;;;
RLHF_0581,Docking intermedio,CAN_13864c479b0619da,MOL_3c0e6dbbf1c92a0e,N#C[C@@H1](C(=O)C1=CC=CC(N2CCNC2=O)=C1)C(=O)NC3=CC=C([N+1](=O)[O-1])C=C3,N#C[C@@H1](C(=O)C1=CC=CC(N2CCNC2=O)=C1)C(=O)NC3=CC=C([N+1](=O)[O-1])C=C3,BACE1,-8.46,True,False,False,,2.08558,,393.3590000000001,,,,,,,0.5335467295623973,False,True,,-8.46,,,,,,,,,,,,,,,,CAN_13864c479b0619da,MOL_3c0e6dbbf1c92a0e,,,,1.0,reward_results_13.csv,bace_3,bace_3/reward_results_13.csv,bace_3,intermediate,N#C[C@@H1](C(=O)C1=CC=CC(N2CCNC2=O)=C1)C(=O)NC3=CC=C([N+1](=O)[O-1])C=C3,,2.08558,,393.3590000000001,0.5335467295623973;;;;;;;;;;
RLHF_0582,Docking intermedio,CAN_c5e74f0107de4274,MOL_a51f3e24dd8fcf87,CCN(C1=CC=C2C(=C1)OCO2)C(=O)C3=CC=C4[NH1]C(=O)C(=O)[NH1]C4=C3,CCN(C1=CC=C2C(=C1)OCO2)C(=O)C3=CC=C4[NH1]C(=O)C(=O)[NH1]C4=C3,BACE1,-8.452,True,False,False,,1.6117999999999997,,353.334,,,,,,,0.5361790843617066,False,True,,-8.452,,,,,,,,,,,,,,,,CAN_c5e74f0107de4274,MOL_a51f3e24dd8fcf87,,,,1.0,reward_results_13.csv,bace_4,bace_4/reward_results_13.csv,bace_4,intermediate,CCN(C1=CC=C2C(=C1)OCO2)C(=O)C3=CC=C4[NH1]C(=O)C(=O)[NH1]C4=C3,,1.6117999999999997,,353.334,0.5361790843617066;;;;;;;;;;
RLHF_0583,Docking intermedio,CAN_1afabaf6d6059a5d,MOL_338aacc86961e609,CS(=O)(=O)Nc1cc(C(=O)Nc2cccc(C#N)c2)ccc1CCCc1cnc[nH]1,CS(=O)(=O)NC1=CC(=CC=C1CCCC2=CN=C[NH1]2)C(=O)NC3=CC=CC(=C3)C#N,BACE1,-8.449,True,False,False,0.5129113328063263,3.080480000000001,2.465012494276652,423.4980000000001,,,,,,,0.5372530851198248,True,False,-8.449,,3.0,5.0,8.0,127.73999999999998,3.0,30.0,0.30230466,0.12799434,True,,,0.57027907112226,1.0,CAN_fc27be37b61b2d19,MOL_338aacc86961e609,,,bace_pool_final_nontoxic-5.csv,/content/bace_pool_final_nontoxic-5.csv,reward_results_9.csv,,,,,,,,,,,,0.5372530851198248;;;;;;;;;;
RLHF_0584,Docking intermedio,CAN_2d763f70e722f43b,MOL_d1189775648ece86,FC1=CC=C(CNC2=CC=C3N=CC=NC3=C2)C=C1CNC4CN5CCC4C5C,FC1=CC=C(CNC2=CC=C3N=CC=NC3=C2)C=C1CNC4CN5CCC4C5C,BACE1,-8.448,True,False,False,,3.563200000000002,,391.4940000000002,,,,,,,0.5376742618877143,False,True,,-8.448,,,,,,,,,,,,,,,,CAN_2d763f70e722f43b,MOL_d1189775648ece86,,,,1.0,reward_results_20.csv,bace_3,bace_3/reward_results_20.csv,bace_3,intermediate,FC1=CC=C(CNC2=CC=C3N=CC=NC3=C2)C=C1CNC4CN5CCC4C5C,,3.563200000000002,,391.4940000000002,0.5376742618877143;;;;;;;;;;
RLHF_0585,Docking intermedio,CAN_a912a9fb2796fdf3,MOL_ecf3712a0705e3c0,O=C(COC(=O)Nc1cc(F)c(C(=O)N2CCCC2)cc1OF)Nc1cncs1,O=C(COC(=O)NC1=CC(F)=C(C=C1OF)C(=O)N2CCCC2)NC3=CN=CS3,BACE1,-8.444,True,False,False,0.735032562201449,2.968700000000001,2.881304133528732,426.4010000000002,,,,,,,0.5396959103735838,True,False,-8.444,,2.0,7.0,6.0,109.86,3.0,29.0,0.46739483,0.18802321,True,,,0.5914161285058077,1.0,CAN_1d89f803278e64a7,MOL_ecf3712a0705e3c0,,,bace_pool_final_nontoxic-5.csv,/content/bace_pool_final_nontoxic-5.csv,reward_results_1.csv,,,,,,,,,,,,0.5396959103735838;;;;;;;;;;
RLHF_0586,Docking intermedio,CAN_9a4a32199eb82c31,MOL_766a02bf105757f7,SCCCOC1=CC(=CC=C1C=2N=N[NH1]N=2)C3=CC=CC(=C3)C=C4N=C[NH1]C4,SCCCOC1=CC(=CC=C1C=2N=N[NH1]N=2)C3=CC=CC(=C3)C=C4N=C[NH1]C4,BACE1,-8.439,True,False,False,,3.2048000000000005,,392.4880000000001,,,,,,,0.5418439118898202,False,True,,-8.439,,,,,,,,,,,,,,,,CAN_9a4a32199eb82c31,MOL_766a02bf105757f7,,,,1.0,reward_results_26.csv,bace_4,bace_4/reward_results_26.csv,bace_4,intermediate,SCCCOC1=CC(=CC=C1C=2N=N[NH1]N=2)C3=CC=CC(=C3)C=C4N=C[NH1]C4,,3.2048000000000005,,392.4880000000001,0.5418439118898202;;;;;;;;;;
RLHF_0587,Docking intermedio,CAN_1007bda0d9782baf,MOL_41229c1233cc082f,c1ccc(CN2CCN(CCc3nc(-c4ccccc4)no3)CC2)cc1,C1=CC=C(C2=NOC(CCN3CCN(CC4=CC=CC=C4)CC3)=N2)C=C1,BACE1,-8.433,True,False,False,0.6849034882167397,3.096900000000001,1.8855022705287483,348.45000000000005,,,,,,,0.5443920313355516,True,False,-8.433,,0.0,5.0,6.0,45.400000000000006,4.0,26.0,0.05845775,0.018081421,True,,,0.5596974649526527,1.0,CAN_2f935b1a913b50df,MOL_41229c1233cc082f,,,bace_pool_final_nontoxic-4.csv,/content/bace_pool_final_nontoxic-4.csv,reward_results_1.csv,,,,,,,,,,,,0.5443920313355516;;;;;;;;;;
RLHF_0588,Docking intermedio,CAN_a3420de60f0f38bd,MOL_6066aa97971abff1,CC1=CC(NC(=O)C2=CC=CC(=C2)C3=CC=CN=C3)=CC=C1N,CC1=CC(NC(=O)C2=CC=CC(=C2)C3=CC=CN=C3)=CC=C1N,BACE1,-8.427,True,False,False,,3.8915200000000016,,303.36500000000007,,,,,,,0.546855915427705,False,True,,-8.427,,,,,,,,,,,,,,,,CAN_a3420de60f0f38bd,MOL_6066aa97971abff1,,,,1.0,reward_results_27.csv,bace_4,bace_4/reward_results_27.csv,bace_4,intermediate,CC1=CC(NC(=O)C2=CC=CC(=C2)C3=CC=CN=C3)=CC=C1N,,3.8915200000000016,,303.36500000000007,0.546855915427705;;;;;;;;;;
RLHF_0589,Docking intermedio,CAN_9a722771ad44ea45,MOL_b638faf25b8dd4f0,CCOC1=CC=C(N=C1)C2=CC=CC(=N2)C3=CC=CC(N4C=CN=N4)=N3,CCOC1=CC=C(N=C1)C2=CC=CC(=N2)C3=CC=CC(N4C=CN=N4)=N3,BACE1,-8.42,True,False,False,,3.1850000000000014,,344.37800000000004,,,,,,,0.5494882702270143,False,True,,-8.42,,,,,,,,,,,,,,,,CAN_9a722771ad44ea45,MOL_b638faf25b8dd4f0,,,,1.0,reward_results_6.csv,bace_4,bace_4/reward_results_6.csv,bace_4,intermediate,CCOC1=CC=C(N=C1)C2=CC=CC(=N2)C3=CC=CC(N4C=CN=N4)=N3,,3.1850000000000014,,344.37800000000004,0.5494882702270143;;;;;;;;;;
RLHF_0590,Docking intermedio,CAN_ac59971e7991b49e,MOL_33e4c9d906a54a40,CC1=CC=CC=C1NC2=NC(NC3=CC=CC(O)=C3)=NC=C2C(N)=O,CC1=CC=CC=C1NC2=NC(NC3=CC=CC(O)=C3)=NC=C2C(N)=O,BACE1,-8.419,True,False,False,,3.07672,,335.36700000000013,,,,,,,0.5499094469949037,False,True,,-8.419,,,,,,,,,,,,,,,,CAN_ac59971e7991b49e,MOL_33e4c9d906a54a40,,,,1.0,reward_results_10.csv,bace_3,bace_3/reward_results_10.csv,bace_3,intermediate,CC1=CC=CC=C1NC2=NC(NC3=CC=CC(O)=C3)=NC=C2C(N)=O,,3.07672,,335.36700000000013,0.5499094469949037;;;;;;;;;;
RLHF_0591,Docking intermedio,CAN_a37e59cb714f2de4,MOL_9e693bd6f94a533a,O=C(Nc1ccc(OCc2ccc(C(F)(F)F)cc2)cc1)N1CCNCC1,O=C(NC1=CC=C(OCC2=CC=C(C(F)(F)F)C=C2)C=C1)N3CCNCC3,BACE1,-8.414,True,False,False,0.851412339179502,3.7215000000000025,2.027695392407452,379.3820000000001,,,,,,,0.5515099187128838,True,False,-8.414,,2.0,3.0,4.0,53.6,3.0,27.0,0.18832122,0.070865236,True,,,0.3898000484188831,1.0,CAN_8e26866bc0e12e80,MOL_9e693bd6f94a533a,,,bace_pool_final_nontoxic-4.csv,/content/bace_pool_final_nontoxic-4.csv,reward_results_3.csv,,,,,,,,,,,,0.5515099187128838;;;;;;;;;;
RLHF_0592,Docking intermedio,CAN_f5c838c0c2e4e5f6,MOL_18c743fabba4bef9,COCCN(C)C(=O)C1=CC=CC(=C1)C2=CC=C(N=C2)C(=O)N3CCCCC3=O,COCCN(C)C(=O)C1=CC=CC(=C1)C2=CC=C(N=C2)C(=O)N3CCCCC3=O,BACE1,-8.413,True,False,False,,2.619700000000001,,395.4590000000003,,,,,,,0.5520153308343512,False,True,,-8.413,,,,,,,,,,,,,,,,CAN_f5c838c0c2e4e5f6,MOL_18c743fabba4bef9,,,,1.0,reward_results_9.csv,bace_4,bace_4/reward_results_9.csv,bace_4,intermediate,COCCN(C)C(=O)C1=CC=CC(=C1)C2=CC=C(N=C2)C(=O)N3CCCCC3=O,,2.619700000000001,,395.4590000000003,0.5520153308343512;;;;;;;;;;
RLHF_0593,Docking intermedio,CAN_f1d3685893ee6cd9,MOL_e6092b5c252b8629,CC=CC1=C(O)C=NC(N2CCC(C)(CCC3CCOCC3)CC2)=C1,CC=CC1=C(O)C=NC(N2CCC(C)(CCC3CCOCC3)CC2)=C1,BACE1,-8.412,True,False,False,,4.633600000000004,,344.49900000000014,,,,,,,0.5526049783093965,False,True,,-8.412,,,,,,,,,,,,,,,,CAN_f1d3685893ee6cd9,MOL_e6092b5c252b8629,,,,1.0,reward_results_3.csv,bace_4,bace_4/reward_results_3.csv,bace_4,intermediate,CC=CC1=C(O)C=NC(N2CCC(C)(CCC3CCOCC3)CC2)=C1,,4.633600000000004,,344.49900000000014,0.5526049783093965;;;;;;;;;;
RLHF_0594,Docking intermedio,CAN_c47a2b143b84afa7,MOL_0ec4c6552b0de3db,CCOC(=O)C1=CC=CC(=C1)C2=CC=C(N=C2)C(=O)N3CCCC3C#N,CCOC(=O)C1=CC=CC(=C1)C2=CC=C(N=C2)C(=O)N3CCCC3C#N,BACE1,-8.412,True,False,False,,3.0534800000000013,,349.39000000000016,,,,,,,0.5526049783093965,False,True,,-8.412,,,,,,,,,,,,,,,,CAN_c47a2b143b84afa7,MOL_0ec4c6552b0de3db,,,,1.0,reward_results_26.csv,bace_4,bace_4/reward_results_26.csv,bace_4,intermediate,CCOC(=O)C1=CC=CC(=C1)C2=CC=C(N=C2)C(=O)N3CCCC3C#N,,3.0534800000000013,,349.39000000000016,0.5526049783093965;;;;;;;;;;
RLHF_0595,Docking intermedio,CAN_421e54a80cf07937,MOL_ce48630a5c20d101,CC(C)NC(=O)NC(=O)CNC(=O)c1ccc2ccccc2c1,CC(C)NC(=O)NC(=O)CNC(=O)C1=CC=C2C=CC=CC2=C1,BACE1,-8.411,True,False,False,0.8041512633809995,1.8038,1.8680371287430653,313.357,,,,,,,0.5532788611380196,True,False,-8.411,,3.0,3.0,4.0,87.30000000000001,2.0,23.0,0.10731981,0.040134016,True,,,0.5270060204150547,1.0,CAN_93ae98c652c8d94d,MOL_ce48630a5c20d101,,,bace_pool_final_nontoxic-4.csv,/content/bace_pool_final_nontoxic-4.csv,reward_results_24.csv,,,,,,,,,,,,0.5532788611380196;;;;;;;;;;
RLHF_0596,Docking intermedio,CAN_4e761ca3a089de7e,MOL_d88166b3f320887f,CCCCC1=CC=C(NC(=O)C2=CC3=CN=CN=C3C(=O)C2)C=C1,CCCCC1=CC=C(NC(=O)C2=CC3=CN=CN=C3C(=O)C2)C=C1,BACE1,-8.41,True,False,False,,3.427700000000001,,321.38000000000005,,,,,,,0.5538895674514593,False,True,,-8.41,,,,,,,,,,,,,,,,CAN_4e761ca3a089de7e,MOL_d88166b3f320887f,,,,1.0,reward_results_7.csv,bace_3,bace_3/reward_results_7.csv,bace_3,intermediate,CCCCC1=CC=C(NC(=O)C2=CC3=CN=CN=C3C(=O)C2)C=C1,,3.427700000000001,,321.38000000000005,0.5538895674514593;;;;;;;;;;
RLHF_0597,Docking intermedio,CAN_f874e396ccfc3d23,MOL_59d5356e7127486a,CC1=CC=C(C)C=C1NC(=O)C2=CC=C(C=C2)C(=O)N3CCCCC3,CC1=CC=C(C)C=C1NC(=O)C2=CC=C(C=C2)C(=O)N3CCCCC3,BACE1,-8.409,True,False,False,,4.181840000000003,,336.43500000000023,,,,,,,0.5544581560881102,False,True,,-8.409,,,,,,,,,,,,,,,,CAN_f874e396ccfc3d23,MOL_59d5356e7127486a,,,,1.0,reward_results_6.csv,bace_4,bace_4/reward_results_6.csv,bace_4,intermediate,CC1=CC=C(C)C=C1NC(=O)C2=CC=C(C=C2)C(=O)N3CCCCC3,,4.181840000000003,,336.43500000000023,0.5544581560881102;;;;;;;;;;
RLHF_0598,Docking intermedio,CAN_25a5c10d00bb8ce5,MOL_21859da1d97d0cfb,CC(C)Cc1ccc(-c2ccc(-c3nnnn3C)nc2)cc1,CC(C)CC1=CC=C(C=C1)C2=CC=C(N=C2)C3=NN=NN3C,BACE1,-8.404,True,False,False,0.741258744781529,3.137600000000001,2.192718961582361,293.374,,,,,,,0.5562902750284294,True,False,-8.404,,0.0,4.0,4.0,56.49,3.0,22.0,0.14435393,0.048693035,True,,,0.5379061077354611,1.0,CAN_b09d6e771351dc49,MOL_21859da1d97d0cfb,,,bace_pool_final_nontoxic-5.csv,/content/bace_pool_final_nontoxic-5.csv,reward_results_27.csv,,,,,,,,,,,,0.5562902750284294;;;;;;;;;;
RLHF_0599,Docking intermedio,CAN_7744a637afa32bc1,MOL_58093d7b4b6846d1,C[C@@H1]1C(=O)N(C2=CC=C3N=CC=CC3=C2)C(=O)N1C4=CC=CC=C4,C[C@@H1]1C(=O)N(C2=CC=C3N=CC=CC3=C2)C(=O)N1C4=CC=CC=C4,BACE1,-8.395,True,False,False,,3.5965000000000016,,317.348,,,,,,,0.562355220486038,False,True,,-8.395,,,,,,,,,,,,,,,,CAN_7744a637afa32bc1,MOL_58093d7b4b6846d1,,,,1.0,reward_results_6.csv,bace_3,bace_3/reward_results_6.csv,bace_3,intermediate,C[C@@H1]1C(=O)N(C2=CC=C3N=CC=CC3=C2)C(=O)N1C4=CC=CC=C4,,3.5965000000000016,,317.348,0.562355220486038;;;;;;;;;;
RLHF_0600,Docking intermedio,CAN_8097acb2d6ae689a,MOL_5fba5a5aca2185e7,CC1=CC=C(NC(=O)C2=CN=C3C(=C2)NC(=O)CO3)C=C1Cl,CC1=CC=C(NC(=O)C2=CN=C3C(=C2)NC(=O)CO3)C=C1Cl,BACE1,-8.391,True,False,False,,2.62662,,317.7320000000001,,,,,,,0.564355810133513,False,True,,-8.391,,,,,,,,,,,,,,,,CAN_8097acb2d6ae689a,MOL_5fba5a5aca2185e7,,,,1.0,reward_results_11.csv,bace_3,bace_3/reward_results_11.csv,bace_3,intermediate,CC1=CC=C(NC(=O)C2=CN=C3C(=C2)NC(=O)CO3)C=C1Cl,,2.62662,,317.7320000000001,0.564355810133513;;;;;;;;;;
RLHF_0601,Docking intermedio,CAN_1bf1a84997a9dd12,MOL_f15a986736aa250d,Cc1ccc(NC(=O)NCc2ccc(S(N)(=O)=O)cc2)cc1Cl,CC1=CC=C(NC(=O)NCC2=CC=C(S(N)(=O)=O)C=C2)C=C1Cl,BACE1,-8.389,True,False,False,0.7869140878432891,2.6175200000000007,1.8092474652815265,353.831,,,,,,,0.5653876932148423,True,False,-8.389,,3.0,3.0,4.0,101.29,2.0,23.0,0.061053682,0.017918743,True,,,0.6087834302290613,1.0,CAN_29434b1882dea06f,MOL_f15a986736aa250d,,,bace_pool_final_nontoxic-4.csv,/content/bace_pool_final_nontoxic-4.csv,reward_results_4.csv,,,,,,,,,,,,0.5653876932148423;;;;;;;;;;
RLHF_0602,Docking intermedio,CAN_8d8c6ab45bbaf2e4,MOL_78af6a041ad9d247,O=C(COC1=CC=CC=C1C2=CC=CC=C2)N3CCC(C(=O)N4CCCC4)CC3,O=C(COC1=CC=CC=C1C2=CC=CC=C2)N3CCC(C(=O)N4CCCC4)CC3,BACE1,-8.382,True,False,False,,3.5934000000000017,,392.49900000000025,,,,,,,0.5682306363980962,False,True,,-8.382,,,,,,,,,,,,,,,,CAN_8d8c6ab45bbaf2e4,MOL_78af6a041ad9d247,,,,1.0,reward_results_18.csv,bace_3,bace_3/reward_results_18.csv,bace_3,intermediate,O=C(COC1=CC=CC=C1C2=CC=CC=C2)N3CCC(C(=O)N4CCCC4)CC3,,3.5934000000000017,,392.49900000000025,0.5682306363980962;;;;;;;;;;
RLHF_0603,Docking intermedio,CAN_41e592ae5cb16bfd,MOL_7365c7fefc70222d,COC1=CC=CC(C2=CN=C(C3=CC=C4N=CC=NC4=C3)N2C)=C1,COC1=CC=CC(C2=CN=C(C3=CC=C4N=CC=NC4=C3)N2C)=C1,BACE1,-8.382,True,False,False,,3.7059000000000015,,316.36400000000003,,,,,,,0.5682306363980962,False,True,,-8.382,,,,,,,,,,,,,,,,CAN_41e592ae5cb16bfd,MOL_7365c7fefc70222d,,,,1.0,reward_results_9.csv,bace_3,bace_3/reward_results_9.csv,bace_3,intermediate,COC1=CC=CC(C2=CN=C(C3=CC=C4N=CC=NC4=C3)N2C)=C1,,3.7059000000000015,,316.36400000000003,0.5682306363980962;;;;;;;;;;
RLHF_0604,Docking intermedio,CAN_f82475811f590c2f,MOL_7624c95df95770a2,CN(CC1=CC=CC(=C1)C2=CN=C[NH1]2)C(=O)NC3=CC=CC(=C3)C(N)=O,CN(CC1=CC=CC(=C1)C2=CN=C[NH1]2)C(=O)NC3=CC=CC(=C3)C(N)=O,BACE1,-8.381,True,False,False,,2.8395,,349.3940000000001,,,,,,,0.5686096954891968,False,True,,-8.381,,,,,,,,,,,,,,,,CAN_f82475811f590c2f,MOL_7624c95df95770a2,,,,1.0,reward_results_16.csv,bace_4,bace_4/reward_results_16.csv,bace_4,intermediate,CN(CC1=CC=CC(=C1)C2=CN=C[NH1]2)C(=O)NC3=CC=CC(=C3)C(N)=O,,2.8395,,349.3940000000001,0.5686096954891968;;;;;;;;;;
RLHF_0605,Docking intermedio,CAN_51e2c21d0a36cf3e,MOL_c80d5f703c2f1de6,CNC(=O)C1=CC=CC(NC(=O)C2=CC=C3C(=C2)NC(=O)CO3)=C1C,CNC(=O)C1=CC=CC(NC(=O)C2=CC=C3C(=C2)NC(=O)CO3)=C1C,BACE1,-8.374,True,False,False,,1.93782,,339.3510000000001,,,,,,,0.5716632270563956,False,True,,-8.374,,,,,,,,,,,,,,,,CAN_51e2c21d0a36cf3e,MOL_c80d5f703c2f1de6,,,,1.0,reward_results_19.csv,bace_3,bace_3/reward_results_19.csv,bace_3,intermediate,CNC(=O)C1=CC=CC(NC(=O)C2=CC=C3C(=C2)NC(=O)CO3)=C1C,,1.93782,,339.3510000000001,0.5716632270563956;;;;;;;;;;
RLHF_0606,Docking intermedio,CAN_48f392d90ab01b77,MOL_c0350219fc020d9c,CCOC1=NC=CC=C1C(=O)NC2=CC=C3C(=C2)C(=O)N=C4N3CCCC4,CCOC1=NC=CC=C1C(=O)NC2=CC=C3C(=C2)C(=O)N=C4N3CCCC4,BACE1,-8.371,True,False,False,,2.7788000000000004,,364.4050000000002,,,,,,,0.5730320515520364,False,True,,-8.371,,,,,,,,,,,,,,,,CAN_48f392d90ab01b77,MOL_c0350219fc020d9c,,,,1.0,reward_results_19.csv,bace_3,bace_3/reward_results_19.csv,bace_3,intermediate,CCOC1=NC=CC=C1C(=O)NC2=CC=C3C(=C2)C(=O)N=C4N3CCCC4,,2.7788000000000004,,364.4050000000002,0.5730320515520364;;;;;;;;;;
RLHF_0607,Docking intermedio,CAN_2be8990f5b9fbc81,MOL_b893522344159a84,C[C@H]1CC(C)(C)CN1C(=O)Nc1ccc(-c2nnn[nH]2)cc1,C[C@H1]1CC(C)(C)CN1C(=O)NC2=CC=C(C3=NN=N[NH1]3)C=C2,BACE1,-8.368,True,False,False,0.8918593009477149,2.519,3.2223634008108304,300.366,,,,,,,0.5741271111485491,True,False,-8.368,,2.0,4.0,2.0,86.80000000000001,3.0,22.0,0.16066442,0.057530478,True,,,0.6011396630646652,1.0,CAN_f3f8d8fd7048c6d7,MOL_b893522344159a84,,,bace_pool_final_nontoxic-4.csv,/content/bace_pool_final_nontoxic-4.csv,reward_results_12.csv,,,,,,,,,,,,0.5741271111485491;;;;;;;;;;
RLHF_0608,Docking intermedio,CAN_e79afbb2cff192ad,MOL_b536f41e339bcd61,Cc1cc(F)cc(C(=O)NCC(=O)Nc2ccc(C)c(C(N)=O)c2)c1,CC1=CC(F)=CC(C(=O)NCC(=O)NC2=CC=C(C)C(C(N)=O)=C2)=C1,BACE1,-8.36,True,False,False,0.7727206227449566,1.90994,1.9874021411540177,343.3580000000001,,,,,,,0.5775807606452428,True,False,-8.36,,3.0,3.0,5.0,101.29,2.0,25.0,0.077372774,0.025523389,True,,,0.5290080807224562,1.0,CAN_62e6f14d9f57138f,MOL_b536f41e339bcd61,,,bace_pool_final_nontoxic-5.csv,/content/bace_pool_final_nontoxic-5.csv,reward_results_9.csv,,,,,,,,,,,,0.5775807606452428;;;;;;;;;;
RLHF_0609,Docking intermedio,CAN_dc17fe0fed07ba94,MOL_73a1afa8cf28e500,O=C(NC1CCCCC1)NC2=CC=CC(=C2)C=CN=C3[NH1]C(=O)NC3=C,O=C(NC1CCCCC1)NC2=CC=CC(=C2)C=CN=C3[NH1]C(=O)NC3=C,BACE1,-8.359,True,False,False,,3.336500000000001,,353.42600000000016,,,,,,,0.5779808785747378,False,True,,-8.359,,,,,,,,,,,,,,,,CAN_dc17fe0fed07ba94,MOL_73a1afa8cf28e500,,,,1.0,reward_results_18.csv,bace_4,bace_4/reward_results_18.csv,bace_4,intermediate,O=C(NC1CCCCC1)NC2=CC=CC(=C2)C=CN=C3[NH1]C(=O)NC3=C,,3.336500000000001,,353.42600000000016,0.5779808785747378;;;;;;;;;;
RLHF_0610,Docking intermedio,CAN_fe3b9e34c864e20e,MOL_558f9212e0d413ee,Cc1cc(Cc2ccc(NC(=O)CCC(=O)O)cc2)c(C)nc1C,CC1=NC(C)=C(CC2=CC=C(NC(=O)CCC(=O)O)C=C2)C=C1C,BACE1,-8.356,True,False,False,0.8524570386924469,3.4009600000000013,2.1036768599340743,326.396,,,,,,,0.5790338204944615,True,False,-8.356,,2.0,3.0,6.0,79.29,2.0,24.0,0.08544161,0.033795185,True,,,0.45331428447488,1.0,CAN_f559c1cdbcfdd91b,MOL_558f9212e0d413ee,,,bace_pool_final_nontoxic-5.csv,/content/bace_pool_final_nontoxic-5.csv,reward_results_4.csv,,,,,,,,,,,,0.5790338204944615;;;;;;;;;;
RLHF_0611,Docking intermedio,CAN_8d5cefd78c51e6d4,MOL_5f43d04c30554bc5,C[C@@H](COc1cccc(F)c1)NC(=O)NC(C(=O)Nc1ccccn1)c1ccccc1,C[C@@H1](COC1=CC=CC(F)=C1)NC(=O)NC(C(=O)NC2=CC=CC=N2)C3=CC=CC=C3,BACE1,-8.352,True,False,False,0.5165386751890988,3.667200000000002,2.930191905902225,422.46,,,,,,,0.5806342922124416,True,False,-8.352,,3.0,4.0,8.0,92.35,3.0,31.0,0.19650376,0.07818274,True,,,0.3838189856956832,1.0,CAN_6a4c7a6448dd32b8,MOL_5f43d04c30554bc5,,,bace_pool_final_nontoxic-4.csv,/content/bace_pool_final_nontoxic-4.csv,reward_results_10.csv,,,,,,,,,,,,0.5806342922124416;;;;;;;;;;
RLHF_0612,Docking intermedio,CAN_6207a56b06874087,MOL_a845ac2ced2c94d1,COc1ccc2cc(C(=O)NCc3ccc(F)cc3)c(=O)oc2c1,COC1=CC=C2C=C(C(=O)NCC3=CC=C(F)C=C3)C(=O)OC2=C1,BACE1,-8.35,True,False,False,0.7482774596985694,2.870700000000001,1.8840986410940896,327.3110000000001,,,,,,,0.5817293518089542,True,False,-8.35,,1.0,4.0,4.0,68.53999999999999,3.0,24.0,0.17684172,0.055473786,True,,,0.5639816966644063,1.0,CAN_5b7bda70671b03ec,MOL_a845ac2ced2c94d1,,,bace_pool_final_nontoxic-4.csv,/content/bace_pool_final_nontoxic-4.csv,reward_results_7.csv,,,,,,,,,,,,0.5817293518089542;;;;;;;;;;
RLHF_0613,Docking intermedio,CAN_683f69535a31184c,MOL_86f19f9cb06bbeb9,CC[NH1+1](CC)C(=O)NC1=CC=CC(=C1)C2=CC=C3C(=C2)NN=C3C(N)=O,CC[NH1+1](CC)C(=O)NC1=CC=CC(=C1)C2=CC=C3C(=C2)NN=C3C(N)=O,BACE1,-8.326,True,False,False,,1.7853999999999992,,352.41800000000006,,,,,,,0.5903845343890831,False,True,,-8.326,,,,,,,,,,,,,,,,CAN_683f69535a31184c,MOL_86f19f9cb06bbeb9,,,,1.0,reward_results_9.csv,bace_4,bace_4/reward_results_9.csv,bace_4,intermediate,CC[NH1+1](CC)C(=O)NC1=CC=CC(=C1)C2=CC=C3C(=C2)NN=C3C(N)=O,,1.7853999999999992,,352.41800000000006,0.5903845343890831;;;;;;;;;;
RLHF_0614,Docking intermedio,CAN_0e92d0f4aeb7ea82,MOL_51ccef2edbe1ad32,CC(C)[NH+][C@H]1CCCN(C(=O)c2ccc3c(c2)NC(=O)CS3)[C@@H]1c1ccccc1,CC(C)[NH1+1][C@H1]1CCCN(C(=O)C2=CC=C3C(=C2)NC(=O)CS3)[C@@H1]1C4=CC=CC=C4,BACE1,-8.324,True,False,False,0.8161940790753219,2.8343000000000016,3.808111589316569,409.5550000000002,,,,,,,0.5911847702480731,True,False,-8.324,,2.0,4.0,4.0,65.01,4.0,29.0,0.10173111,0.04501344,True,,,0.556239571689698,1.0,CAN_15dbb612c79d81f6,MOL_51ccef2edbe1ad32,,,bace_pool_final_nontoxic-4.csv,/content/bace_pool_final_nontoxic-4.csv,reward_results_11.csv,,,,,,,,,,,,0.5911847702480731;;;;;;;;;;
RLHF_0615,Docking intermedio,CAN_64f5ce08add29270,MOL_6f2eaff0aa69ae7a,COC1=CC=C(CN[C@@H1]2CCN(C(=O)C3=CC=CC(F)=C3)C2)C=C1C#N,COC1=CC=C(CN[C@@H1]2CCN(C(=O)C3=CC=CC(F)=C3)C2)C=C1C#N,BACE1,-8.323,True,False,False,,2.710280000000001,,353.3970000000001,,,,,,,0.5915427705007792,False,True,,-8.323,,,,,,,,,,,,,,,,CAN_64f5ce08add29270,MOL_6f2eaff0aa69ae7a,,,,1.0,reward_results_16.csv,bace_3,bace_3/reward_results_16.csv,bace_3,intermediate,COC1=CC=C(CN[C@@H1]2CCN(C(=O)C3=CC=CC(F)=C3)C2)C=C1C#N,,2.710280000000001,,353.3970000000001,0.5915427705007792;;;;;;;;;;
RLHF_0616,Docking intermedio,CAN_21d50ccc3fea0411,MOL_373e0b7f7285ea0d,COCCCN(C)C(=O)c1ccc2c(c1)C(=O)c1ccccc1C2=O,COCCCN(C)C(=O)C1=CC=C2C(=C1)C(=O)C3=CC=CC=C3C2=O,BACE1,-8.313,True,False,False,0.671401062024591,2.570500000000001,2.0785380493634555,337.37500000000006,,,,,,,0.5960493619171966,True,False,-8.313,,0.0,4.0,5.0,63.68,3.0,25.0,0.35164806,0.14557287,True,,,0.5719908698377113,1.0,CAN_d553fb1c6d3801e4,MOL_373e0b7f7285ea0d,,,bace_pool_final_nontoxic-4.csv,/content/bace_pool_final_nontoxic-4.csv,reward_results_22.csv,,,,,,,,,,,,0.5960493619171966;;;;;;;;;;
RLHF_0617,Docking intermedio,CAN_9cc3c27b00b67579,MOL_e64f1a3b2cf0e396,O=C(N1CCC(C2=CC=CC=C2)C1)C3=CC4=CC=CC=C4O3,O=C(N1CCC(C2=CC=CC=C2)C1)C3=CC4=CC=CC=C4O3,BACE1,-8.313,True,False,False,,4.062500000000003,,291.35,,,,,,,0.5960493619171966,False,True,,-8.313,,,,,,,,,,,,,,,,CAN_9cc3c27b00b67579,MOL_e64f1a3b2cf0e396,,,,1.0,reward_results_8.csv,bace_4,bace_4/reward_results_8.csv,bace_4,intermediate,O=C(N1CCC(C2=CC=CC=C2)C1)C3=CC4=CC=CC=C4O3,,4.062500000000003,,291.35,0.5960493619171966;;;;;;;;;;
RLHF_0618,Docking intermedio,CAN_6888f7b714850682,MOL_343f9d6fbe05eb91,CC=CC1=C(N2CCC(CC2)OCC3CC3)N=CN=C1S,CC=CC1=C(N2CCC(CC2)OCC3CC3)N=CN=C1S,BuChE,-9.562968876879356,True,False,False,,,,,,,,,,,0.42831099195710454,False,True,,-9.562968876879356,,,,,,,,,,,,,,,,CAN_6888f7b714850682,MOL_343f9d6fbe05eb91,,,,1.0,vina_results.csv,buche_2,buche_2/vina_results.csv,buche_2,intermediate,CC=CC1=C(N2CCC(CC2)OCC3CC3)N=CN=C1S,,,,,0.42831099195710454;;;;;;;;;;
RLHF_0619,Docking intermedio,CAN_e685ff5bb074ec17,MOL_65a38a31dcc01d5c,C[C@@H](NC(=O)c1ccccc1NC(=O)c1ccco1)c1ccccn1,C[C@@H1](NC(=O)C1=CC=CC=C1NC(=O)C2=CC=CO2)C3=CC=CC=N3,BuChE,-9.556,True,False,False,0.7481029413771796,3.4179000000000013,2.420236999403693,335.36300000000006,,,,,,,0.4303485254691689,True,False,-9.556,,2.0,4.0,5.0,84.23,3.0,25.0,0.39652744,0.10875771,True,,,0.7129121192006045,1.0,CAN_2d632f82e51492f7,MOL_65a38a31dcc01d5c,,,buche_pool_final_nontoxic-3.csv,/content/buche_pool_final_nontoxic-3.csv,reward_results_23.csv,,,,,,,,,,,,0.4303485254691689;;;;;;;;;;
RLHF_0620,Docking intermedio,CAN_dd995385484660a8,MOL_8b942740febca01b,C[NH2+]C1CCCCN1C(=O)c1cc2ccccc2cc1OC(F)(F)F,C[NH2+1]C1CCCCN1C(=O)C2=CC3=CC=CC=C3C=C2OC(F)(F)F,BuChE,-9.555,True,False,False,0.9223381981491714,2.8838000000000017,3.404619801601495,353.3640000000001,,,,,,,0.4307238605898123,True,False,-9.555,,1.0,2.0,3.0,46.150000000000006,3.0,25.0,0.22125885,0.08649742,True,,,0.8969329532707471,1.0,CAN_123a93a0c6e76112,MOL_8b942740febca01b,,,buche_pool_final_nontoxic-3.csv,/content/buche_pool_final_nontoxic-3.csv,reward_results_20.csv,,,,,,,,,,,,0.4307238605898123;;;;;;;;;;
RLHF_0621,Docking intermedio,CAN_0ded6662d4bc7f92,MOL_23639dfbc4aed454,CCN(Cc1ccc(Cl)c(Cl)c1)C(=O)CCNS(=O)(=O)c1ccccc1,CCN(CC1=CC=C(Cl)C(Cl)=C1)C(=O)CCNS(=O)(=O)C2=CC=CC=C2,BuChE,-9.545,True,False,False,0.7150022625254975,3.7105000000000015,2.0136717971559683,415.3420000000001,,,,,,,0.4346916890080429,True,False,-9.545,,1.0,3.0,8.0,66.48,2.0,26.0,0.053407088,0.017894106,True,,,0.5936680931680739,1.0,CAN_5c566fba74229fd1,MOL_23639dfbc4aed454,,,buche_pool_final_nontoxic-3.csv,/content/buche_pool_final_nontoxic-3.csv,reward_results_1.csv,,,,,,,,,,,,0.4346916890080429;;;;;;;;;;
RLHF_0622,Docking intermedio,CAN_04ac77916150ef51,MOL_184371871af1e6de,O=C1c2ccccc2CS(=O)(=O)N1CC[S@@](=O)c1ccccc1,O=[S@](CCN1C(=O)C2=CC=CC=C2CS1(=O)=O)C3=CC=CC=C3,BuChE,-9.54,True,False,False,0.843469526560752,1.7800000000000005,3.178705092413903,349.4330000000001,,,,,,,0.4366756032171582,True,False,-9.54,,0.0,4.0,4.0,71.52000000000001,3.0,23.0,0.116867855,0.047683865,True,,,0.7894190180984088,1.0,CAN_e9c0dcc3fd5072fb,MOL_184371871af1e6de,,,buche_pool_final_nontoxic-3.csv,/content/buche_pool_final_nontoxic-3.csv,reward_results_19.csv,,,,,,,,,,,,0.4366756032171582;;;;;;;;;;
RLHF_0623,Docking intermedio,CAN_b0f733368ac8510b,MOL_71f49ff3d80a2330,CC(C)(C)NC(=O)C1=CC=CC=C1NC(=O)C2=CC=CN=C2O,CC(C)(C)NC(=O)C1=CC=CC=C1NC(=O)C2=CC=CN=C2O,BuChE,-9.535362580133569,True,False,False,,,,,,,,,,,0.43796246648793563,False,True,,-9.535362580133569,,,,,,,,,,,,,,,,CAN_b0f733368ac8510b,MOL_71f49ff3d80a2330,,,,1.0,vina_results.csv,buche_2,buche_2/vina_results.csv,buche_2,intermediate,CC(C)(C)NC(=O)C1=CC=CC=C1NC(=O)C2=CC=CN=C2O,,,,,0.43796246648793563;;;;;;;;;;
RLHF_0624,Docking intermedio,CAN_aec9079bd3af20bf,MOL_16cae1371e503b9d,CC1=CC=CC(NC=2N=C3C=CC=CN3C=2CN4CCCC4)=C1,CC1=CC=CC(NC=2N=C3C=CC=CN3C=2CN4CCCC4)=C1,BuChE,-9.527,True,False,False,,,,,,,,,,,0.44021447721179624,False,True,,-9.527,,,,,,,,,,,,,,,,CAN_aec9079bd3af20bf,MOL_16cae1371e503b9d,,,,1.0,vina_results.csv,buche_2,buche_2/vina_results.csv,buche_2,intermediate,CC1=CC=CC(NC=2N=C3C=CC=CN3C=2CN4CCCC4)=C1,,,,,0.44021447721179624;;;;;;;;;;
RLHF_0625,Docking intermedio,CAN_0b9c645dae305a0a,MOL_a59bc7eaa894ee97,O=C(C1NC2=CC=CC(C#N)=C2C1)N3CCCCC3,O=C(C1NC2=CC=CC(C#N)=C2C1)N3CCCCC3,BuChE,-9.512727356947948,True,False,False,,,,,,,,,,,0.4440750670241287,False,True,,-9.512727356947948,,,,,,,,,,,,,,,,CAN_0b9c645dae305a0a,MOL_a59bc7eaa894ee97,,,,1.0,vina_results.csv,buche_2,buche_2/vina_results.csv,buche_2,intermediate,O=C(C1NC2=CC=CC(C#N)=C2C1)N3CCCCC3,,,,,0.4440750670241287;;;;;;;;;;
RLHF_0626,Docking intermedio,CAN_335f2a1adc4c2a85,MOL_e3a326c2dff7bea9,Cc1ccc(Br)cc1C(=O)NCCC(=O)NCC1NCC2C=CNC=C21,CC1=CC=C(Br)C=C1C(=O)NCCC(=O)NCC2NCC3C=C[NH1]C=C23,BuChE,-9.5,True,False,False,0.5646570579748049,1.5824199999999995,3.823131476248058,419.3230000000001,,,,,,,0.45351206434316355,True,False,-9.5,,4.0,4.0,6.0,82.26,3.0,26.0,0.12314403,0.034625787,True,,,0.502158076817902,1.0,CAN_4b920693f174f46d,MOL_e3a326c2dff7bea9,,,buche_pool_final_nontoxic-2.csv,/content/buche_pool_final_nontoxic-2.csv,docking_results_2_20.csv,,,,,,,,,,,,0.45351206434316355;;;;;;;;;;
RLHF_0627,Docking intermedio,CAN_2ad30c45eab949a2,MOL_7b369299a2c72b8f,CCOc1ccccc1CN1CCC2(CC1)Nc1cccc(=O)n1C2=O,CCOC1=CC=CC=C1CN2CCC3(CC2)NC4=CC=CC(=O)N4C3=O,BuChE,-9.5,True,False,False,0.9141108633434548,2.3475,3.114830406536866,353.422,,,,,,,0.45351206434316355,True,False,-9.5,,1.0,5.0,4.0,63.57,4.0,26.0,0.08841637,0.033932876,True,,,0.6599889561642341,1.0,CAN_cb6bf7fc246288e3,MOL_7b369299a2c72b8f,,,buche_pool_final_nontoxic-2.csv,/content/buche_pool_final_nontoxic-2.csv,docking_results_2_25.csv,,,,,,,,,,,,0.45351206434316355;;;;;;;;;;
RLHF_0628,Docking intermedio,CAN_4c9b6c79ed440dae,MOL_92bc73f82a479221,C[C@@H1](CN1CCCC1)NC(=O)C2=CC3=CC=CC=C3C(=O)[NH1]2,C[C@@H1](CN1CCCC1)NC(=O)C2=CC3=CC=CC=C3C(=O)[NH1]2,BuChE,-9.491673307463753,True,False,False,,,,,,,,,,,0.46187667560321716,False,True,,-9.491673307463753,,,,,,,,,,,,,,,,CAN_4c9b6c79ed440dae,MOL_92bc73f82a479221,,,,1.0,vina_results.csv,buche_2,buche_2/vina_results.csv,buche_2,intermediate,C[C@@H1](CN1CCCC1)NC(=O)C2=CC3=CC=CC=C3C(=O)[NH1]2,,,,,0.46187667560321716;;;;;;;;;;
RLHF_0629,Docking intermedio,CAN_5041d4aab8a302ca,MOL_29fa3de74fca6a3c,CCOc1cc(CN2C(=O)c3ccccc3S2(=O)=O)ccc1F,CCOC1=CC(CN2C(=O)C3=CC=CC=C3S2(=O)=O)=CC=C1F,BuChE,-9.459,True,False,False,0.8613570873219528,2.5691000000000006,2.229231359512296,335.35600000000005,,,,,,,0.47544235924932976,True,False,-9.459,,0.0,4.0,4.0,63.68,3.0,23.0,0.07107409,0.02953647,True,,,0.9322760863724828,1.0,CAN_ad99af297b2bbd8c,MOL_29fa3de74fca6a3c,,,buche_pool_final_nontoxic-3.csv,/content/buche_pool_final_nontoxic-3.csv,reward_results_24.csv,,,,,,,,,,,,0.47544235924932976;;;;;;;;;;
RLHF_0630,Docking intermedio,CAN_da28bff296e44fcb,MOL_1f4fe0ed6e27887d,C[C@H](NC(=O)c1ccccc1N1C(=O)C=CC1=O)c1ccccc1,C[C@H1](NC(=O)C1=CC=CC=C1N2C(=O)C=CC2=O)C3=CC=CC=C3,BuChE,-9.451,True,False,False,0.8806845449854321,2.607000000000001,2.5142765988912767,320.348,,,,,,,0.4773190348525469,True,False,-9.451,,1.0,3.0,4.0,66.48,3.0,24.0,0.32565117,0.11513523,True,,,0.929060219663733,1.0,CAN_ae4475171523f932,MOL_1f4fe0ed6e27887d,,,buche_pool_final_nontoxic-3.csv,/content/buche_pool_final_nontoxic-3.csv,reward_results_25.csv,,,,,,,,,,,,0.4773190348525469;;;;;;;;;;
RLHF_0631,Docking intermedio,CAN_d695b616bb8da316,MOL_5e190819a591aae4,C[C@H](NC(=O)c1cc2ccccc2cc1NC(=O)NC=O)C1CC1,C[C@@H1](C1CC1)NC(=O)C2=CC3=CC=CC=C3C=C2NC(=O)[NH1]C=O,BuChE,-9.448,True,False,False,0.7385855456720521,2.646,2.828893854243475,325.3680000000001,,,,,,,0.47924932975871315,True,False,-9.448,,3.0,3.0,5.0,87.30000000000001,3.0,24.0,0.4853112,0.19183709,True,,,0.92542279452416,1.0,CAN_fb18d4f3799bd85f,MOL_5e190819a591aae4,,,buche_pool_final_nontoxic-3.csv,/content/buche_pool_final_nontoxic-3.csv,reward_results_28.csv,,,,,,,,,,,,0.47924932975871315;;;;;;;;;;
RLHF_0632,Docking intermedio,CAN_b6222e6e792085a8,MOL_4863acf8873ce814,C[C@@H](Sc1nnnn1-c1ccccc1)C(=O)NC1CCCCC1,C[C@@H1](SC1=NN=NN1C2=CC=CC=C2)C(=O)NC3CCCCC3,BuChE,-9.434,True,False,False,0.8526713390730379,2.591800000000001,2.4873631653627672,331.4450000000002,,,,,,,0.48471849865951744,True,False,-9.434,,1.0,5.0,5.0,72.7,3.0,23.0,0.17494796,0.06643244,True,,,0.9278897729331164,1.0,CAN_2f8ed939463e1b61,MOL_4863acf8873ce814,,,buche_pool_final_nontoxic-3.csv,/content/buche_pool_final_nontoxic-3.csv,reward_results_7.csv,,,,,,,,,,,,0.48471849865951744;;;;;;;;;;
RLHF_0633,Docking intermedio,CAN_2eb8ee2f3d21aa02,MOL_1452fcc12ec525ce,COc1c(C)cccc1NC(=O)c1cc2ccccc2c(=O)[nH]1,COC1=C(C)C=CC=C1NC(=O)C2=CC3=CC=CC=C3C(=O)[NH1]2,BuChE,-9.414,True,False,False,0.7807634678117563,3.0974200000000005,2.068640838062592,308.33700000000005,,,,,,,0.49335120643431635,True,False,-9.414,,2.0,3.0,3.0,71.19,3.0,23.0,0.4801946,0.10953573,True,,,0.8196964930948837,1.0,CAN_fc40ebae8794ad54,MOL_1452fcc12ec525ce,,,buche_pool_final_nontoxic-3.csv,/content/buche_pool_final_nontoxic-3.csv,reward_results_26.csv,,,,,,,,,,,,0.49335120643431635;;;;;;;;;;
RLHF_0634,Docking intermedio,CAN_59494253935e7d6f,MOL_3a81274d63b01410,Cc1cc(C)nc(N2CCN(CCc3c[nH]c4ccccc34)CC2)n1,CC1=CC(C)=NC(N2CCN(CCC3=C[NH1]C4=CC=CC=C34)CC2)=N1,BuChE,-9.4,True,False,False,0.7962870839778632,2.939440000000001,2.158266831540184,335.4550000000001,,,,,,,0.5033243967828418,True,False,-9.4,,1.0,4.0,4.0,48.05,4.0,25.0,0.076670736,0.024726713,True,,,0.5766996993991433,1.0,CAN_ace6fd1564752608,MOL_3a81274d63b01410,,,buche_pool_final_nontoxic-2.csv,/content/buche_pool_final_nontoxic-2.csv,docking_results_2_8.csv,,,,,,,,,,,,0.5033243967828418;;;;;;;;;;
RLHF_0635,Docking intermedio,CAN_faba68df6b7f6ecd,MOL_381ba3481048c38e,C=CCC1CC(O)(CN2CCN(C(=O)c3cc4ccccc4cc3OC)CC2)C1,C=CCC1C[C@](O)(CN2CCN(CC2)C(=O)C3=CC4=CC=CC=C4C=C3OC)C1,BuChE,-9.4,True,False,False,0.7639568435788174,3.323400000000002,2.581555165423664,394.5150000000001,,,,,,,0.5033243967828418,True,False,-9.4,,1.0,4.0,6.0,53.010000000000005,4.0,29.0,0.11633903,0.03623484,True,,,0.4905121841822573,1.0,CAN_e3d1a35794529b32,MOL_381ba3481048c38e,,,buche_pool_final_nontoxic-2.csv,/content/buche_pool_final_nontoxic-2.csv,docking_results_2_15.csv,,,,,,,,,,,,0.5033243967828418;;;;;;;;;;
RLHF_0636,Docking intermedio,CAN_b237a23a155a93db,MOL_119254bc313ba167,CCS(=O)(=O)N1CCC(NC(=O)c2cccc3cccnc23)CC1,CCS(=O)(=O)N1CCC(CC1)NC(=O)C2=CC=CC3=CC=CN=C23,BuChE,-9.393,True,False,False,0.9142106896531332,1.7786999999999993,2.1617608582886607,347.44000000000005,,,,,,,0.5106702412868632,True,False,-9.393,,1.0,4.0,4.0,79.37,3.0,24.0,0.12464013,0.046086524,True,,,0.7737912940839067,1.0,CAN_6bc3ec13f8b349ea,MOL_119254bc313ba167,,,buche_pool_final_nontoxic-3.csv,/content/buche_pool_final_nontoxic-3.csv,reward_results_18.csv,,,,,,,,,,,,0.5106702412868632;;;;;;;;;;
RLHF_0637,Docking intermedio,CAN_8d0e16205c41c8f6,MOL_4e876016f27a65d8,O=C(Cc1ccccc1Cl)Nc1ccccc1-c1nn[nH]n1,O=C(CC1=CC=CC=C1Cl)NC2=CC=CC=C2C=3N=N[NH1]N=3,BuChE,-9.391,True,False,False,0.7753971481748487,2.7013,2.018782491802142,313.748,,,,,,,0.5115817694369973,True,False,-9.391,,2.0,4.0,4.0,83.56,3.0,22.0,0.28250548,0.07948103,True,,,0.911625942086312,1.0,CAN_5ef4be1d0f2d6e0e,MOL_4e876016f27a65d8,,,buche_pool_final_nontoxic-3.csv,/content/buche_pool_final_nontoxic-3.csv,reward_results_9.csv,,,,,,,,,,,,0.5115817694369973;;;;;;;;;;
RLHF_0638,Docking intermedio,CAN_549474fac8193674,MOL_db9d19c0cf531536,COCCOC1=CC=CC=C1NC(=O)C2=CC3=CC=CC=C3C(=O)[NH1]2,COCCOC1=CC=CC=C1NC(=O)C2=CC3=CC=CC=C3C(=O)[NH1]2,BuChE,-9.3785803658468,True,False,False,,,,,,,,,,,0.5158176943699732,False,True,,-9.3785803658468,,,,,,,,,,,,,,,,CAN_549474fac8193674,MOL_db9d19c0cf531536,,,,1.0,vina_results.csv,buche_2,buche_2/vina_results.csv,buche_2,intermediate,COCCOC1=CC=CC=C1NC(=O)C2=CC3=CC=CC=C3C(=O)[NH1]2,,,,,0.5158176943699732;;;;;;;;;;
RLHF_0639,Docking intermedio,CAN_d3a72505042d65f9,MOL_96d63949362d7f5b,O=C(NNC(=O)c1cc2ccccc2c(=O)[nH]1)c1ccccc1,O=C(NNC(=O)C1=CC=CC=C1)C2=CC3=CC=CC=C3C(=O)[NH1]2,BuChE,-9.377,True,False,False,0.6280613383904681,1.6028999999999998,1.8964901226241848,307.3090000000001,,,,,,,0.5161394101876675,True,False,-9.377,,3.0,3.0,2.0,91.06,3.0,23.0,0.30597088,0.07305198,True,,,0.7045053892074121,1.0,CAN_2873302c89e48bbc,MOL_96d63949362d7f5b,,,buche_pool_final_nontoxic-3.csv,/content/buche_pool_final_nontoxic-3.csv,reward_results_8.csv,,,,,,,,,,,,0.5161394101876675;;;;;;;;;;
RLHF_0640,Docking intermedio,CAN_5dbd03eaa28a5476,MOL_ddbe8891a36af87a,CC(C)(C)NC(=O)c1ccccc1NC(=O)c1ccccn1,CC(C)(C)NC(=O)C1=CC=CC=C1NC(=O)C2=CC=CC=N2,BuChE,-9.374,True,False,False,0.9147850407400576,2.8622000000000005,1.847851226039216,297.358,,,,,,,0.5173726541554959,True,False,-9.374,,2.0,3.0,3.0,71.09,2.0,22.0,0.25599816,0.08023854,True,,,0.8806242271871099,1.0,CAN_da4f91760a20dd0a,MOL_ddbe8891a36af87a,,,buche_pool_final_nontoxic-3.csv,/content/buche_pool_final_nontoxic-3.csv,reward_results_22.csv,,,,,,,,,,,,0.5173726541554959;;;;;;;;;;
RLHF_0641,Docking intermedio,CAN_720ec0b801139de5,MOL_a7764c6e89f65199,C[C@H1](N1CCC(CC1)C2=NC3=CC=CC=C3[NH1]2)C4=CC=CCC(=O)NC(=O)C=C4,C[C@H1](N1CCC(CC1)C2=NC3=CC=CC=C3[NH1]2)C4=CC=CCC(=O)NC(=O)C=C4,BuChE,-9.365,True,False,False,,,,,,,,,,,0.5197319034852547,False,True,,-9.365,,,,,,,,,,,,,,,,CAN_720ec0b801139de5,MOL_a7764c6e89f65199,,,,1.0,vina_results.csv,buche_2,buche_2/vina_results.csv,buche_2,intermediate,C[C@H1](N1CCC(CC1)C2=NC3=CC=CC=C3[NH1]2)C4=CC=CCC(=O)NC(=O)C=C4,,,,,0.5197319034852547;;;;;;;;;;
RLHF_0642,Docking intermedio,CAN_925d651626a3ef59,MOL_3eaf9ee8d62ef014,CC(C)[C@H1](NC(=O)C1=CC=C2C=CC(=O)N2C(=O)[NH1]1)C3=CC=CC=C3,CC(C)[C@H1](NC(=O)C1=CC=C2C=CC(=O)N2C(=O)[NH1]1)C3=CC=CC=C3,BuChE,-9.3647870128508,True,False,False,,,,,,,,,,,0.5198927613941019,False,True,,-9.3647870128508,,,,,,,,,,,,,,,,CAN_925d651626a3ef59,MOL_3eaf9ee8d62ef014,,,,1.0,vina_results.csv,buche_2,buche_2/vina_results.csv,buche_2,intermediate,CC(C)[C@H1](NC(=O)C1=CC=C2C=CC(=O)N2C(=O)[NH1]1)C3=CC=CC=C3,,,,,0.5198927613941019;;;;;;;;;;
RLHF_0643,Docking intermedio,CAN_5aafc0a8c841c601,MOL_468319804efe135b,CC=C1C=CC(CNc2ncnc3cc(C(N)=O)ccc23)=C1,CC=C1C=C(CNC2=NC=NC3=CC(C(N)=O)=CC=C23)C=C1,BuChE,-9.36,True,False,False,0.9072141533025548,2.583100000000001,2.872279401142801,292.34200000000004,,,,,,,0.5215549597855228,True,False,-9.36,,2.0,4.0,4.0,80.9,3.0,22.0,0.36483958,0.12291028,True,,,0.9181452760006128,1.0,CAN_d9e23a6f505f2687,MOL_468319804efe135b,,,buche_pool_final_nontoxic-3.csv,/content/buche_pool_final_nontoxic-3.csv,reward_results_2.csv,,,,,,,,,,,,0.5215549597855228;;;;;;;;;;
RLHF_0644,Docking intermedio,CAN_064c50f30010de65,MOL_9d5e30c1cb031600,CCC[C@H]1C[C@@H]1NC(=O)c1ccccc1NC(=O)c1cccnc1,CCC[C@H1]1C[C@@H1]1NC(=O)C2=CC=CC=C2NC(=O)C3=CC=CN=C3,BuChE,-9.354,True,False,False,0.8569829627413077,3.2523000000000017,2.793722434270755,323.3960000000001,,,,,,,0.5235924932975872,True,False,-9.354,,2.0,3.0,6.0,71.09,3.0,24.0,0.42327723,0.15381391,True,,,0.7576423512620897,1.0,CAN_8a3e42a76cd3233a,MOL_9d5e30c1cb031600,,,buche_pool_final_nontoxic-3.csv,/content/buche_pool_final_nontoxic-3.csv,reward_results_23.csv,,,,,,,,,,,,0.5235924932975872;;;;;;;;;;
RLHF_0645,Docking intermedio,CAN_70435f7810fb517a,MOL_f9ff9a1ee6fb469b,O=C(Nc1ccccc1)[C@@H](O)C[C@H]1CCCCN1c1ncccn1,O[C@@H1](C[C@H1]1CCCCN1C2=NC=CC=N2)C(=O)NC3=CC=CC=C3,BuChE,-9.341,True,False,False,0.8807463406679206,2.2252,3.066519156678781,326.4000000000001,,,,,,,0.527882037533512,True,False,-9.341,,2.0,5.0,5.0,78.35,3.0,24.0,0.1426149,0.06617565,True,,,0.8932702581311134,1.0,CAN_dbdd3840e344058d,MOL_f9ff9a1ee6fb469b,,,buche_pool_final_nontoxic-3.csv,/content/buche_pool_final_nontoxic-3.csv,reward_results_23.csv,,,,,,,,,,,,0.527882037533512;;;;;;;;;;
RLHF_0646,Docking intermedio,CAN_e917a3d028173d26,MOL_d2447fd4a7387d74,O=C(CC1=NC=CC=C1NC(=O)C2=CC=CC3=CC=CN=C23)C#N,O=C(CC1=NC=CC=C1NC(=O)C2=CC=CC3=CC=CN=C23)C#N,BuChE,-9.326514314233018,True,False,False,,,,,,,,,,,0.5331903485254692,False,True,,-9.326514314233018,,,,,,,,,,,,,,,,CAN_e917a3d028173d26,MOL_d2447fd4a7387d74,,,,1.0,vina_results.csv,buche_2,buche_2/vina_results.csv,buche_2,intermediate,O=C(CC1=NC=CC=C1NC(=O)C2=CC=CC3=CC=CN=C23)C#N,,,,,0.5331903485254692;;;;;;;;;;
RLHF_0647,Docking intermedio,CAN_a97619f335d4cfa2,MOL_938cc073c920fc56,O=C(NC1=CC=CC(=C1)C(=O)O)C2=CC3=CC=CC=C3C(=O)[NH1]2,O=C(NC1=CC=CC(=C1)C(=O)O)C2=CC3=CC=CC=C3C(=O)[NH1]2,BuChE,-9.311405521625232,True,False,False,,,,,,,,,,,0.5391957104557641,False,True,,-9.311405521625232,,,,,,,,,,,,,,,,CAN_a97619f335d4cfa2,MOL_938cc073c920fc56,,,,1.0,vina_results.csv,buche_2,buche_2/vina_results.csv,buche_2,intermediate,O=C(NC1=CC=CC(=C1)C(=O)O)C2=CC3=CC=CC=C3C(=O)[NH1]2,,,,,0.5391957104557641;;;;;;;;;;
RLHF_0648,Docking intermedio,CAN_7ed18edaab8d0191,MOL_0bd5d0d6e8afcccd,CSC1CCCN1C(=O)C2=CC3=CC=CC=C3C=C2NC(=O)C=O,CSC1CCCN1C(=O)C2=CC3=CC=CC=C3C=C2NC(=O)C=O,BuChE,-9.306491272801429,True,False,False,,,,,,,,,,,0.5413404825737266,False,True,,-9.306491272801429,,,,,,,,,,,,,,,,CAN_7ed18edaab8d0191,MOL_0bd5d0d6e8afcccd,,,,1.0,vina_results.csv,buche_2,buche_2/vina_results.csv,buche_2,intermediate,CSC1CCCN1C(=O)C2=CC3=CC=CC=C3C=C2NC(=O)C=O,,,,,0.5413404825737266;;;;;;;;;;
RLHF_0649,Docking intermedio,CAN_246a9037fd7b8d28,MOL_7c2c2a8208139a18,CC1=CC=CC(=C1)NC(=O)C2=CC3=CC=CC=C3C(=O)[NH1]2,CC1=CC=CC(=C1)NC(=O)C2=CC3=CC=CC=C3C(=O)[NH1]2,BuChE,-9.30600177540294,True,False,False,,,,,,,,,,,0.5415549597855228,False,True,,-9.30600177540294,,,,,,,,,,,,,,,,CAN_246a9037fd7b8d28,MOL_7c2c2a8208139a18,,,,1.0,vina_results.csv,buche_2,buche_2/vina_results.csv,buche_2,intermediate,CC1=CC=CC(=C1)NC(=O)C2=CC3=CC=CC=C3C(=O)[NH1]2,,,,,0.5415549597855228;;;;;;;;;;
RLHF_0650,Docking intermedio,CAN_0ebbd0125994bcd8,MOL_c72fe78229049d9a,Cc1cc(Cl)ncc1NC(=O)N1CCC2Nc3ccccc3N(O)C2C1,CC1=CC(Cl)=NC=C1NC(=O)N2CCC(C3C2)NC4=CC=CC=C4N3O,BuChE,-9.3,True,False,False,0.667871615405105,3.339520000000001,3.569954553171136,373.8440000000001,,,,,,,0.5505093833780161,True,False,-9.3,,3.0,5.0,1.0,80.73,4.0,26.0,0.3896577,0.1122506,True,,,0.4461179527776423,1.0,CAN_531d74610cca6ed8,MOL_c72fe78229049d9a,,,buche_pool_final_nontoxic-2.csv,/content/buche_pool_final_nontoxic-2.csv,docking_results_2_25.csv,,,,,,,,,,,,0.5505093833780161;;;;;;;;;;
RLHF_0651,Docking intermedio,CAN_9fe3d0a5000ef603,MOL_ce114a6312297238,O=C[C@H]1CCCC[C@H]1NC(=O)CN1CCc2ccccc2C1=O,O=C[C@H1]1CCCC[C@H1]1NC(=O)CN2CCC3=CC=CC=C3C2=O,BuChE,-9.3,True,False,False,0.8577530089647923,1.5587999999999995,3.1681209508374213,314.38500000000005,,,,,,,0.5505093833780161,True,False,-9.3,,1.0,3.0,4.0,66.48,3.0,23.0,0.09938631,0.034685854,True,,,0.4215074495973196,1.0,CAN_9a41999a1565d1cf,MOL_ce114a6312297238,,,buche_pool_final_nontoxic-2.csv,/content/buche_pool_final_nontoxic-2.csv,docking_results_2_29.csv,,,,,,,,,,,,0.5505093833780161;;;;;;;;;;
RLHF_0652,Docking intermedio,CAN_0612cdeefb3d1732,MOL_4ae649a99408eebc,O=C(NCC1Nc2ccccc2-c2ccccc21)c1ccco1,O=C(C1=CC=CO1)NCC2NC3=CC=CC=C3C4=CC=CC=C24,BuChE,-9.3,True,False,False,0.7726580440996013,3.843200000000002,2.6923527986443254,304.34900000000005,,,,,,,0.5505093833780161,True,False,-9.3,,2.0,3.0,3.0,54.27,4.0,23.0,0.44333985,0.12105235,True,,,0.3258799811709625,1.0,CAN_71d170973f8b403f,MOL_4ae649a99408eebc,,,buche_pool_final_nontoxic-2.csv,/content/buche_pool_final_nontoxic-2.csv,docking_results_2_20.csv,,,,,,,,,,,,0.5505093833780161;;;;;;;;;;
RLHF_0653,Docking intermedio,CAN_25b2103044c03e44,MOL_31b20fcba9c0e406,C[C@H]1CC=CC=CCCN2c3ccccc3CCN2C1=O,C[C@H1](C(=O)N1CCC2=CC=CC=C2N1CC3)CC=CC=C3,BuChE,-9.3,True,False,False,0.7284239881890655,3.3350000000000017,3.855731981690811,282.387,,,,,,,0.5505093833780161,True,False,-9.3,,0.0,2.0,0.0,23.550000000000004,3.0,21.0,0.055137224,0.015583052,True,,,0.4471960317060112,1.0,CAN_0bafdb9bf0076871,MOL_31b20fcba9c0e406,,,buche_pool_final_nontoxic-2.csv,/content/buche_pool_final_nontoxic-2.csv,docking_results_2_2.csv,,,,,,,,,,,,0.5505093833780161;;;;;;;;;;
RLHF_0654,Docking intermedio,CAN_060e79ac21e5310e,MOL_b2a234b92d64a544,O=C(NCCc1cccc(Cl)c1)c1ccc2nccnc2c1,O=C(NCCC1=CC=CC(Cl)=C1)C2=CC=C3N=CC=NC3=C2,BuChE,-9.3,True,False,False,0.8043747206346439,3.255700000000002,1.8782375398790645,311.77200000000005,,,,,,,0.5505093833780161,True,False,-9.3,,1.0,3.0,4.0,54.88,3.0,22.0,0.26005328,0.075130075,True,,,0.4657771778425394,1.0,CAN_c087e8f8d8598325,MOL_b2a234b92d64a544,,,buche_pool_final_nontoxic-2.csv,/content/buche_pool_final_nontoxic-2.csv,docking_results_2_5.csv,,,,,,,,,,,,0.5505093833780161;;;;;;;;;;
RLHF_0655,Docking intermedio,CAN_330dff5033029664,MOL_2e6d9ab46c80ecf9,CC(=O)Nc1ccccc1CNC(=O)C=Cc1ccccc1C([NH])=O,CC(=O)NC1=CC=CC=C1CNC(=O)C=CC2=CC=CC=C2C(=O)[NH1],BuChE,-9.289,True,False,False,0.7923067967330086,2.3976999999999995,2.3934984889238944,336.37100000000004,,,,,,,0.5607506702412869,True,False,-9.289,,2.0,3.0,6.0,99.07,2.0,25.0,0.13915816,0.05361274,True,,,0.9058598811213774,1.0,CAN_de66260705c31e45,MOL_2e6d9ab46c80ecf9,,,buche_pool_final_nontoxic-3.csv,/content/buche_pool_final_nontoxic-3.csv,reward_results_12.csv,,,,,,,,,,,,0.5607506702412869;;;;;;;;;;
RLHF_0656,Docking intermedio,CAN_291c2fcd4ddd937a,MOL_3dee0f8c303457e8,Cc1ccccc1N1N=C(c2ccccc2)CC1=O,CC1=CC=CC=C1N2N=C(C3=CC=CC=C3)CC2=O,BuChE,-9.289,True,False,False,0.8055482475188867,3.136020000000001,2.0203815309371045,250.301,,,,,,,0.5607506702412869,True,False,-9.289,,0.0,2.0,2.0,32.67,3.0,19.0,0.19018857,0.05363217,True,,,0.7903208437475768,1.0,CAN_c02fc0045472ab1c,MOL_3dee0f8c303457e8,,,buche_pool_final_nontoxic-3.csv,/content/buche_pool_final_nontoxic-3.csv,reward_results_2.csv,,,,,,,,,,,,0.5607506702412869;;;;;;;;;;
RLHF_0657,Docking intermedio,CAN_0128ae4d04c2d572,MOL_7e46349678b743d3,Cc1onc(Cc2ccccc2)c1C(=O)NC1CCN2CCCC12,CC=1ON=C(CC2=CC=CC=C2)C=1C(=O)NC3C4CCCN4CC3,BuChE,-9.282,True,False,False,0.938379030376574,2.540320000000001,3.063765750085375,325.41200000000015,,,,,,,0.5637533512064343,True,False,-9.282,,1.0,4.0,4.0,58.370000000000005,4.0,24.0,0.06674399,0.022223866,True,,,0.9075477493542208,1.0,CAN_299a0af341bd68ad,MOL_7e46349678b743d3,,,buche_pool_final_nontoxic-3.csv,/content/buche_pool_final_nontoxic-3.csv,reward_results_10.csv,,,,,,,,,,,,0.5637533512064343;;;;;;;;;;
RLHF_0658,Docking intermedio,CAN_895b5b7c185928d7,MOL_2b318c59e07a2957,C[C@H](O)CC(=O)N[C@H]1CC[C@H](CCN2CCC(c3cccc4c3OCO4)CC2)CC1,C[C@H1](O)CC(=O)N[C@H1]1CC[C@H1](CCN2CCC(CC2)C3=CC=CC=4OCOC3=4)CC1,BuChE,-9.28,True,False,False,0.7126160202074587,3.4307000000000016,3.0407707376098028,416.5620000000002,,,,,,,0.5644504021447722,True,False,-9.28,,2.0,5.0,7.0,71.03,4.0,30.0,0.1074705,0.03604342,True,,,0.6798265416564849,1.0,CAN_89edbd78178aedc8,MOL_2b318c59e07a2957,,,buche_pool_final_nontoxic-3.csv,/content/buche_pool_final_nontoxic-3.csv,reward_results_2.csv,,,,,,,,,,,,0.5644504021447722;;;;;;;;;;
RLHF_0659,Docking intermedio,CAN_88ad964779c048d7,MOL_5c9bb7b20cbb6244,C[C@@H1]([NH2+1][C@@H1]1CCC2=CC(O)=CC=C2[C@H1]1C)C3=CC=CC=C3,C[C@@H1]([NH2+1][C@@H1]1CCC2=CC(O)=CC=C2[C@H1]1C)C3=CC=CC=C3,BuChE,-9.274111184915606,True,False,False,,,,,,,,,,,0.5668632707774799,False,True,,-9.274111184915606,,,,,,,,,,,,,,,,CAN_88ad964779c048d7,MOL_5c9bb7b20cbb6244,,,,1.0,vina_results.csv,buche_2,buche_2/vina_results.csv,buche_2,intermediate,C[C@@H1]([NH2+1][C@@H1]1CCC2=CC(O)=CC=C2[C@H1]1C)C3=CC=CC=C3,,,,,0.5668632707774799;;;;;;;;;;
RLHF_0660,Docking intermedio,CAN_5485fb57dc013819,MOL_cc23c3f24ee6aaa2,CCOC[C@@H]1CCCCN1C(=O)c1cc2ccccc2c(=O)[nH]1,CCOC[C@@H1]1CCCCN1C(=O)C2=CC3=CC=CC=C3C(=O)[NH1]2,BuChE,-9.238,True,False,False,0.9431609422796802,2.5593000000000004,2.7215652215155703,314.38500000000005,,,,,,,0.5803753351206434,True,False,-9.238,,1.0,3.0,4.0,62.4,3.0,23.0,0.10648958,0.048172165,True,,,0.8992398989381689,1.0,CAN_b5750466af5aa595,MOL_cc23c3f24ee6aaa2,,,buche_pool_final_nontoxic-3.csv,/content/buche_pool_final_nontoxic-3.csv,reward_results_29.csv,,,,,,,,,,,,0.5803753351206434;;;;;;;;;;
RLHF_0661,Docking intermedio,CAN_3c1a8cfddebc9016,MOL_5bdac005c12149c0,COc1ccc(CNC(=O)c2cc3ccccc3[nH]2)cc1,COC1=CC=C(CNC(=O)C2=CC3=CC=CC=C3[NH1]2)C=C1,BuChE,-9.227,True,False,False,0.7712308322933963,3.1065000000000014,1.7194461425002654,280.327,,,,,,,0.583485254691689,True,False,-9.227,,2.0,2.0,4.0,54.12,3.0,21.0,0.31325102,0.0707662,True,,,0.7905527671218544,1.0,CAN_6ef594645d245ca9,MOL_5bdac005c12149c0,,,buche_pool_final_nontoxic-3.csv,/content/buche_pool_final_nontoxic-3.csv,reward_results_21.csv,,,,,,,,,,,,0.583485254691689;;;;;;;;;;
RLHF_0662,Docking intermedio,CAN_cd9751c2e2507aa3,MOL_1bcb20d61a6fa373,C[NH+](Cc1ccccc1Cl)c1nsc(-c2ccccc2)n1,C[NH1+1](CC1=CC=CC=C1Cl)C2=NSC(=N2)C3=CC=CC=C3,BuChE,-9.212,True,False,False,0.8008827601897816,3.204900000000001,3.5739484567991946,316.837,,,,,,,0.5875603217158177,True,False,-9.212,,1.0,3.0,4.0,30.22,3.0,21.0,0.3155774,0.114588715,True,,,0.7548279968265332,1.0,CAN_a247c17a8ce46183,MOL_1bcb20d61a6fa373,,,buche_pool_final_nontoxic-3.csv,/content/buche_pool_final_nontoxic-3.csv,reward_results_2.csv,,,,,,,,,,,,0.5875603217158177;;;;;;;;;;
RLHF_0663,Docking intermedio,CAN_345d1c0a7a9b4492,MOL_ba573f6423e378d7,CCOc1cc(CN2CCC[C@@H](O)C2)cc(S(=O)(=O)c2ccccc2C=O)c1,CCOC1=CC(CN2CCC[C@@H1](O)C2)=CC(=C1)S(=O)(=O)C3=CC=CC=C3C=O,BuChE,-9.2,True,False,False,0.7158726652842989,2.6873000000000014,2.904770401365859,403.5000000000001,,,,,,,0.5979624664879356,True,False,-9.2,,1.0,6.0,7.0,83.91,3.0,28.0,0.048752762,0.015240365,True,,,0.5069122402917275,1.0,CAN_8bc92fe48f2ac44f,MOL_ba573f6423e378d7,,,buche_pool_final_nontoxic-2.csv,/content/buche_pool_final_nontoxic-2.csv,docking_results_2_22.csv,,,,,,,,,,,,0.5979624664879356;;;;;;;;;;
RLHF_0664,Docking intermedio,CAN_80505bbcdf0f9c59,MOL_64d6ff39ccbe8590,CNS(=O)(=O)c1cccc(-c2c[nH]c3ccc(N4CCNCC4)cc23)c1,CNS(=O)(=O)C1=CC=CC(=C1)C2=C[NH1]C3=CC=C(C=C23)N4CCNCC4,DYRK1A,-9.5,True,False,False,0.6576909512086162,2.1526,2.373794412540585,370.4780000000002,,,,,,,0.41785446361590395,True,False,-9.5,,3.0,4.0,4.0,77.23,4.0,26.0,0.13819985,0.057546947,True,,,0.6376486405148771,1.0,CAN_514072ee81430fcc,MOL_64d6ff39ccbe8590,,,dyrk1a_pool_final_nontoxic.csv,/content/dyrk1a_pool_final_nontoxic.csv,docking_results_25.csv,,,,,,,,,,,,0.41785446361590395;;;;;;;;;;
RLHF_0665,Docking intermedio,CAN_f1fbbf4499b43fe3,MOL_c8f0b317726758e2,CC1CC(c2cccc(-c3c[nH]c4ccc(NCCN5CCNCC5)cc34)c2)N1,CC1NC(C1)C2=CC=CC(=C2)C3=C[NH1]C4=CC=C(C=C34)NCCN5CCNCC5,DYRK1A,-9.5,True,False,False,0.5206096876437148,3.5749000000000013,3.34249163620094,389.54700000000025,,,,,,,0.41785446361590395,True,False,-9.5,,4.0,4.0,6.0,55.120000000000005,5.0,29.0,0.28891134,0.104037374,True,,,0.4568953019925797,1.0,CAN_792a0158c3a6278b,MOL_c8f0b317726758e2,,,dyrk1a_pool_final_nontoxic.csv,/content/dyrk1a_pool_final_nontoxic.csv,docking_results_18.csv,,,,,,,,,,,,0.41785446361590395;;;;;;;;;;
RLHF_0666,Docking intermedio,CAN_a30c480d0503576a,MOL_48031727119d0758,Cc1cnccc1-c1c[nH]c2ccc(N3CCNC(=O)C3C#N)cc12,CC1=CN=CC=C1C2=C[NH1]C3=CC=C(C=C23)N4CCNC(=O)C4C#N,DYRK1A,-9.5,True,False,False,0.7548262902527066,2.3667,3.384648537865231,331.379,,,,,,,0.41785446361590395,True,False,-9.5,,2.0,4.0,2.0,84.81,4.0,25.0,0.43924814,0.15622976,True,,,0.6612798458806035,1.0,CAN_05c6e00d94b80dd1,MOL_48031727119d0758,,,dyrk1a_pool_final_nontoxic.csv,/content/dyrk1a_pool_final_nontoxic.csv,docking_results_29.csv,,,,,,,,,,,,0.41785446361590395;;;;;;;;;;
RLHF_0667,Docking intermedio,CAN_10c3d901e90a6b6d,MOL_c36382694ad174eb,CN=C1C(=O)NCCN1c1ccc2[nH]cc(C=CC3=NCOC=C3)c2c1,C1OC=CC(C=CC2=C[NH1]C3=CC=C(C=C23)N4CCNC(=O)C4=NC)=N1,DYRK1A,-9.4,True,False,False,0.890097347518981,2.088,3.850294671649897,349.39400000000006,,,,,,,0.45723930982745686,True,False,-9.4,,2.0,4.0,3.0,82.08,4.0,26.0,0.46626008,0.1637316,True,,,0.5814037223155304,1.0,CAN_4c2f58d9da7e9dfe,MOL_c36382694ad174eb,,,dyrk1a_pool_final_nontoxic.csv,/content/dyrk1a_pool_final_nontoxic.csv,docking_results_29.csv,,,,,,,,,,,,0.45723930982745686;;;;;;;;;;
RLHF_0668,Docking intermedio,CAN_f3cf6c5c95ba0d0f,MOL_374cc892b16b5767,O=C(N[C@@H]1CCN(Cc2ccccc2)C1)c1c[nH]c2ccc(N3CCNCC3)cc12,O=C(N[C@@H1]1CCN(CC2=CC=CC=C2)C1)C3=C[NH1]C4=CC=C(C=C34)N5CCNCC5,DYRK1A,-9.4,True,False,False,0.6128163403567181,2.5818000000000003,2.733291364677429,403.53000000000026,,,,,,,0.45723930982745686,True,False,-9.4,,3.0,4.0,5.0,63.400000000000006,5.0,30.0,0.16081059,0.06164333,True,,,0.6158083699454395,1.0,CAN_34661ee5c38893d8,MOL_374cc892b16b5767,,,dyrk1a_pool_final_nontoxic.csv,/content/dyrk1a_pool_final_nontoxic.csv,docking_results_6.csv,,,,,,,,,,,,0.45723930982745686;;;;;;;;;;
RLHF_0669,Docking intermedio,CAN_d79a5be38d40bd8e,MOL_dbf14144c254c0eb,CCCNC(=O)c1cccc(-c2cccc(CN3CCC(OC)C3C#N)n2)c1,COC1CCN(CC2=CC=CC(=N2)C3=CC=CC(=C3)C(=O)NCCC)C1C#N,DYRK1A,-9.3,True,False,False,0.8012747848826366,3.0012800000000013,3.31331505119758,378.4760000000002,,,,,,,0.49849962490622657,True,False,-9.3,,1.0,5.0,7.0,78.25,3.0,28.0,0.09624171,0.040771477,True,,,0.5184878947064167,1.0,CAN_d74d9f3653b2df94,MOL_dbf14144c254c0eb,,,dyrk1a_pool_final_nontoxic.csv,/content/dyrk1a_pool_final_nontoxic.csv,docking_results_15.csv,,,,,,,,,,,,0.49849962490622657;;;;;;;;;;
RLHF_0670,Docking intermedio,CAN_d9b38acd32d41667,MOL_e6e64c5ff6fde4b8,O=C(Nc1nccs1)[C@@H]1CCc2cc(-c3nnnn3-c3ccccc3)ccc21,O=C(NC1=NC=CS1)[C@@H1]2CCC3=CC(=CC=C23)C4=NN=NN4C5=CC=CC=C5,DYRK1A,-9.3,True,False,False,0.5786580353269146,3.4543000000000017,2.920263164238184,388.456,,,,,,,0.49849962490622657,True,False,-9.3,,1.0,6.0,4.0,85.59,5.0,28.0,0.41774854,0.16538344,True,,,0.4183027733397892,1.0,CAN_266a5d7ab0a6a9d8,MOL_e6e64c5ff6fde4b8,,,dyrk1a_pool_final_nontoxic.csv,/content/dyrk1a_pool_final_nontoxic.csv,docking_results_7.csv,,,,,,,,,,,,0.49849962490622657;;;;;;;;;;
RLHF_0671,Docking intermedio,CAN_1268a176582470d3,MOL_9f1d48f5ae6f69cd,CCSc1cccc(-c2c[nH]c3ccc(N4CCNC(=O)C4)cc23)c1,CCSC1=CC=CC(=C1)C2=C[NH1]C3=CC=C(C=C23)N4CCNC(=O)C4,DYRK1A,-9.3,True,False,False,0.7013831312875554,3.8831000000000016,2.52445397590267,351.47500000000014,,,,,,,0.49849962490622657,True,False,-9.3,,2.0,3.0,4.0,48.13,4.0,25.0,0.4444611,0.1757083,True,,,0.3171931932288772,1.0,CAN_a9b4091a0ef49923,MOL_9f1d48f5ae6f69cd,,,dyrk1a_pool_final_nontoxic.csv,/content/dyrk1a_pool_final_nontoxic.csv,docking_results_21.csv,,,,,,,,,,,,0.49849962490622657;;;;;;;;;;
RLHF_0672,Docking intermedio,CAN_c20cdc5966323e6f,MOL_20b38eb480d9d2fd,CCC[NH2+][C@H](CCc1ccccc1)c1cccc(C(=O)NC2CCNCC2)c1,CCC[NH2+1][C@H1](CCC1=CC=CC=C1)C2=CC=CC(=C2)C(=O)NC3CCNCC3,DYRK1A,-9.3,True,False,False,0.6265151924942759,2.8157,3.363606675619545,380.5560000000002,,,,,,,0.49849962490622657,True,False,-9.3,,3.0,2.0,9.0,57.74,3.0,28.0,0.065292865,0.023300001,True,,,0.5465801533376197,1.0,CAN_6cb7604c4ff3c013,MOL_20b38eb480d9d2fd,,,dyrk1a_pool_final_nontoxic.csv,/content/dyrk1a_pool_final_nontoxic.csv,docking_results_24.csv,,,,,,,,,,,,0.49849962490622657;;;;;;;;;;
RLHF_0673,Docking intermedio,CAN_8c169db994cefa02,MOL_4f8b950e323dcdfa,O=C(Oc1cccc2cnccc12)c1ccc2c(c1)CCO2,O=C(OC1=CC=CC2=CN=CC=C12)C3=CC=C4OCCC4=C3,DYRK1A,-9.2,True,False,False,0.5361828150737948,3.3889000000000022,2.118823948902733,291.306,,,,,,,0.5453863465866466,True,False,-9.2,,0.0,4.0,2.0,48.42,4.0,22.0,0.49713594,0.1597414,True,,,,1.0,CAN_d1c96acc2f8555f8,MOL_4f8b950e323dcdfa,,,dyrk1a_pool_final_nontoxic.csv,/content/dyrk1a_pool_final_nontoxic.csv,docking_results_0_add.csv,,,,,,,,,,,,0.5453863465866466;;;;;;;;;;
RLHF_0674,Docking intermedio,CAN_1bf3dc709292eddd,MOL_142efafe42b72957,Cc1nn(CCCC(=O)O)c2ccc(-c3n[nH]c(=O)c4ccc(F)cc34)cc12,CC1=NN(CCCC(O)=O)C2=CC=C(C=C12)C3=N[NH1]C(=O)C4=CC=C(F)C=C34,DYRK1A,-9.2,True,False,False,0.5534562603908245,3.252120000000001,2.4881349059090105,380.3790000000001,,,,,,,0.5453863465866466,True,False,-9.2,,2.0,4.0,5.0,100.86999999999998,4.0,28.0,0.27274597,0.08699405,True,,,0.4229627948999494,1.0,CAN_5e2e18f816685767,MOL_142efafe42b72957,,,dyrk1a_pool_final_nontoxic.csv,/content/dyrk1a_pool_final_nontoxic.csv,docking_results_3.csv,,,,,,,,,,,,0.5453863465866466;;;;;;;;;;
RLHF_0675,Docking intermedio,CAN_000cddeebda9b5a3,MOL_6e0b658da091ed40,CC(C)[CH]CC(=O)Nc1cc(-c2c[nH]c3ccc(N4CCNCC4)cc23)ccn1,CC(C)[C@@H1]CC(=O)NC1=CC(=CC=N1)C2=C[NH1]C3=CC=C(C=C23)N4CCNCC4,DYRK1A,-9.2,True,False,False,0.5981099198551558,3.8283900000000015,2.928481405037708,390.51100000000025,,,,,,,0.5453863465866466,True,False,-9.2,,3.0,4.0,6.0,73.05,4.0,29.0,0.46283895,0.1646838,True,,,0.2983759773399421,1.0,CAN_de978370abf76baa,MOL_6e0b658da091ed40,,,dyrk1a_pool_final_nontoxic.csv,/content/dyrk1a_pool_final_nontoxic.csv,docking_results_23.csv,,,,,,,,,,,,0.5453863465866466;;;;;;;;;;
RLHF_0676,Docking intermedio,CAN_0e659d4d95cce053,MOL_baa0dd86db8a10b5,O=C1CN(c2ccc3[nH]cc(-c4cccnc4Br)c3c2)CCN1,BrC1=NC=CC=C1C2=C[NH1]C3=CC=C(C=C23)N4CCNC(=O)C4,DYRK1A,-9.2,True,False,False,0.6813658299130879,2.928600000000001,2.67963024369714,371.2380000000002,,,,,,,0.5453863465866466,True,False,-9.2,,2.0,3.0,2.0,61.02,4.0,23.0,0.47210607,0.16381492,True,,,0.4811124513850557,1.0,CAN_dbefd6d6ab8b29ab,MOL_baa0dd86db8a10b5,,,dyrk1a_pool_final_nontoxic.csv,/content/dyrk1a_pool_final_nontoxic.csv,docking_results_22.csv,,,,,,,,,,,,0.5453863465866466;;;;;;;;;;
RLHF_0677,Docking intermedio,CAN_61aac3975ebe3283,MOL_02ab8125c5eebef6,COc1ccc(C(=O)N=CC=N)cc1C(C)(C)c1ccc([C@H]2CNCCO2)cc1,COC1=CC=C(C=C1C(C)(C)C2=CC=C(C=C2)[C@H1]3CNCCO3)C(=O)N=CC=N,DYRK1A,-9.1,True,False,False,0.7354767321054986,3.5425700000000013,3.535350168800809,393.48700000000014,,,,,,,0.5890847711927982,True,False,-9.1,,2.0,5.0,6.0,83.77000000000001,3.0,29.0,0.19994505,0.07740752,True,,,0.3218998347140239,1.0,CAN_22bd9c8c762f6d69,MOL_02ab8125c5eebef6,,,dyrk1a_pool_final_nontoxic.csv,/content/dyrk1a_pool_final_nontoxic.csv,docking_results_7.csv,,,,,,,,,,,,0.5890847711927982;;;;;;;;;;
RLHF_0678,Docking intermedio,CAN_ac32d3a8c281cac4,MOL_75f0e09a13bcf69e,CC[C@@H](NC(=O)c1ccc2ccccc2c1C)C(=O)NCc1cccnc1,CC[C@@H1](NC(=O)C1=CC=C2C=CC=CC2=C1C)C(=O)NCC3=CC=CN=C3,NCS1,-8.177,True,False,False,0.7070847805941003,3.3680200000000013,2.508079782008128,361.4450000000001,,,,,,,0.4114965532577274,True,False,-8.177,,2.0,3.0,6.0,71.09,3.0,27.0,0.18853146,0.07014049,True,,,0.6894615850231869,1.0,CAN_e81e766d75e870aa,MOL_75f0e09a13bcf69e,,,ncs1.csv,/content/ncs1.csv,reward_results_29.csv,,,,,,,,,,,,0.4114965532577274;;;;;;;;;;
RLHF_0679,Docking intermedio,CAN_7eedf69481c70030,MOL_816900fd8db3e4a9,COc1ccc(NC(=O)C2CCN(C=NS(=O)(=O)c3ccccc3)CC2)cc1,COC1=CC=C(NC(=O)C2CCN(C=NS(=O)(=O)C3=CC=CC=C3)CC2)C=C1,NCS1,-8.155,True,False,False,0.5939753522695584,2.762900000000001,2.331830429278046,401.48800000000017,,,,,,,0.4219479653102068,True,False,-8.155,,1.0,4.0,6.0,88.07,3.0,28.0,0.115612164,0.04213198,True,,,0.8627831939524016,1.0,CAN_b84e4481c257fd8f,MOL_816900fd8db3e4a9,,,ncs1.csv,/content/ncs1.csv,reward_results_2.csv,,,,,,,,,,,,0.4219479653102068;;;;;;;;;;
RLHF_0680,Docking intermedio,CAN_fef3025268e22330,MOL_afee7ae78db56142,COC=C1C(C)=CC=C1CNC(=O)Nc1ccccc1C1CCC(=O)N1,COC=C1C(CNC(=O)NC2=CC=CC=C2C3CCC(=O)N3)=CC=C1C,NCS1,-8.118,True,False,False,0.7114919350178955,3.175800000000001,3.6113741404246,353.4220000000001,,,,,,,0.4419613075383589,True,False,-8.118,,3.0,3.0,5.0,79.46000000000001,3.0,26.0,0.3141012,0.09689119,True,,,0.7485364144428334,1.0,CAN_a027fa7432c1c987,MOL_afee7ae78db56142,,,ncs1.csv,/content/ncs1.csv,reward_results_25.csv,,,,,,,,,,,,0.4419613075383589;;;;;;;;;;
RLHF_0681,Docking intermedio,CAN_13c1d9efd1624814,MOL_f014831809503e9a,Cc1ccc(C)c(NC(=O)c2ccc(CN3CCC(CO)CC3)cc2)c1,CC1=CC=C(C)C(NC(=O)C2=CC=C(CN3CCC(CO)CC3)C=C2)=C1,NCS1,-8.106,True,False,False,0.861382854721163,3.7600400000000014,1.8512862462204185,352.4780000000001,,,,,,,0.4482988659106071,True,False,-8.106,,2.0,3.0,5.0,52.57000000000001,3.0,26.0,0.0820904,0.033376724,True,,,0.5317491496927318,1.0,CAN_c75a214a12fb7125,MOL_f014831809503e9a,,,ncs1.csv,/content/ncs1.csv,reward_results_6.csv,,,,,,,,,,,,0.4482988659106071;;;;;;;;;;
RLHF_0682,Docking intermedio,CAN_30966f8dbd71286d,MOL_de26b29a088b3141,CN1CCO[C@H](c2ccc(CNC(=O)c3ccccc3)cc2)C1C(=O)N1CCCC1=O,CN1CCO[C@H1](C2=CC=C(CNC(=O)C3=CC=CC=C3)C=C2)C1C(=O)N4CCCC4=O,NCS1,-8.1,True,False,False,0.7486954374729317,2.1373000000000006,3.2325436777259053,421.4970000000002,,,,,,,0.4528574605292417,True,False,-8.1,,1.0,5.0,5.0,78.95,4.0,31.0,0.06573422,0.01972918,True,,,0.8326471341825852,1.0,CAN_9731367b9a56c2f6,MOL_de26b29a088b3141,,,ncs1.csv,/content/ncs1.csv,reward_results_27.csv,,,,,,,,,,,,0.4528574605292417;;;;;;;;;;
RLHF_0683,Docking intermedio,CAN_0b372455f8d69235,MOL_feac64f3973eb8f1,O=C(NCc1ccccn1)C1CCN(C(=S)NCCc2ccccc2)CC1,S=C(NCCC1=CC=CC=C1)N2CCC(CC2)C(=O)NCC3=CC=CC=N3,NCS1,-8.098,True,False,False,0.7521855265008377,2.527,2.0669719209422084,382.5330000000001,,,,,,,0.4544140538136536,True,False,-8.098,,2.0,3.0,6.0,57.260000000000005,3.0,27.0,0.096518144,0.03350615,True,,,0.8716317086553739,1.0,CAN_d04ec100c79fd452,MOL_feac64f3973eb8f1,,,ncs1.csv,/content/ncs1.csv,reward_results_23.csv,,,,,,,,,,,,0.4544140538136536;;;;;;;;;;
RLHF_0684,Docking intermedio,CAN_ba4b710a6330eabb,MOL_253d1239894b9c4c,CCCNC(=O)[C@@H]1CNC[C@H]1Cc1ccccc1-c1ccccc1,CCCNC(=O)[C@@H1]1CNC[C@H1]1CC2=CC=CC=C2C3=CC=CC=C3,NCS1,-8.091,True,False,False,0.8569455754767463,3.257900000000002,2.9404103654699902,322.452,,,,,,,0.45719368467867466,True,False,-8.091,,2.0,2.0,6.0,41.13,3.0,24.0,0.112780325,0.03478651,True,,,0.7150796096000355,1.0,CAN_312883f70f2948b5,MOL_253d1239894b9c4c,,,ncs1.csv,/content/ncs1.csv,reward_results_14.csv,,,,,,,,,,,,0.45719368467867466;;;;;;;;;;
RLHF_0685,Docking intermedio,CAN_df1482733a3e72d6,MOL_e917fb96b71e33bb,CCCN1CCOC1C(=O)c1ccccc1NC(=O)NCc1ccccc1Cl,CCCN1CCOC1C(=O)C2=CC=CC=C2NC(=O)NCC3=CC=CC=C3Cl,NCS1,-8.089,True,False,False,0.689822873166399,3.9127000000000014,2.9322861925051,401.8940000000001,,,,,,,0.4587502779630865,True,False,-8.089,,2.0,4.0,7.0,70.67,3.0,28.0,0.1343291,0.050424743,True,,,0.4775631550730135,1.0,CAN_b9c6eed375676041,MOL_e917fb96b71e33bb,,,ncs1.csv,/content/ncs1.csv,reward_results_26.csv,,,,,,,,,,,,0.4587502779630865;;;;;;;;;;
RLHF_0686,Docking intermedio,CAN_cd6edc6bf8e1b65f,MOL_38beeab77216108d,COC(=O)c1ccccc1NC(=O)CNC(=O)C=CC=C1C=CC=CC1=N,COC(=O)C1=CC=CC=C1NC(=O)CNC(=O)C=CC=C2C=CC=CC2=N,NCS1,-8.037,True,False,False,0.5300895848845378,2.15627,2.817935071149762,365.389,,,,,,,0.49099399599733157,True,False,-8.037,,3.0,5.0,6.0,108.35,2.0,27.0,0.39623812,0.09565818,True,,,0.8222232724482028,1.0,CAN_d10855788fdad5b9,MOL_38beeab77216108d,,,ncs1.csv,/content/ncs1.csv,reward_results_25.csv,,,,,,,,,,,,0.49099399599733157;;;;;;;;;;
RLHF_0687,Docking intermedio,CAN_4a6663448dce466f,MOL_2153a0e35fb8f596,CN(Cc1ccccc1)CC1CC(c2ccccc2)=CCN1,C1C=C(CC(CN(C)CC2=CC=CC=C2)N1)C3=CC=CC=C3,NCS1,-8.023,True,False,False,0.9061705830908442,3.563900000000002,2.673233528697832,292.42600000000004,,,,,,,0.5003335557038026,True,False,-8.023,,1.0,2.0,5.0,15.27,3.0,22.0,0.08551808,0.018483283,True,,,0.5902572588109732,1.0,CAN_65274954cd5ef5e2,MOL_2153a0e35fb8f596,,,ncs1.csv,/content/ncs1.csv,reward_results_3.csv,,,,,,,,,,,,0.5003335557038026;;;;;;;;;;
RLHF_0688,Docking intermedio,CAN_52c4dae110900469,MOL_23869cfd7d2efff1,C[C@@H](O)[C@H](N)C(=O)N1CCC[C@@H]1C(=O)Nc1ccc(C(=O)Nc2ccccc2F)cc1,C[C@@H1](O)[C@H1](N)C(=O)N1CCC[C@@H1]1C(=O)NC2=CC=C(C=C2)C(=O)NC3=CC=CC=C3F,NCS1,-7.99,True,False,False,0.5576102677130484,1.7156000000000002,2.963523977820364,428.4640000000001,,,,,,,0.514342895263509,True,False,-7.99,,4.0,5.0,6.0,124.76,3.0,31.0,0.22201155,0.09108826,True,,,0.6853570876548686,1.0,CAN_f164e97b90986c42,MOL_23869cfd7d2efff1,,,ncs1.csv,/content/ncs1.csv,reward_results_26.csv,,,,,,,,,,,,0.514342895263509;;;;;;;;;;
RLHF_0689,Docking intermedio,CAN_66197a5ba15b9ed0,MOL_4ae7b0b03ac3399c,CC=C1C=C(CNC(=O)c2ccccc2NC(=O)CNC(=O)c2cccnc2C)C1,CC=C1C=C(CNC(=O)C2=CC=CC=C2NC(=O)CNC(=O)C3=CC=CN=C3C)C1,NCS1,-7.978,True,False,False,0.660589880707178,2.7647200000000014,2.605918538232695,404.47000000000014,,,,,,,0.5215699355125639,True,False,-7.978,,3.0,4.0,7.0,100.19,3.0,30.0,0.14878902,0.053793058,True,,,0.8213056769390705,1.0,CAN_54c71b9ee212d3ed,MOL_4ae7b0b03ac3399c,,,ncs1.csv,/content/ncs1.csv,reward_results_29.csv,,,,,,,,,,,,0.5215699355125639;;;;;;;;;;
RLHF_0690,Docking intermedio,CAN_d1c0f9e231de1f11,MOL_1d9496bc95919bea,CCc1noc(-c2ccccc2NC(=O)NCCC2CCNCC2)n1,CCC1=NOC(C2=CC=CC=C2NC(=O)NCCC3CCNCC3)=N1,NCS1,-7.973,True,False,False,0.7499619462300601,2.8102,2.4107599822251142,343.4310000000001,,,,,,,0.5242383811429843,True,False,-7.973,,3.0,5.0,6.0,92.08,3.0,25.0,0.11396198,0.038919885,True,,,0.8124473838788628,1.0,CAN_fb9e4bf3faabbaff,MOL_1d9496bc95919bea,,,ncs1.csv,/content/ncs1.csv,reward_results_20.csv,,,,,,,,,,,,0.5242383811429843;;;;;;;;;;
RLHF_0691,Docking intermedio,CAN_ae29d61fa06a1e13,MOL_0c8f4873d9370878,CCc1ccc(CNC(=O)N[C@@H]2CCO[C@@H](CC(C)C)C2)cc1,CCC1=CC=C(CNC(=O)N[C@@H1]2CCO[C@@H1](CC(C)C)C2)C=C1,NCS1,-7.97,True,False,False,0.8410816961319089,3.6419000000000015,2.9418151197454367,318.46100000000007,,,,,,,0.5269068267734045,True,False,-7.97,,2.0,2.0,6.0,50.36,2.0,23.0,0.08440553,0.025904447,True,,,0.5525010192706246,1.0,CAN_e7818f974fdbf0dc,MOL_0c8f4873d9370878,,,ncs1.csv,/content/ncs1.csv,reward_results_9.csv,,,,,,,,,,,,0.5269068267734045;;;;;;;;;;
RLHF_0692,Docking intermedio,CAN_6904e9a97bfd100f,MOL_c6752bf33eca06f3,O=c1nc([O-])c(Cl)cn1Cc1cccc(OC2CCCCC2)c1,O=C1N=C([O-1])C(Cl)=CN1CC2=CC=CC(OC3CCCCC3)=C2,NCS1,-7.968,True,False,False,0.8624345764677519,2.730100000000001,2.743039772973834,333.7950000000002,,,,,,,0.529352901934623,True,False,-7.968,,0.0,4.0,4.0,67.17999999999999,3.0,23.0,0.16019996,0.06842793,True,,,0.8236202502183663,1.0,CAN_e187af618f9635a1,MOL_c6752bf33eca06f3,,,ncs1.csv,/content/ncs1.csv,reward_results_2.csv,,,,,,,,,,,,0.529352901934623;;;;;;;;;;
RLHF_0693,Docking intermedio,CAN_f56da3288d11c4e6,MOL_15ff9193977666b3,COC(=O)NC12CCCCC1C(N1C(=O)c3ccccc3C1=O)C2,COC(=O)NC12CCCCC1C(C2)N3C(=O)C4=CC=CC=C4C3=O,NCS1,-7.959,True,False,False,0.8456160183244871,2.3399,3.633254330444121,328.36800000000005,,,,,,,0.533689126084056,True,False,-7.959,,1.0,4.0,2.0,75.71000000000001,4.0,24.0,0.19891156,0.07292919,True,,,0.8291787912699351,1.0,CAN_d1097fe14ac718e4,MOL_15ff9193977666b3,,,ncs1.csv,/content/ncs1.csv,reward_results_3.csv,,,,,,,,,,,,0.533689126084056;;;;;;;;;;
RLHF_0694,Docking intermedio,CAN_a1be7f5eca11a6de,MOL_3f72aeb1b11e5fca,CN(c1ccc(NC(=O)c2cccc(F)c2F)cc1)S(=O)(=O)N1CCOCC1,CN(C1=CC=C(NC(=O)C2=CC=CC(F)=C2F)C=C1)S(=O)(=O)N3CCOCC3,NCS1,-7.909,True,False,False,0.8185437217095426,2.2303000000000006,2.278879142295798,411.4300000000002,,,,,,,0.5582610629308428,True,False,-7.909,,1.0,4.0,5.0,78.95,3.0,28.0,0.25153702,0.08905178,True,,,0.8013805698988821,1.0,CAN_67a190e1ab3ef867,MOL_3f72aeb1b11e5fca,,,ncs1.csv,/content/ncs1.csv,reward_results_19.csv,,,,,,,,,,,,0.5582610629308428;;;;;;;;;;
RLHF_0695,Docking intermedio,CAN_2bb817b2ad415542,MOL_45ff8c9329ef3a98,CSC[C@@H](C)N1CCCC1CNC(=O)c1ccccc1NC(=O)NCc1cccnc1,CSC[C@@H1](C)N1CCCC1CNC(=O)C2=CC=CC=C2NC(=O)NCC3=CC=CN=C3,NCS1,-7.906,True,False,False,0.5556158116390528,3.349000000000001,3.201060013075949,441.6010000000001,,,,,,,0.5609295085612631,True,False,-7.906,,3.0,5.0,9.0,86.36,3.0,31.0,0.117637224,0.047045704,True,,,0.6439072164570775,1.0,CAN_65f6dddb7e2934f5,MOL_45ff8c9329ef3a98,,,ncs1.csv,/content/ncs1.csv,reward_results_28.csv,,,,,,,,,,,,0.5609295085612631;;;;;;;;;;
RLHF_0696,Docking intermedio,CAN_acf968518af8fcc1,MOL_6033e9742264e67b,O=C(CC[NH2+]c1ccc(F)cc1)N1CCc2ccccc2C1,O=C(CC[NH2+1]C1=CC=C(F)C=C1)N2CCC3=CC=CC=C3C2,NCS1,-7.886,True,False,False,0.8614540969021209,1.9956,2.9799457129559883,299.369,,,,,,,0.5730486991327551,True,False,-7.886,,1.0,1.0,4.0,36.92,3.0,22.0,0.07334111,0.02834647,True,,,0.7458132460628208,1.0,CAN_20d02a69b5816f8e,MOL_6033e9742264e67b,,,ncs1.csv,/content/ncs1.csv,reward_results_9.csv,,,,,,,,,,,,0.5730486991327551;;;;;;;;;;
RLHF_0697,Docking intermedio,CAN_841a568775c1a912,MOL_1c4068dbdfc01e1b,Cc1n[nH]c2c1CCN1C(=O)c3ccccc3C(=O)C21,CC1=N[NH1]C2=C1CCN(C23)C(=O)C4=CC=CC=C4C3=O,NCS1,-7.88,True,False,False,0.7889718269108047,1.65402,3.205261781290554,267.288,,,,,,,0.5758283299977763,True,False,-7.88,,1.0,3.0,0.0,66.06,4.0,20.0,0.10395902,0.034236502,True,,,0.6387264881206015,1.0,CAN_7389a286928c8039,MOL_1c4068dbdfc01e1b,,,ncs1.csv,/content/ncs1.csv,reward_results_13.csv,,,,,,,,,,,,0.5758283299977763;;;;;;;;;;
RLHF_0698,Docking intermedio,CAN_a3499f937140c06a,MOL_10f2836c873c34ca,COCCN(C)C(=O)c1ccccc1NC(=O)N1Cc2ccccc2C1=O,COCCN(C)C(=O)C1=CC=CC=C1NC(=O)N2CC3=CC=CC=C3C2=O,NCS1,-7.877,True,False,False,0.8810032842368677,2.592900000000001,2.2547919537408543,367.40500000000014,,,,,,,0.5773849232821882,True,False,-7.877,,1.0,4.0,5.0,78.95,3.0,27.0,0.16610187,0.06841118,True,,,0.8100954095644274,1.0,CAN_5e4f7225a9c31f2f,MOL_10f2836c873c34ca,,,ncs1.csv,/content/ncs1.csv,reward_results_24.csv,,,,,,,,,,,,0.5773849232821882;;;;;;;;;;
RLHF_0699,Docking intermedio,CAN_da8022d31a10bbda,MOL_be561e94584da73c,CC(C(=O)O)c1ccc([NH2+][C@@H](C)N2CCC(C(=O)NCc3ccccc3)CC2)cc1,C[C@H1]([NH2+1]C1=CC=C(C=C1)C(C)C(O)=O)N2CCC(CC2)C(=O)NCC3=CC=CC=C3,NCS1,-7.836,True,False,False,0.5836876819845878,2.444000000000001,3.5683344125762755,410.5380000000001,,,,,,,0.5992884144985546,True,False,-7.836,,3.0,3.0,8.0,86.25,3.0,30.0,0.07952423,0.02083475,True,,,0.7985712305768744,1.0,CAN_2effec0ba2599ded,MOL_be561e94584da73c,,,ncs1.csv,/content/ncs1.csv,reward_results_6.csv,,,,,,,,,,,,0.5992884144985546;;;;;;;;;;
RLHF_0700,Docking intermedio,CAN_568e2a2718ceb969,MOL_98fcc1a0367ac221,C#CCOC1=CC=CC=C1C(=O)NC2=CC=CC=C2C(=O)NCC3=CC=CC=C3,C#CCOC1=CC=CC=C1C(=O)NC2=CC=CC=C2C(=O)NCC3=CC=CC=C3,NCS1_H10,-10.43975374317266,True,False,False,,,,,0.5695355534553528,,,,,,0.48148148148148145,False,True,,-10.43975374317266,,,,,,,,,,,-0.3593210577964782,,,,,CAN_568e2a2718ceb969,MOL_98fcc1a0367ac221,,,,2.0,ncs1_h10_POCKLIGGPT_de_novo.csv,ncs1_h10; ncs1_leu89,ncs1_h10/ncs1_h10_POCKLIGGPT_de_novo.csv; ncs1_leu89/ncs1_h10_POCKLIGGPT_de_novo.csv,ncs1_h10; ncs1_leu89,intermediate,C#CCOC1=CC=CC=C1C(=O)NC2=CC=CC=C2C(=O)NCC3=CC=CC=C3,,,,,0.48148148148148145;;;;;;;
RLHF_0701,Docking pobre,CAN_dbb3eb2990d2b7a7,MOL_1404639a72b906d0,C[C@@H1](CNC1=CC=C2[NH1]C=CC2=C1)C3=CC4=CC(=C3)C5=CN=CN5C(=C46)NC(=O)NC6,C[C@@H1](CNC1=CC=C2[NH1]C=CC2=C1)C3=CC4=CC(=C3)C5=CN=CN5C(=C46)NC(=O)NC6,BACE1,-5.0,True,False,False,,4.1990000000000025,,410.48100000000017,,,,,,,0.9910499936823485,False,True,,-5.0,,,,,,,,,,,,,,,,CAN_dbb3eb2990d2b7a7,MOL_1404639a72b906d0,,,,1.0,reward_results_9.csv,bace_4,bace_4/reward_results_9.csv,bace_4,intermediate,C[C@@H1](CNC1=CC=C2[NH1]C=CC2=C1)C3=CC4=CC(=C3)C5=CN=CN5C(=C46)NC(=O)NC6,,4.1990000000000025,,410.48100000000017,0.9910499936823485;;;;;;;;;;
RLHF_0702,Docking pobre,CAN_2ea99cd046605eb7,MOL_86e2ca1b24e93cbd,CSC1=CC2=CC(=C1)C3=CC=CC=C3N2C,CSC1=CC2=CC(=C1)C3=CC=CC=C3N2C,BACE1,-5.0,True,False,False,,4.156800000000003,,227.332,,,,,,,0.9910499936823485,False,True,,-5.0,,,,,,,,,,,,,,,,CAN_2ea99cd046605eb7,MOL_86e2ca1b24e93cbd,,,,1.0,reward_results_4.csv,bace_3,bace_3/reward_results_4.csv,bace_3,intermediate,CSC1=CC2=CC(=C1)C3=CC=CC=C3N2C,,4.156800000000003,,227.332,0.9910499936823485;;;;;;;;;;
RLHF_0703,Docking pobre,CAN_4922ff2d35078be4,MOL_9089bdb1685ead23,C[C@](O)(C(=O)NC1=CC=C2C(=C1)CCC2=O)C3=C4C=C5C(=C3)CC(=O)N5CCC4,C[C@](O)(C(=O)NC1=CC=C2C(=C1)CCC2=O)C3=C4C=C5C(=C3)CC(=O)N5CCC4,BACE1,-5.0,True,False,False,,2.497,,390.4390000000002,,,,,,,0.9910499936823485,False,True,,-5.0,,,,,,,,,,,,,,,,CAN_4922ff2d35078be4,MOL_9089bdb1685ead23,,,,1.0,reward_results_23.csv,bace_3,bace_3/reward_results_23.csv,bace_3,intermediate,C[C@](O)(C(=O)NC1=CC=C2C(=C1)CCC2=O)C3=C4C=C5C(=C3)CC(=O)N5CCC4,,2.497,,390.4390000000002,0.9910499936823485;;;;;;;;;;
RLHF_0704,Docking pobre,CAN_5d6fe820ebef45b2,MOL_f07455d7657779f3,C1=CC=C2C(=C1)C3=C(CNC4=CC=C5C(=C4)OCCO5)N=C6N=C3N2CC6,C1=CC=C2C(=C1)C3=C(CNC4=CC=C5C(=C4)OCCO5)N=C6N=C3N2CC6,BACE1,-5.0,True,False,False,,3.523900000000001,,358.4010000000001,,,,,,,0.9910499936823485,False,True,,-5.0,,,,,,,,,,,,,,,,CAN_5d6fe820ebef45b2,MOL_f07455d7657779f3,,,,1.0,reward_results_14.csv,bace_3,bace_3/reward_results_14.csv,bace_3,intermediate,C1=CC=C2C(=C1)C3=C(CNC4=CC=C5C(=C4)OCCO5)N=C6N=C3N2CC6,,3.523900000000001,,358.4010000000001,0.9910499936823485;;;;;;;;;;
RLHF_0705,Docking pobre,CAN_2306456074839c07,MOL_db6c1fd8f487cef0,COC=C1C2=CC3=CC4=C(C=CC=C24)C(N)=NC3=C1,COC=C1C2=CC3=CC4=C(C=CC=C24)C(N)=NC3=C1,BACE1,-5.0,True,False,False,,2.4467,,248.285,,,,,,,0.9910499936823485,False,True,,-5.0,,,,,,,,,,,,,,,,CAN_2306456074839c07,MOL_db6c1fd8f487cef0,,,,1.0,reward_results_2.csv,bace_4,bace_4/reward_results_2.csv,bace_4,intermediate,COC=C1C2=CC3=CC4=C(C=CC=C24)C(N)=NC3=C1,,2.4467,,248.285,0.9910499936823485;;;;;;;;;;
RLHF_0706,Docking pobre,CAN_6efabae09849bb09,MOL_c6aace63f3dd118c,C[C@@H1](N[C@H1]1CCC2=CC=CC=C2C1)C3=C4C=CC(=C3)C=C5N=C[NH1]C5N4,C[C@@H1](N[C@H1]1CCC2=CC=CC=C2C1)C3=C4C=CC(=C3)C=C5N=C[NH1]C5N4,BACE1,-5.0,True,False,False,,3.618700000000002,,344.462,,,,,,,0.9910499936823485,False,True,,-5.0,,,,,,,,,,,,,,,,CAN_6efabae09849bb09,MOL_c6aace63f3dd118c,,,,1.0,reward_results_22.csv,bace_4,bace_4/reward_results_22.csv,bace_4,intermediate,C[C@@H1](N[C@H1]1CCC2=CC=CC=C2C1)C3=C4C=CC(=C3)C=C5N=C[NH1]C5N4,,3.618700000000002,,344.462,0.9910499936823485;;;;;;;;;;
RLHF_0707,Docking pobre,CAN_1ee04b628963167a,MOL_9a6a73ea2916f387,O=C1CCC(=O)N1CC2=CC=CC(=C2)C3=CC4=CC(=C3)CC(=O)N4C5=CC=CC=C5,O=C1CCC(=O)N1CC2=CC=CC(=C2)C3=CC4=CC(=C3)CC(=O)N4C5=CC=CC=C5,BACE1,-5.0,True,False,False,,4.223400000000003,,396.44600000000014,,,,,,,0.9910499936823485,False,True,,-5.0,,,,,,,,,,,,,,,,CAN_1ee04b628963167a,MOL_9a6a73ea2916f387,,,,1.0,reward_results_6.csv,bace_4,bace_4/reward_results_6.csv,bace_4,intermediate,O=C1CCC(=O)N1CC2=CC=CC(=C2)C3=CC4=CC(=C3)CC(=O)N4C5=CC=CC=C5,,4.223400000000003,,396.44600000000014,0.9910499936823485;;;;;;;;;;
RLHF_0708,Docking pobre,CAN_92a47b77dc4336c4,MOL_a186d0cde0dad78c,C[C@H1](CC1=CC=CC2=C1F)NC=3CCN(CC2=3)C(=O)C4=CC5=CC=CC=C5O4,C[C@H1](CC1=CC=CC2=C1F)NC=3CCN(CC2=3)C(=O)C4=CC5=CC=CC=C5O4,BACE1,-5.0,True,False,False,,4.363300000000003,,376.431,,,,,,,0.9910499936823485,False,True,,-5.0,,,,,,,,,,,,,,,,CAN_92a47b77dc4336c4,MOL_a186d0cde0dad78c,,,,1.0,reward_results_1.csv,bace_4,bace_4/reward_results_1.csv,bace_4,intermediate,C[C@H1](CC1=CC=CC2=C1F)NC=3CCN(CC2=3)C(=O)C4=CC5=CC=CC=C5O4,,4.363300000000003,,376.431,0.9910499936823485;;;;;;;;;;
RLHF_0709,Docking pobre,CAN_07478741daaa73bd,MOL_9a966ceee1e5c69d,O[C@H1]1CCC[NH1+1](C1)C2=CC=CC(=C2)C3=CC4=CC(=C3)C5=CN=CN5C4=O,O[C@H1]1CCC[NH1+1](C1)C2=CC=CC(=C2)C3=CC4=CC(=C3)C5=CN=CN5C4=O,BACE1,-5.0,True,False,False,,1.6235999999999993,,346.4100000000001,,,,,,,0.9910499936823485,False,True,,-5.0,,,,,,,,,,,,,,,,CAN_07478741daaa73bd,MOL_9a966ceee1e5c69d,,,,1.0,reward_results_8.csv,bace_4,bace_4/reward_results_8.csv,bace_4,intermediate,O[C@H1]1CCC[NH1+1](C1)C2=CC=CC(=C2)C3=CC4=CC(=C3)C5=CN=CN5C4=O,,1.6235999999999993,,346.4100000000001,0.9910499936823485;;;;;;;;;;
RLHF_0710,Docking pobre,CAN_75c6894a283f9f0b,MOL_100148251eb53577,CCOC1=CC2=CC(=C1)CN(C(=O)C3=CC=C4C(=C3)CCCC4)C2,CCOC1=CC2=CC(=C1)CN(C(=O)C3=CC=C4C(=C3)CCCC4)C2,BACE1,-5.0,True,False,False,,4.120100000000003,,321.4200000000002,,,,,,,0.9910499936823485,False,True,,-5.0,,,,,,,,,,,,,,,,CAN_75c6894a283f9f0b,MOL_100148251eb53577,,,,1.0,reward_results_25.csv,bace_3,bace_3/reward_results_25.csv,bace_3,intermediate,CCOC1=CC2=CC(=C1)CN(C(=O)C3=CC=C4C(=C3)CCCC4)C2,,4.120100000000003,,321.4200000000002,0.9910499936823485;;;;;;;;;;
RLHF_0711,Docking pobre,CAN_71835154f313ba0a,MOL_b40d5a3dc85cd1c3,CCOC1=CC=CC(NC(=O)C2=CC=CC(N3CCNC3=O)=C2)=C1C(=O)NC4=CC=CC=C4N5CCOCC5,CCOC1=CC=CC(NC(=O)C2=CC=CC(N3CCNC3=O)=C2)=C1C(=O)NC4=CC=CC=C4N5CCOCC5,BACE1,-5.0,True,False,False,,3.956100000000002,,529.5970000000001,,,,,,,0.9910499936823485,False,True,,-5.0,,,,,,,,,,,,,,,,CAN_71835154f313ba0a,MOL_b40d5a3dc85cd1c3,,,,1.0,reward_results_27.csv,bace_3,bace_3/reward_results_27.csv,bace_3,intermediate,CCOC1=CC=CC(NC(=O)C2=CC=CC(N3CCNC3=O)=C2)=C1C(=O)NC4=CC=CC=C4N5CCOCC5,,3.956100000000002,,529.5970000000001,0.9910499936823485;;;;;;;;;;
RLHF_0712,Docking pobre,CAN_62c429ca3897162b,MOL_525cb264db103677,COC(=O)/C=C/C1=CNC(=N1)C2=CC=C(N=C2)C3=C4C=CC(=C3)C4C(=O)NCC,COC(=O)/C=C/C1=CNC(=N1)C2=CC=C(N=C2)C3=C4C=CC(=C3)C4C(=O)NCC,BACE1,-5.0,True,False,False,,2.6736000000000004,,388.4270000000001,,,,,,,0.9910499936823485,False,True,,-5.0,,,,,,,,,,,,,,,,CAN_62c429ca3897162b,MOL_525cb264db103677,,,,1.0,reward_results_10.csv,bace_4,bace_4/reward_results_10.csv,bace_4,intermediate,COC(=O)/C=C/C1=CNC(=N1)C2=CC=C(N=C2)C3=C4C=CC(=C3)C4C(=O)NCC,,2.6736000000000004,,388.4270000000001,0.9910499936823485;;;;;;;;;;
RLHF_0713,Docking pobre,CAN_56396d9828345e9b,MOL_ebf4795c31fa6d77,C1CN=C(Cl)N1C2=CC=C3C(=C2)CCN3C(=O)C4=CC5=CC(=C4)CC5N,C1CN=C(Cl)N1C2=CC=C3C(=C2)CCN3C(=O)C4=CC5=CC(=C4)CC5N,BACE1,-5.0,True,False,False,,2.8602,,366.8520000000001,,,,,,,0.9910499936823485,False,True,,-5.0,,,,,,,,,,,,,,,,CAN_56396d9828345e9b,MOL_ebf4795c31fa6d77,,,,1.0,reward_results_24.csv,bace_3,bace_3/reward_results_24.csv,bace_3,intermediate,C1CN=C(Cl)N1C2=CC=C3C(=C2)CCN3C(=O)C4=CC5=CC(=C4)CC5N,,2.8602,,366.8520000000001,0.9910499936823485;;;;;;;;;;
RLHF_0714,Docking pobre,CAN_1107edef77bc9eca,MOL_c6c28dacdf9cd22a,C[C@H1]1OCC[C@@H1]1NC(=O)C2=CC3=CC(=C2)C(=O)C4=CC=C5C=CC=CC5=C43,C[C@H1]1OCC[C@@H1]1NC(=O)C2=CC3=CC(=C2)C(=O)C4=CC=C5C=CC=CC5=C43,BACE1,-5.0,True,False,False,,3.958400000000003,,357.40900000000005,,,,,,,0.9910499936823485,False,True,,-5.0,,,,,,,,,,,,,,,,CAN_1107edef77bc9eca,MOL_c6c28dacdf9cd22a,,,,1.0,reward_results_20.csv,bace_3,bace_3/reward_results_20.csv,bace_3,intermediate,C[C@H1]1OCC[C@@H1]1NC(=O)C2=CC3=CC(=C2)C(=O)C4=CC=C5C=CC=CC5=C43,,3.958400000000003,,357.40900000000005,0.9910499936823485;;;;;;;;;;
RLHF_0715,Docking pobre,CAN_7cf2e6b399610b48,MOL_3dc936be20b18ea1,COC(=O)[C@]12CCC(=O)N1CCN2C(=O)C3=C4C=C5C(=C3)CCN5C(=O)C6=CC=CC=C64,COC(=O)[C@]12CCC(=O)N1CCN2C(=O)C3=C4C=C5C(=C3)CCN5C(=O)C6=CC=CC=C64,BACE1,-5.0,True,False,False,,1.8173999999999988,,431.4480000000002,,,,,,,0.9910499936823485,False,True,,-5.0,,,,,,,,,,,,,,,,CAN_7cf2e6b399610b48,MOL_3dc936be20b18ea1,,,,1.0,reward_results_21.csv,bace_3,bace_3/reward_results_21.csv,bace_3,intermediate,COC(=O)[C@]12CCC(=O)N1CCN2C(=O)C3=C4C=C5C(=C3)CCN5C(=O)C6=CC=CC=C64,,1.8173999999999988,,431.4480000000002,0.9910499936823485;;;;;;;;;;
RLHF_0716,Docking pobre,CAN_82181e28a39f73d6,MOL_c9b435b867ce2f42,CN[C@H1]1C2=CC(C[C@H1]1O)=CC=C2NC(=O)C3=CC=CC(=C3)C4=NC=NN4,CN[C@H1]1C2=CC(C[C@H1]1O)=CC=C2NC(=O)C3=CC=CC(=C3)C4=NC=NN4,BACE1,-5.0,True,False,False,,1.9014999999999995,,349.39400000000006,,,,,,,0.9910499936823485,False,True,,-5.0,,,,,,,,,,,,,,,,CAN_82181e28a39f73d6,MOL_c9b435b867ce2f42,,,,1.0,reward_results_26.csv,bace_4,bace_4/reward_results_26.csv,bace_4,intermediate,CN[C@H1]1C2=CC(C[C@H1]1O)=CC=C2NC(=O)C3=CC=CC(=C3)C4=NC=NN4,,1.9014999999999995,,349.39400000000006,0.9910499936823485;;;;;;;;;;
RLHF_0717,Docking pobre,CAN_139bb9f91298b406,MOL_c29d5278f6534b3a,COC1=CC=CC=C1CNC(=O)C2=CC3=CC(=C2)C(=O)C4=CC=CN4C3=O,COC1=CC=CC=C1CNC(=O)C2=CC3=CC(=C2)C(=O)C4=CC=CN4C3=O,BACE1,-5.0,True,False,False,,2.1893,,360.3690000000001,,,,,,,0.9910499936823485,False,True,,-5.0,,,,,,,,,,,,,,,,CAN_139bb9f91298b406,MOL_c29d5278f6534b3a,,,,1.0,reward_results_24.csv,bace_3,bace_3/reward_results_24.csv,bace_3,intermediate,COC1=CC=CC=C1CNC(=O)C2=CC3=CC(=C2)C(=O)C4=CC=CN4C3=O,,2.1893,,360.3690000000001,0.9910499936823485;;;;;;;;;;
RLHF_0718,Docking pobre,CAN_599e93fb73617d45,MOL_0e65c6da0d795f5a,CCOC[C@]1(O)CC2=CC=CC3=C2OCC4=C([NH1]C5=CC=CC=C45)[C@H1]1O3,CCOC[C@]1(O)CC2=CC=CC3=C2OCC4=C([NH1]C5=CC=CC=C45)[C@H1]1O3,BACE1,-5.0,True,False,False,,3.504100000000002,,351.40200000000004,,,,,,,0.9910499936823485,False,True,,-5.0,,,,,,,,,,,,,,,,CAN_599e93fb73617d45,MOL_0e65c6da0d795f5a,,,,1.0,reward_results_0.csv,bace_3,bace_3/reward_results_0.csv,bace_3,intermediate,CCOC[C@]1(O)CC2=CC=CC3=C2OCC4=C([NH1]C5=CC=CC=C45)[C@H1]1O3,,3.504100000000002,,351.40200000000004,0.9910499936823485;;;;;;;;;;
RLHF_0719,Docking pobre,CAN_eff16d9f7799f2ba,MOL_a75f95e25dac9aa2,O[C@H1]1OC2=CC=C(C=C2)C3=C1C=CC=C3OC4=CC=C(N=C4)C#N,O[C@H1]1OC2=CC=C(C=C2)C3=C1C=CC=C3OC4=CC=C(N=C4)C#N,BACE1,-5.0,True,False,False,,3.795880000000003,,316.31600000000003,,,,,,,0.9910499936823485,False,True,,-5.0,,,,,,,,,,,,,,,,CAN_eff16d9f7799f2ba,MOL_a75f95e25dac9aa2,,,,1.0,reward_results_15.csv,bace_4,bace_4/reward_results_15.csv,bace_4,intermediate,O[C@H1]1OC2=CC=C(C=C2)C3=C1C=CC=C3OC4=CC=C(N=C4)C#N,,3.795880000000003,,316.31600000000003,0.9910499936823485;;;;;;;;;;
RLHF_0720,Docking pobre,CAN_a12297f3b1f876a3,MOL_d1255321d474e938,COC1=CC=C(Cl)C=C1NC(=O)CN2C(=O)C3=CC=C4C(=C3)CCCN4C(=O)C2=O,COC1=CC=C(Cl)C=C1NC(=O)CN2C(=O)C3=CC=C4C(=C3)CCCN4C(=O)C2=O,BACE1,-5.0,True,False,False,,2.2489,,427.8440000000003,,,,,,,0.9910499936823485,False,True,,-5.0,,,,,,,,,,,,,,,,CAN_a12297f3b1f876a3,MOL_d1255321d474e938,,,,1.0,reward_results_21.csv,bace_3,bace_3/reward_results_21.csv,bace_3,intermediate,COC1=CC=C(Cl)C=C1NC(=O)CN2C(=O)C3=CC=C4C(=C3)CCCN4C(=O)C2=O,,2.2489,,427.8440000000003,0.9910499936823485;;;;;;;;;;
RLHF_0721,Docking pobre,CAN_d0e6c20cb7e51054,MOL_cb426d280d36c8e1,C[NH1+1](C)[C@@H1]1CCCN1C(=O)C2=CC=CC(=C2)C3=CC=C(N=C34)C=CC(=O)[NH1]C4,C[NH1+1](C)[C@@H1]1CCCN1C(=O)C2=CC=CC(=C2)C3=CC=C(N=C34)C=CC(=O)[NH1]C4,BACE1,-5.0,True,False,False,,1.0981999999999998,,377.4680000000002,,,,,,,0.9910499936823485,False,True,,-5.0,,,,,,,,,,,,,,,,CAN_d0e6c20cb7e51054,MOL_cb426d280d36c8e1,,,,1.0,reward_results_28.csv,bace_4,bace_4/reward_results_28.csv,bace_4,intermediate,C[NH1+1](C)[C@@H1]1CCCN1C(=O)C2=CC=CC(=C2)C3=CC=C(N=C34)C=CC(=O)[NH1]C4,,1.0981999999999998,,377.4680000000002,0.9910499936823485;;;;;;;;;;
RLHF_0722,Docking pobre,CAN_05ffa657d7397fa4,MOL_951726f2423b9f09,COC=CC=CCNC(=O)C1=C2C=CC(=C13)C=CC4=CC=CC2=C4C3=O,COC=CC=CCNC(=O)C1=C2C=CC(=C13)C=CC4=CC=CC2=C4C3=O,BACE1,-5.0,True,False,False,,3.7797000000000014,,343.3820000000001,,,,,,,0.9910499936823485,False,True,,-5.0,,,,,,,,,,,,,,,,CAN_05ffa657d7397fa4,MOL_951726f2423b9f09,,,,1.0,reward_results_11.csv,bace_4,bace_4/reward_results_11.csv,bace_4,intermediate,COC=CC=CCNC(=O)C1=C2C=CC(=C13)C=CC4=CC=CC2=C4C3=O,,3.7797000000000014,,343.3820000000001,0.9910499936823485;;;;;;;;;;
RLHF_0723,Docking pobre,CAN_a0d14f1a9afe2c73,MOL_3aa2e534c51cc7fb,C1CC2=NC=C1C=C2NC(=O)C3=CC=C4[NH1]C(=NC4=C3)C(=O)NC=CC=CN=C,C1CC2=NC=C1C=C2NC(=O)C3=CC=C4[NH1]C(=NC4=C3)C(=O)NC=CC=CN=C,BACE1,-5.0,True,False,False,,2.7666000000000013,,386.4150000000001,,,,,,,0.9910499936823485,False,True,,-5.0,,,,,,,,,,,,,,,,CAN_a0d14f1a9afe2c73,MOL_3aa2e534c51cc7fb,,,,1.0,reward_results_21.csv,bace_4,bace_4/reward_results_21.csv,bace_4,intermediate,C1CC2=NC=C1C=C2NC(=O)C3=CC=C4[NH1]C(=NC4=C3)C(=O)NC=CC=CN=C,,2.7666000000000013,,386.4150000000001,0.9910499936823485;;;;;;;;;;
RLHF_0724,Docking pobre,CAN_6ff418bf7622bb3d,MOL_302ac5487e08814a,CCO[C@@H1](C)C(=O)N1C2=CC(=CC(CO)=C2C)C3=CC=CC=C3C1=O,CCO[C@@H1](C)C(=O)N1C2=CC(=CC(CO)=C2C)C3=CC=CC=C3C1=O,BACE1,-5.0,True,False,False,,3.066120000000001,,339.3910000000001,,,,,,,0.9910499936823485,False,True,,-5.0,,,,,,,,,,,,,,,,CAN_6ff418bf7622bb3d,MOL_302ac5487e08814a,,,,1.0,reward_results_2.csv,bace_4,bace_4/reward_results_2.csv,bace_4,intermediate,CCO[C@@H1](C)C(=O)N1C2=CC(=CC(CO)=C2C)C3=CC=CC=C3C1=O,,3.066120000000001,,339.3910000000001,0.9910499936823485;;;;;;;;;;
RLHF_0725,Docking pobre,CAN_fb7d2bacb244f409,MOL_e405f9319486e704,C[C@H1](O)[C@H1]1C(=O)NC2=CC=CC=C2N[C@@]1C(=O)NC3=C4C=C(C=C3F)C(=O)C=CC4=O,C[C@H1](O)[C@H1]1C(=O)NC2=CC=CC=C2N[C@@]1C(=O)NC3=C4C=C(C=C3F)C(=O)C=CC4=O,BACE1,-5.0,True,False,False,,2.29259,,422.3920000000002,,,,,,,0.9910499936823485,False,True,,-5.0,,,,,,,,,,,,,,,,CAN_fb7d2bacb244f409,MOL_e405f9319486e704,,,,1.0,reward_results_15.csv,bace_3,bace_3/reward_results_15.csv,bace_3,intermediate,C[C@H1](O)[C@H1]1C(=O)NC2=CC=CC=C2N[C@@]1C(=O)NC3=C4C=C(C=C3F)C(=O)C=CC4=O,,2.29259,,422.3920000000002,0.9910499936823485;;;;;;;;;;
RLHF_0726,Docking pobre,CAN_b909d198caecf7a0,MOL_086c2b8ed9e50830,CS(=O)(=O)N1C2=CC=C3C(=C2)C(=O)C4=CC=CC=C4N3CC5=CC=C6C=C5N(C#N)C(=O)N61,CS(=O)(=O)N1C2=CC=C3C(=C2)C(=O)C4=CC=CC=C4N3CC5=CC=C6C=C5N(C#N)C(=O)N61,BACE1,-5.0,True,False,False,,3.1250800000000023,,457.4710000000002,,,,,,,0.9910499936823485,False,True,,-5.0,,,,,,,,,,,,,,,,CAN_b909d198caecf7a0,MOL_086c2b8ed9e50830,,,,1.0,reward_results_19.csv,bace_3,bace_3/reward_results_19.csv,bace_3,intermediate,CS(=O)(=O)N1C2=CC=C3C(=C2)C(=O)C4=CC=CC=C4N3CC5=CC=C6C=C5N(C#N)C(=O)N61,,3.1250800000000023,,457.4710000000002,0.9910499936823485;;;;;;;;;;
RLHF_0727,Docking pobre,CAN_8908fda2f07bbe13,MOL_fa9dd5f1a95d44d1,CC1=CC=C(C=C1C)C2=NN(CC34CC(C5=CC=CO5)(C3)C46)C=NC(N)=C2C6,CC1=CC=C(C=C1C)C2=NN(CC34CC(C5=CC=CO5)(C3)C46)C=NC(N)=C2C6,BACE1,-5.0,True,False,False,,3.8664400000000017,,372.47200000000015,,,,,,,0.9910499936823485,False,True,,-5.0,,,,,,,,,,,,,,,,CAN_8908fda2f07bbe13,MOL_fa9dd5f1a95d44d1,,,,1.0,reward_results_0.csv,bace_4,bace_4/reward_results_0.csv,bace_4,intermediate,CC1=CC=C(C=C1C)C2=NN(CC34CC(C5=CC=CO5)(C3)C46)C=NC(N)=C2C6,,3.8664400000000017,,372.47200000000015,0.9910499936823485;;;;;;;;;;
RLHF_0728,Docking pobre,CAN_173b0e306bfe9d6d,MOL_dffc15f90eafe923,CC(C)NC(=O)C1=CC=CC(=C1)C2=CC3=CC(=C2)C(=O)N3C(O)=O,CC(C)NC(=O)C1=CC=CC(=C1)C2=CC3=CC(=C2)C(=O)N3C(O)=O,BACE1,-5.0,True,False,False,,3.130000000000001,,324.33600000000007,,,,,,,0.9910499936823485,False,True,,-5.0,,,,,,,,,,,,,,,,CAN_173b0e306bfe9d6d,MOL_dffc15f90eafe923,,,,1.0,reward_results_16.csv,bace_4,bace_4/reward_results_16.csv,bace_4,intermediate,CC(C)NC(=O)C1=CC=CC(=C1)C2=CC3=CC(=C2)C(=O)N3C(O)=O,,3.130000000000001,,324.33600000000007,0.9910499936823485;;;;;;;;;;
RLHF_0729,Docking pobre,CAN_6e7cdce51fa964a7,MOL_3c08d1c6c8f94e50,C[C@@H1](O)C[NH2+1]C(C1=CC=C(C(=O)N2CCCCC2)C3=C1)C=C4C=CC=CC4=C3C#N,C[C@@H1](O)C[NH2+1]C(C1=CC=C(C(=O)N2CCCCC2)C3=C1)C=C4C=CC=CC4=C3C#N,BACE1,-5.0,True,False,False,,0.8146800000000001,,402.518,,,,,,,0.9910499936823485,False,True,,-5.0,,,,,,,,,,,,,,,,CAN_6e7cdce51fa964a7,MOL_3c08d1c6c8f94e50,,,,1.0,reward_results_16.csv,bace_3,bace_3/reward_results_16.csv,bace_3,intermediate,C[C@@H1](O)C[NH2+1]C(C1=CC=C(C(=O)N2CCCCC2)C3=C1)C=C4C=CC=CC4=C3C#N,,0.8146800000000001,,402.518,0.9910499936823485;;;;;;;;;;
RLHF_0730,Docking pobre,CAN_b3f5e863e09fbd35,MOL_5e2a894de57ae220,COC(=O)[C@@H1]1[C@H1](C(=O)O)[C@H1]2CC[C@H1]1N2C(=O)C3=CC=C(N4CCN(C)CC4)C([N+1](=O)[O-1])=C3,COC(=O)[C@@H1]1[C@H1](C(=O)O)[C@H1]2CC[C@H1]1N2C(=O)C3=CC=C(N4CCN(C)CC4)C([N+1](=O)[O-1])=C3,BACE1,-5.0,True,False,False,,0.8234000000000001,,446.46000000000026,,,,,,,0.9910499936823485,False,True,,-5.0,,,,,,,,,,,,,,,,CAN_b3f5e863e09fbd35,MOL_5e2a894de57ae220,,,,1.0,reward_results_10.csv,bace_3,bace_3/reward_results_10.csv,bace_3,intermediate,COC(=O)[C@@H1]1[C@H1](C(=O)O)[C@H1]2CC[C@H1]1N2C(=O)C3=CC=C(N4CCN(C)CC4)C([N+1](=O)[O-1])=C3,,0.8234000000000001,,446.46000000000026,0.9910499936823485;;;;;;;;;;
RLHF_0731,Docking pobre,CAN_c95f1a886cd6216e,MOL_dd67fff18d7c6d73,CC(C1)OC=CC=C(C2CC3=NC4=C5C=CC=NC5=C3C(O)=C24)C1,CC(C1)OC=CC=C(C2CC3=NC4=C5C=CC=NC5=C3C(O)=C24)C1,BACE1,-5.0,True,False,False,,4.2051000000000025,,318.3760000000001,,,,,,,0.9910499936823485,False,True,,-5.0,,,,,,,,,,,,,,,,CAN_c95f1a886cd6216e,MOL_dd67fff18d7c6d73,,,,1.0,reward_results_2.csv,bace_4,bace_4/reward_results_2.csv,bace_4,intermediate,CC(C1)OC=CC=C(C2CC3=NC4=C5C=CC=NC5=C3C(O)=C24)C1,,4.2051000000000025,,318.3760000000001,0.9910499936823485;;;;;;;;;;
RLHF_0732,Docking pobre,CAN_a75299840f91113f,MOL_67ab57891cf51a15,C1CNC=CC1NC2=CC3=CC(=C2)C(=O)N=C3N=N,C1CNC=CC1NC2=CC3=CC(=C2)C(=O)N=C3N=N,BACE1,-5.0,True,False,False,,1.90547,,255.281,,,,,,,0.9910499936823485,False,True,,-5.0,,,,,,,,,,,,,,,,CAN_a75299840f91113f,MOL_67ab57891cf51a15,,,,1.0,reward_results_23.csv,bace_4,bace_4/reward_results_23.csv,bace_4,intermediate,C1CNC=CC1NC2=CC3=CC(=C2)C(=O)N=C3N=N,,1.90547,,255.281,0.9910499936823485;;;;;;;;;;
RLHF_0733,Docking pobre,CAN_3c4e9db5e48d785c,MOL_681b49bb5d1036ef,CC1=CC=C(C)C(=C1)C2=CC(=CC=C2C3=CC=C4C(=O)NCCC4=C35)NC(C)C(O)(O)C5,CC1=CC=C(C)C(=C1)C2=CC(=CC=C2C3=CC=C4C(=O)NCCC4=C35)NC(C)C(O)(O)C5,BACE1,-5.0,True,False,False,,3.960740000000004,,428.5320000000002,,,,,,,0.9910499936823485,False,True,,-5.0,,,,,,,,,,,,,,,,CAN_3c4e9db5e48d785c,MOL_681b49bb5d1036ef,,,,1.0,reward_results_0.csv,bace_4,bace_4/reward_results_0.csv,bace_4,intermediate,CC1=CC=C(C)C(=C1)C2=CC(=CC=C2C3=CC=C4C(=O)NCCC4=C35)NC(C)C(O)(O)C5,,3.960740000000004,,428.5320000000002,0.9910499936823485;;;;;;;;;;
RLHF_0734,Docking pobre,CAN_265089f7acf40c8b,MOL_7577a5b522d44ca1,CCN1C2=C(CN3CCOCC3)C=CC=C(C4=CC(=O)C5=C6C=CC(=C54)C6)C2=N1,CCN1C2=C(CN3CCOCC3)C=CC=C(C4=CC(=O)C5=C6C=CC(=C54)C6)C2=N1,BACE1,-5.0,True,False,False,,3.3728000000000025,,385.46700000000016,,,,,,,0.9910499936823485,False,True,,-5.0,,,,,,,,,,,,,,,,CAN_265089f7acf40c8b,MOL_7577a5b522d44ca1,,,,1.0,reward_results_7.csv,bace_3,bace_3/reward_results_7.csv,bace_3,intermediate,CCN1C2=C(CN3CCOCC3)C=CC=C(C4=CC(=O)C5=C6C=CC(=C54)C6)C2=N1,,3.3728000000000025,,385.46700000000016,0.9910499936823485;;;;;;;;;;
RLHF_0735,Docking pobre,CAN_c6f77d8ea22df87a,MOL_e357c78cf69504f3,C1C[S@@](=O)[C@H1]2CC[C@@H1](CC2)NC=NC=C(Br)C1(NCC3=NC=CC=C3N(C)C)S,C1C[S@@](=O)[C@H1]2CC[C@@H1](CC2)NC=NC=C(Br)C1(NCC3=NC=CC=C3N(C)C)S,BACE1,-5.0,True,False,False,,3.181100000000002,,500.53200000000015,,,,,,,0.9910499936823485,False,True,,-5.0,,,,,,,,,,,,,,,,CAN_c6f77d8ea22df87a,MOL_e357c78cf69504f3,,,,1.0,reward_results_2.csv,bace_4,bace_4/reward_results_2.csv,bace_4,intermediate,C1C[S@@](=O)[C@H1]2CC[C@@H1](CC2)NC=NC=C(Br)C1(NCC3=NC=CC=C3N(C)C)S,,3.181100000000002,,500.53200000000015,0.9910499936823485;;;;;;;;;;
RLHF_0736,Docking pobre,CAN_a3500d7805dcdbcf,MOL_c089c7ee56381106,CC(C)C[C@H1](CO)NC(=O)C1=CC=CC(=C1)C=C2C3=CC=CC(C(N)=O)=N[NH1]C2=C3,CC(C)C[C@H1](CO)NC(=O)C1=CC=CC(=C1)C=C2C3=CC=CC(C(N)=O)=N[NH1]C2=C3,BACE1,-5.0,True,False,False,,0.7408000000000012,,406.48600000000016,,,,,,,0.9910499936823485,False,True,,-5.0,,,,,,,,,,,,,,,,CAN_a3500d7805dcdbcf,MOL_c089c7ee56381106,,,,1.0,reward_results_26.csv,bace_4,bace_4/reward_results_26.csv,bace_4,intermediate,CC(C)C[C@H1](CO)NC(=O)C1=CC=CC(=C1)C=C2C3=CC=CC(C(N)=O)=N[NH1]C2=C3,,0.7408000000000012,,406.48600000000016,0.9910499936823485;;;;;;;;;;
RLHF_0737,Docking pobre,CAN_d3d19b29f66f5214,MOL_7def1b67c33a4a91,CC(C)(C)C(=O)NC1=CC2=CC(=C1)C(=O)C3=CC=CC(C(=O)O)=C3C2=O,CC(C)(C)C(=O)NC1=CC2=CC(=C1)C(=O)C3=CC=CC(C(=O)O)=C3C2=O,BACE1,-5.0,True,False,False,,3.144800000000001,,351.3580000000001,,,,,,,0.9910499936823485,False,True,,-5.0,,,,,,,,,,,,,,,,CAN_d3d19b29f66f5214,MOL_7def1b67c33a4a91,,,,1.0,reward_results_18.csv,bace_3,bace_3/reward_results_18.csv,bace_3,intermediate,CC(C)(C)C(=O)NC1=CC2=CC(=C1)C(=O)C3=CC=CC(C(=O)O)=C3C2=O,,3.144800000000001,,351.3580000000001,0.9910499936823485;;;;;;;;;;
RLHF_0738,Docking pobre,CAN_3f517f2488472363,MOL_e36131853e05c388,COC1=CC(C)=CC=C1NC(=O)C2=CC3=CC(=C2)C(=O)C(=O)N3CCC,COC1=CC(C)=CC=C1NC(=O)C2=CC3=CC(=C2)C(=O)C(=O)N3CCC,BACE1,-5.0,True,False,False,,3.1952200000000017,,352.39000000000016,,,,,,,0.9910499936823485,False,True,,-5.0,,,,,,,,,,,,,,,,CAN_3f517f2488472363,MOL_e36131853e05c388,,,,1.0,reward_results_27.csv,bace_3,bace_3/reward_results_27.csv,bace_3,intermediate,COC1=CC(C)=CC=C1NC(=O)C2=CC3=CC(=C2)C(=O)C(=O)N3CCC,,3.1952200000000017,,352.39000000000016,0.9910499936823485;;;;;;;;;;
RLHF_0739,Docking pobre,CAN_42bb9d77202124b5,MOL_f8637d2bb7c77a8e,C1N2C=C1C=C2C(=O)NC3=CC=CC(=C3)C=CN=C4[NH1]C=NC4=C,C1N2C=C1C=C2C(=O)NC3=CC=CC(=C3)C=CN=C4[NH1]C=NC4=C,BACE1,-5.0,True,False,False,,2.6165000000000003,,317.3520000000001,,,,,,,0.9910499936823485,False,True,,-5.0,,,,,,,,,,,,,,,,CAN_42bb9d77202124b5,MOL_f8637d2bb7c77a8e,,,,1.0,reward_results_25.csv,bace_4,bace_4/reward_results_25.csv,bace_4,intermediate,C1N2C=C1C=C2C(=O)NC3=CC=CC(=C3)C=CN=C4[NH1]C=NC4=C,,2.6165000000000003,,317.3520000000001,0.9910499936823485;;;;;;;;;;
RLHF_0740,Docking pobre,CAN_13388fa16b9dbd70,MOL_da004b29fc63389e,O[C@H1]1[C@H1](NC2=CC=C3C(=C2)CCCC3=O)[C@H1]4CC[C@H1]1N4C5=CC=C6C(=C5)CCC(=O)N6,O[C@H1]1[C@H1](NC2=CC=C3C(=C2)CCCC3=O)[C@H1]4CC[C@H1]1N4C5=CC=C6C(=C5)CCC(=O)N6,BACE1,-5.0,True,False,False,,3.282900000000001,,417.5090000000001,,,,,,,0.9910499936823485,False,True,,-5.0,,,,,,,,,,,,,,,,CAN_13388fa16b9dbd70,MOL_da004b29fc63389e,,,,1.0,reward_results_25.csv,bace_3,bace_3/reward_results_25.csv,bace_3,intermediate,O[C@H1]1[C@H1](NC2=CC=C3C(=C2)CCCC3=O)[C@H1]4CC[C@H1]1N4C5=CC=C6C(=C5)CCC(=O)N6,,3.282900000000001,,417.5090000000001,0.9910499936823485;;;;;;;;;;
RLHF_0741,Docking pobre,CAN_7286a74dce754936,MOL_490ef6544bc6a956,CC(C1)CN=CC(C12)N=CC(=C[NH1]2)C3=CC4=CC(=C3)C=CN=C[NH1]C(=O)N4C,CC(C1)CN=CC(C12)N=CC(=C[NH1]2)C3=CC4=CC(=C3)C=CN=C[NH1]C(=O)N4C,BACE1,-5.0,True,False,False,,2.707700000000001,,376.46400000000006,,,,,,,0.9910499936823485,False,True,,-5.0,,,,,,,,,,,,,,,,CAN_7286a74dce754936,MOL_490ef6544bc6a956,,,,1.0,reward_results_28.csv,bace_4,bace_4/reward_results_28.csv,bace_4,intermediate,CC(C1)CN=CC(C12)N=CC(=C[NH1]2)C3=CC4=CC(=C3)C=CN=C[NH1]C(=O)N4C,,2.707700000000001,,376.46400000000006,0.9910499936823485;;;;;;;;;;
RLHF_0742,Docking pobre,CAN_39caac789c91959a,MOL_64e457c058564fe5,CC(C)C1=CC=CC(=C1)C=CC2=C3[NH1]C(=NC2=O)[NH1]C3=O,CC(C)C1=CC=CC(=C1)C=CC2=C3[NH1]C(=NC2=O)[NH1]C3=O,BACE1,-5.0,True,False,False,,2.343,,281.315,,,,,,,0.9910499936823485,False,True,,-5.0,,,,,,,,,,,,,,,,CAN_39caac789c91959a,MOL_64e457c058564fe5,,,,1.0,reward_results_18.csv,bace_4,bace_4/reward_results_18.csv,bace_4,intermediate,CC(C)C1=CC=CC(=C1)C=CC2=C3[NH1]C(=NC2=O)[NH1]C3=O,,2.343,,281.315,0.9910499936823485;;;;;;;;;;
RLHF_0743,Docking pobre,CAN_969215471ed1a462,MOL_cc15cde9df5b0998,COC(=O)C1=CC=C2C(=C1)CCN2C(=O)C3=CC4=CC(=C3)CCC(=O)N4C,COC(=O)C1=CC=C2C(=C1)CCN2C(=O)C3=CC4=CC(=C3)CCC(=O)N4C,BACE1,-5.0,True,False,False,,2.5851000000000006,,364.4010000000001,,,,,,,0.9910499936823485,False,True,,-5.0,,,,,,,,,,,,,,,,CAN_969215471ed1a462,MOL_cc15cde9df5b0998,,,,1.0,reward_results_19.csv,bace_3,bace_3/reward_results_19.csv,bace_3,intermediate,COC(=O)C1=CC=C2C(=C1)CCN2C(=O)C3=CC4=CC(=C3)CCC(=O)N4C,,2.5851000000000006,,364.4010000000001,0.9910499936823485;;;;;;;;;;
RLHF_0744,Docking pobre,CAN_bde050820c5ef2fd,MOL_9c781d43b023c44e,C[C@@H1]([NH2+1][C@H1]1CC[C@@](C)(CN)CC[C@H1]1)OC2=CC=C(Cl)C=C2Cl,C[C@@H1]([NH2+1][C@H1]1CC[C@@](C)(CN)CC[C@H1]1)OC2=CC=C(Cl)C=C2Cl,BACE1,-4.996,True,False,False,,3.393490000000001,,345.314,,,,,,,0.9982310575748642,False,True,,-4.996,,,,,,,,,,,,,,,,CAN_bde050820c5ef2fd,MOL_9c781d43b023c44e,,,,1.0,reward_results_1.csv,bace_3,bace_3/reward_results_1.csv,bace_3,intermediate,C[C@@H1]([NH2+1][C@H1]1CC[C@@](C)(CN)CC[C@H1]1)OC2=CC=C(Cl)C=C2Cl,,3.393490000000001,,345.314,0.9982310575748642;;;;;;;;;;
RLHF_0745,Docking pobre,CAN_e4d7952ecdb04248,MOL_98d269ef87219a7b,O1C[C@H1]O[C@H1](O)C=C2C=C3CCCC[C@H1]3CCC12,O1C[C@H1]O[C@H1](O)C=C2C=C3CCCC[C@H1]3CCC12,BACE1,-4.984,True,False,False,,2.718790000000001,,249.3299999999999,,,,,,,0.9982731752516532,False,True,,-4.984,,,,,,,,,,,,,,,,CAN_e4d7952ecdb04248,MOL_98d269ef87219a7b,,,,1.0,reward_results_1.csv,bace_4,bace_4/reward_results_1.csv,bace_4,intermediate,O1C[C@H1]O[C@H1](O)C=C2C=C3CCCC[C@H1]3CCC12,,2.718790000000001,,249.3299999999999,0.9982731752516532;;;;;;;;;;
RLHF_0746,Docking pobre,CAN_f85499d02596c301,MOL_f8a2db0403fd010d,CN(CCS(C)(=O)=O)CC(O1)CCSC2=CC=CC=C21,CN(CCS(C)(=O)=O)CC(O1)CCSC2=CC=CC=C21,BACE1,-4.943,True,False,False,,1.9062000000000003,,315.46,,,,,,,0.9983995282820199,False,True,,-4.943,,,,,,,,,,,,,,,,CAN_f85499d02596c301,MOL_f8a2db0403fd010d,,,,1.0,reward_results_0.csv,bace_3,bace_3/reward_results_0.csv,bace_3,intermediate,CN(CCS(C)(=O)=O)CC(O1)CCSC2=CC=CC=C21,,1.9062000000000003,,315.46,0.9983995282820199;;;;;;;;;;
RLHF_0747,Docking pobre,CAN_2f37066a632845ca,MOL_b528a524caa7300c,CC[NH2+1][C@@H1](C1)CC2NCCC12,CC[NH2+1][C@@H1](C1)CC2NCCC12,BACE1,-4.935,True,False,False,,-0.2897999999999994,,155.265,,,,,,,0.9984837636355979,False,True,,-4.935,,,,,,,,,,,,,,,,CAN_2f37066a632845ca,MOL_b528a524caa7300c,,,,1.0,reward_results_11.csv,bace_4,bace_4/reward_results_11.csv,bace_4,intermediate,CC[NH2+1][C@@H1](C1)CC2NCCC12,,-0.2897999999999994,,155.265,0.9984837636355979;;;;;;;;;;
RLHF_0748,Docking pobre,CAN_743d02f037e61d14,MOL_c60c49594e698a1d,C[NH1+1](C)CCC=1C=C[NH1]C(=O)C=C(O)N=CC=1,C[NH1+1](C)CCC=1C=C[NH1]C(=O)C=C(O)N=CC=1,BACE1,-4.882,True,False,False,,-0.7130999999999992,,236.295,,,,,,,0.9986943520195426,False,True,,-4.882,,,,,,,,,,,,,,,,CAN_743d02f037e61d14,MOL_c60c49594e698a1d,,,,1.0,reward_results_5.csv,bace_4,bace_4/reward_results_5.csv,bace_4,intermediate,C[NH1+1](C)CCC=1C=C[NH1]C(=O)C=C(O)N=CC=1,,-0.7130999999999992,,236.295,0.9986943520195426;;;;;;;;;;
RLHF_0749,Docking pobre,CAN_a900fe35102d0024,MOL_7760ebcaf2cfc1ce,C[C@H1]([NH2+1][C@@H1](CO)CC(=O)OCC1)CC=CC(O)=C1,C[C@H1]([NH2+1][C@@H1](CO)CC(=O)OCC1)CC=CC(O)=C1,BACE1,-4.878,True,False,False,,0.0244000000000008,,256.32199999999995,,,,,,,0.9987364696963316,False,True,,-4.878,,,,,,,,,,,,,,,,CAN_a900fe35102d0024,MOL_7760ebcaf2cfc1ce,,,,1.0,reward_results_2.csv,bace_4,bace_4/reward_results_2.csv,bace_4,intermediate,C[C@H1]([NH2+1][C@@H1](CO)CC(=O)OCC1)CC=CC(O)=C1,,0.0244000000000008,,256.32199999999995,0.9987364696963316;;;;;;;;;;
RLHF_0750,Docking pobre,CAN_4f0870ed4a03b013,MOL_145c830f9995cf72,COC(C)(C)COC1=CN=C(S12)C(N)CCCC2,COC(C)(C)COC1=CN=C(S12)C(N)CCCC2,BACE1,-4.873,True,False,False,,2.1514,,272.41400000000004,,,,,,,0.9987785873731205,False,True,,-4.873,,,,,,,,,,,,,,,,CAN_4f0870ed4a03b013,MOL_145c830f9995cf72,,,,1.0,reward_results_2.csv,bace_4,bace_4/reward_results_2.csv,bace_4,intermediate,COC(C)(C)COC1=CN=C(S12)C(N)CCCC2,,2.1514,,272.41400000000004,0.9987785873731205;;;;;;;;;;
RLHF_0751,Docking pobre,CAN_4a16f86dd4dacd6d,MOL_666b36a5e358a949,C=C(C)C1[C@@H1]CC(=O)NC2=CC=C(C3CC(=O)NC3=N2)C=C1,C=C(C)C1[C@@H1]CC(=O)NC2=CC=C(C3CC(=O)NC3=N2)C=C1,BACE1,-4.829,True,False,False,,1.7750899999999998,,296.35,,,,,,,0.9989049404034873,False,True,,-4.829,,,,,,,,,,,,,,,,CAN_4a16f86dd4dacd6d,MOL_666b36a5e358a949,,,,1.0,reward_results_5.csv,bace_4,bace_4/reward_results_5.csv,bace_4,intermediate,C=C(C)C1[C@@H1]CC(=O)NC2=CC=C(C3CC(=O)NC3=N2)C=C1,,1.7750899999999998,,296.35,0.9989049404034873;;;;;;;;;;
RLHF_0752,Docking pobre,CAN_d7fdad7231cafd96,MOL_708e419b6f25e6fd,CC1=NC(Br)=CC=C1N,CC1=NC(Br)=CC=C1N,BACE1,-4.823,True,False,False,,1.7347199999999998,,187.04,,,,,,,0.9989681169186707,False,True,,-4.823,,,,,,,,,,,,,,,,CAN_d7fdad7231cafd96,MOL_708e419b6f25e6fd,,,,1.0,reward_results_3.csv,bace_4,bace_4/reward_results_3.csv,bace_4,intermediate,CC1=NC(Br)=CC=C1N,,1.7347199999999998,,187.04,0.9989681169186707;;;;;;;;;;
RLHF_0753,Docking pobre,CAN_c753e268d7bd5276,MOL_fc54918f4a8bce95,C1C(C)CCCC2C=CC(=CCCCOC1)NNC2=O,C1C(C)CCCC2C=CC(=CCCCOC1)NNC2=O,BACE1,-4.61,True,False,False,,2.684,,278.396,,,,,,,0.99919976414101,False,True,,-4.61,,,,,,,,,,,,,,,,CAN_c753e268d7bd5276,MOL_fc54918f4a8bce95,,,,1.0,reward_results_6.csv,bace_4,bace_4/reward_results_6.csv,bace_4,intermediate,C1C(C)CCCC2C=CC(=CCCCOC1)NNC2=O,,2.684,,278.396,0.99919976414101;;;;;;;;;;
RLHF_0754,Docking pobre,CAN_e58129f2e6728486,MOL_3dc78d769b8c680a,CC1CNC(C2)=CC=C([N+1](=O)[O-1])C=C2C3=CN=CC=C31,CC1CNC(C2)=CC=C([N+1](=O)[O-1])C=C2C3=CN=CC=C31,BACE1,-4.536,True,False,False,,2.619900000000001,,269.304,,,,,,,0.9992418818177989,False,True,,-4.536,,,,,,,,,,,,,,,,CAN_e58129f2e6728486,MOL_3dc78d769b8c680a,,,,1.0,reward_results_1.csv,bace_3,bace_3/reward_results_1.csv,bace_3,intermediate,CC1CNC(C2)=CC=C([N+1](=O)[O-1])C=C2C3=CN=CC=C31,,2.619900000000001,,269.304,0.9992418818177989;;;;;;;;;;
RLHF_0755,Docking pobre,CAN_780b05606c4b288d,MOL_4568acfb3bdf55a8,C1C[S@@](=O)CC2=CC(=CC=C2F)C=C3N(C)C=CN=C1N[C@@H1](CCN(C)C)CN3C=C,C1C[S@@](=O)CC2=CC(=CC=C2F)C=C3N(C)C=CN=C1N[C@@H1](CCN(C)C)CN3C=C,BACE1,-4.502,True,False,False,,2.947000000000002,,445.6080000000002,,,,,,,0.9993261171713769,False,True,,-4.502,,,,,,,,,,,,,,,,CAN_780b05606c4b288d,MOL_4568acfb3bdf55a8,,,,1.0,reward_results_0.csv,bace_4,bace_4/reward_results_0.csv,bace_4,intermediate,C1C[S@@](=O)CC2=CC(=CC=C2F)C=C3N(C)C=CN=C1N[C@@H1](CCN(C)C)CN3C=C,,2.947000000000002,,445.6080000000002,0.9993261171713769;;;;;;;;;;
RLHF_0756,Docking pobre,CAN_e729612ed3bc996d,MOL_54dba6b38c1c4445,CC=CC(S(N)=O)=O,CC=CC(S(N)=O)=O,BACE1,-4.45,True,False,False,,-0.2885000000000001,,133.17200000000005,,,,,,,0.9993682348481657,False,True,,-4.45,,,,,,,,,,,,,,,,CAN_e729612ed3bc996d,MOL_54dba6b38c1c4445,,,,1.0,reward_results_29.csv,bace_4,bace_4/reward_results_29.csv,bace_4,intermediate,CC=CC(S(N)=O)=O,,-0.2885000000000001,,133.17200000000005,0.9993682348481657;;;;;;;;;;
RLHF_0757,Docking pobre,CAN_fb83435e04bfef81,MOL_55bf3093a214febe,C[C@H1]1CCC[NH1+1]1C=O,C[C@H1]1CCC[NH1+1]1C=O,BACE1,-4.036,True,False,False,,-0.7900000000000003,,114.168,,,,,,,0.9994945878785326,False,True,,-4.036,,,,,,,,,,,,,,,,CAN_fb83435e04bfef81,MOL_55bf3093a214febe,,,,1.0,reward_results_22.csv,bace_4,bace_4/reward_results_22.csv,bace_4,intermediate,C[C@H1]1CCC[NH1+1]1C=O,,-0.7900000000000003,,114.168,0.9994945878785326;;;;;;;;;;
RLHF_0758,Docking pobre,CAN_195698e020c5552f,MOL_b65934384bd43202,CCC(=O)N1CCCCC[C@H1]1C(=O)O,CCC(=O)N1CCCCC[C@H1]1C(=O)O,BACE1,-3.758,True,False,False,,1.2522000000000002,,199.25,,,,,,,0.9996209409088994,False,True,,-3.758,,,,,,,,,,,,,,,,CAN_195698e020c5552f,MOL_b65934384bd43202,,,,1.0,reward_results_0.csv,bace_3,bace_3/reward_results_0.csv,bace_3,intermediate,CCC(=O)N1CCCCC[C@H1]1C(=O)O,,1.2522000000000002,,199.25,0.9996209409088994;;;;;;;;;;
RLHF_0759,Docking pobre,CAN_63fc305ea7ce2948,MOL_59736cf40b7ab5a2,C1COCCC[NH1+1]1O,C1COCCC[NH1+1]1O,BACE1,-3.022,True,False,False,,-1.3191999999999984,,118.156,,,,,,,0.9999157646464221,False,True,,-3.022,,,,,,,,,,,,,,,,CAN_63fc305ea7ce2948,MOL_59736cf40b7ab5a2,,,,1.0,reward_results_3.csv,bace_4,bace_4/reward_results_3.csv,bace_4,intermediate,C1COCCC[NH1+1]1O,,-1.3191999999999984,,118.156,0.9999157646464221;;;;;;;;;;
RLHF_0760,Docking pobre,CAN_6aa1ec30659d8a3d,MOL_fecf4b7ed8d74db5,CCN(Cc1ccc(F)cn1)C[C@H]1CCCO1,CCN(CC1=CC=C(F)C=N1)C[C@H1]2CCCO2,BuChE,-6.681,True,False,False,0.7861941977154155,2.2216000000000005,2.737954268144531,238.30599999999995,,,,,,,0.9927077747989276,True,False,-6.681,,0.0,3.0,5.0,25.360000000000003,2.0,17.0,0.041598972,0.01615471,True,,,0.0288193213355119,1.0,CAN_6e26263bf66acf21,MOL_fecf4b7ed8d74db5,,,buche_pool_final_nontoxic-3.csv,/content/buche_pool_final_nontoxic-3.csv,reward_results_2.csv,,,,,,,,,,,,0.9927077747989276;;;;;;;;;;
RLHF_0761,Docking pobre,CAN_f1da2c1841074581,MOL_b5cf079617613eb5,Cn1ccccc([N+](=O)[O-])cc(Br)c1,CN1C=C(Br)C=C([N+1](=O)[O-1])C=CC=C1,BuChE,-6.635,True,False,False,0.5732794311113998,2.8202000000000016,2.8442237375831567,257.087,,,,,,,0.9936729222520108,True,False,-6.635,,0.0,2.0,1.0,48.06999999999999,1.0,14.0,0.055424,0.01762953,True,,,0.0255407022551083,1.0,CAN_d2fbde89cbb664fb,MOL_b5cf079617613eb5,,,buche_pool_final_nontoxic-3.csv,/content/buche_pool_final_nontoxic-3.csv,reward_results_18.csv,,,,,,,,,,,,0.9936729222520108;;;;;;;;;;
RLHF_0762,Docking pobre,CAN_69fa081ae87a8b10,MOL_a5b027a16dee5400,CNc1c(Br)cccc1-c1nn[nH]n1,CNC1=C(Br)C=CC=C1C=2N=N[NH1]N=2,BuChE,-6.628,True,False,False,0.8549675153379024,1.6708999999999996,2.65242827799983,254.09100000000004,,,,,,,0.9938337801608579,True,False,-6.628,,2.0,4.0,2.0,66.49000000000001,2.0,14.0,0.41177708,0.07297957,True,,,0.0206277945739544,1.0,CAN_f82cd5d427df584d,MOL_a5b027a16dee5400,,,buche_pool_final_nontoxic-3.csv,/content/buche_pool_final_nontoxic-3.csv,reward_results_11.csv,,,,,,,,,,,,0.9938337801608579;;;;;;;;;;
RLHF_0763,Docking pobre,CAN_66a700fada36ab8f,MOL_59af800707be8b89,O=C1CCSc2ccccc2N1Cc1ccccc1,O=C1CCSC2=CC=CC=C2N1CC3=CC=CC=C3,BuChE,-6.618,True,False,False,0.8279355231496758,3.715600000000002,1.8974294380300112,269.369,,,,,,,0.9939946380697051,True,False,-6.618,,0.0,2.0,2.0,20.31,3.0,19.0,0.11194963,0.046260584,True,,,0.02,1.0,CAN_8934c013e81701db,MOL_59af800707be8b89,,,buche_pool_final_nontoxic-3.csv,/content/buche_pool_final_nontoxic-3.csv,reward_results_10.csv,,,,,,,,,,,,0.9939946380697051;;;;;;;;;;
RLHF_0764,Docking pobre,CAN_86dae4b623aabaf5,MOL_3c5f907d093464bc,CCCNCC[NH+]c1cccc2ccccc12,CCCNCC[NH1+1]C1=CC=CC2=CC=CC=C12,BuChE,-6.602,True,False,False,0.7251956791550574,1.8201,3.0624555049174784,228.33900000000003,,,,,,,0.9943163538873995,True,False,-6.602,,2.0,2.0,6.0,27.630000000000003,2.0,17.0,0.11798439,0.03553642,True,,,0.0208310515753996,1.0,CAN_d6715af030bb478c,MOL_3c5f907d093464bc,,,buche_pool_final_nontoxic-3.csv,/content/buche_pool_final_nontoxic-3.csv,reward_results_16.csv,,,,,,,,,,,,0.9943163538873995;;;;;;;;;;
RLHF_0765,Docking pobre,CAN_7565c8f3a1051546,MOL_60b508f5ef969874,CCC(=O)c1ccc2c(c1)OCO2,CCC(=O)C1=CC=C2C(=C1)OCO2,BuChE,-6.6,True,False,False,0.6496234798357408,2.008,1.866176132545208,178.18699999999995,,,,,,,0.9947989276139411,True,False,-6.6,,0.0,3.0,2.0,35.53,2.0,13.0,0.13283008,0.04270345,True,,,0.02,1.0,CAN_f753c48aebb32d7b,MOL_60b508f5ef969874,,,buche_pool_final_nontoxic-2.csv,/content/buche_pool_final_nontoxic-2.csv,docking_results_2_1.csv,,,,,,,,,,,,0.9947989276139411;;;;;;;;;;
RLHF_0766,Docking pobre,CAN_57cb96cbaaf70bae,MOL_3a82d12fc9e31310,CCc1cc(NC(=O)c2ccncc2)n[nH]1,CCC1=CC(NC(=O)C2=CC=NC=C2)=N[NH1]1,BuChE,-6.6,True,False,False,0.8185244207240928,1.6194,2.2344267362178982,216.24400000000003,,,,,,,0.9947989276139411,True,False,-6.6,,2.0,3.0,3.0,70.67,2.0,16.0,0.38525653,0.068760656,True,,,0.02,1.0,CAN_575e1ee937beed4a,MOL_3a82d12fc9e31310,,,buche_pool_final_nontoxic-2.csv,/content/buche_pool_final_nontoxic-2.csv,docking_results_2_3.csv,,,,,,,,,,,,0.9947989276139411;;;;;;;;;;
RLHF_0767,Docking pobre,CAN_e028ab280184fafb,MOL_6799a03176afdfc4,CCO[C@@H](C)C(=O)Nc1ccc(OCC(=O)O)cc1,CCO[C@@H1](C)C(=O)NC1=CC=C(OCC(=O)O)C=C1,BuChE,-6.581,True,False,False,0.7818956191095162,1.5135,2.2161700617811544,267.281,,,,,,,0.9952815013404825,True,False,-6.581,,2.0,4.0,7.0,84.86,1.0,19.0,0.11689013,0.039928924,True,,,0.02,1.0,CAN_d73cb95293277be9,MOL_6799a03176afdfc4,,,buche_pool_final_nontoxic-3.csv,/content/buche_pool_final_nontoxic-3.csv,reward_results_2.csv,,,,,,,,,,,,0.9952815013404825;;;;;;;;;;
RLHF_0768,Docking pobre,CAN_145fc4635008ccdb,MOL_ec243ef212e28b94,CC=CC(Cl)Oc1ccc(CCN)cn1,CC=CC(OC1=NC=C(CCN)C=C1)Cl,BuChE,-6.552,True,False,False,0.6180461881680899,2.1026,3.4227856402727266,226.707,,,,,,,0.9954959785522788,True,False,-6.552,,1.0,3.0,5.0,48.14,1.0,15.0,0.15495901,0.05992378,True,,,0.0204358944904958,1.0,CAN_d2bb5ad7e1c5bac1,MOL_ec243ef212e28b94,,,buche_pool_final_nontoxic-3.csv,/content/buche_pool_final_nontoxic-3.csv,reward_results_2.csv,,,,,,,,,,,,0.9954959785522788;;;;;;;;;;
RLHF_0769,Docking pobre,CAN_fdc0273481330d38,MOL_2890d389c5e3ede9,COC(=O)CNC(=O)CC(C)(C)Cc1ccc(OC)cc1,COC(=O)CNC(=O)CC(C)(C)CC1=CC=C(OC)C=C1,BuChE,-6.5,True,False,False,0.7803610869780147,1.9432,2.071644430148769,293.363,,,,,,,0.996514745308311,True,False,-6.5,,1.0,4.0,7.0,64.63,1.0,21.0,0.065299556,0.015905986,True,,,0.02,1.0,CAN_cc93502e10189886,MOL_2890d389c5e3ede9,,,buche_pool_final_nontoxic-2.csv,/content/buche_pool_final_nontoxic-2.csv,docking_results_2_7.csv,,,,,,,,,,,,0.996514745308311;;;;;;;;;;
RLHF_0770,Docking pobre,CAN_a26b3853304f45b6,MOL_acd282e207a3845f,CCOC(=O)Cc1ccc(F)cc1NC(C)=O,CCOC(=O)CC1=CC=C(F)C=C1NC(C)=O,BuChE,-6.5,True,False,False,0.8161606347003831,1.8897,1.8859257791649728,239.246,,,,,,,0.996514745308311,True,False,-6.5,,1.0,3.0,4.0,55.4,1.0,17.0,0.06472543,0.026312297,True,,,0.02,1.0,CAN_a0b0b4e929ecada9,MOL_acd282e207a3845f,,,buche_pool_final_nontoxic-2.csv,/content/buche_pool_final_nontoxic-2.csv,docking_results_2_5.csv,,,,,,,,,,,,0.996514745308311;;;;;;;;;;
RLHF_0771,Docking pobre,CAN_6b429f28ff325c16,MOL_39ea553658841e54,CCOC(=O)COc1cnccc1CCOC(=O)c1ccco1,CCOC(=O)COC1=CN=CC=C1CCOC(=O)C2=CC=CO2,BuChE,-6.5,True,False,False,0.6876724852270116,2.016,2.346817395351456,319.313,,,,,,,0.996514745308311,True,False,-6.5,,0.0,7.0,8.0,87.86,2.0,23.0,0.086135976,0.03746732,True,,,0.02,1.0,CAN_697c2ab23804a9bf,MOL_39ea553658841e54,,,buche_pool_final_nontoxic-2.csv,/content/buche_pool_final_nontoxic-2.csv,docking_results_2_4.csv,,,,,,,,,,,,0.996514745308311;;;;;;;;;;
RLHF_0772,Docking pobre,CAN_ef833d1d8656ded8,MOL_bba1cfae686c0320,O=CCCCN[CH]CC[CH]Nc1nc2ccc(Cl)cc2o1,O=CCCCN[C@H1]CC[C@H1]NC1=NC2=CC=C(Cl)C=C2O1,BuChE,-6.5,True,False,False,0.518678599349974,3.565580000000001,3.5357460163968604,307.7810000000001,,,,,,,0.996514745308311,True,False,-6.5,,2.0,5.0,10.0,67.16,2.0,21.0,0.25152266,0.092273116,True,,,0.02,1.0,CAN_1a5959e76a43c62c,MOL_bba1cfae686c0320,,,buche_pool_final_nontoxic-2.csv,/content/buche_pool_final_nontoxic-2.csv,docking_results_2_7.csv,,,,,,,,,,,,0.996514745308311;;;;;;;;;;
RLHF_0773,Docking pobre,CAN_60641ceb58821f6f,MOL_2c33f7f06a582a91,CSC[C@@H](C)NC(=O)Oc1ccc(F)c(Cl)c1,CSC[C@@H1](C)NC(=O)OC1=CC=C(F)C(Cl)=C1,BuChE,-6.5,True,False,False,0.917457279510856,3.3190000000000017,2.788691391890349,277.748,,,,,,,0.996514745308311,True,False,-6.5,,1.0,3.0,4.0,38.33,1.0,17.0,0.17890944,0.07222869,True,,,0.02,1.0,CAN_317879063644a587,MOL_2c33f7f06a582a91,,,buche_pool_final_nontoxic-2.csv,/content/buche_pool_final_nontoxic-2.csv,docking_results_2_2.csv,,,,,,,,,,,,0.996514745308311;;;;;;;;;;
RLHF_0774,Docking pobre,CAN_16f6cb8476cfbc2b,MOL_af99cd282eb1ebb4,Cc1nncc2ccccc12,CC1=NN=CC2=CC=CC=C12,BuChE,-6.4,True,False,False,0.5642936655816758,1.93822,2.0131320670664614,144.17699999999996,,,,,,,0.9975871313672923,True,False,-6.4,,0.0,2.0,0.0,25.78,2.0,11.0,0.12953578,0.024032526,True,,,0.02,1.0,CAN_fec9833ed16dceaf,MOL_af99cd282eb1ebb4,,,buche_pool_final_nontoxic-2.csv,/content/buche_pool_final_nontoxic-2.csv,docking_results_2_1.csv,,,,,,,,,,,,0.9975871313672923;;;;;;;;;;
RLHF_0775,Docking pobre,CAN_0c6d0c1a818588f5,MOL_fd7b727c7a0c239d,O=C1C=CC=CC=CC=CCc2ccccc2CCN1,C1=[C@H1]C(=O)NCCC2=CC=CC=C2CC=CC=CC=C1,BuChE,-6.321,True,False,False,0.7669272455118974,3.1262000000000016,3.266210261356428,265.356,,,,,,,0.9980697050938337,True,False,-6.321,,1.0,1.0,0.0,29.1,2.0,20.0,0.05311217,0.013122537,True,,,0.02,1.0,CAN_b948ad27aa319951,MOL_fd7b727c7a0c239d,,,buche_pool_final_nontoxic-3.csv,/content/buche_pool_final_nontoxic-3.csv,reward_results_15.csv,,,,,,,,,,,,0.9980697050938337;;;;;;;;;;
RLHF_0776,Docking pobre,CAN_e729b6ce948e9cc2,MOL_4b96d19d728e104e,Cn1ncnc1SCc1cccnc1,CN1N=CN=C1SCC2=CC=CN=C2,BuChE,-6.3,True,False,False,0.7137951600280132,1.5024,2.380485088506397,206.274,,,,,,,0.998230563002681,True,False,-6.3,,0.0,4.0,3.0,43.6,2.0,14.0,0.19912842,0.04539737,True,,,0.02,1.0,CAN_9f4831afd11d0b1a,MOL_4b96d19d728e104e,,,buche_pool_final_nontoxic-2.csv,/content/buche_pool_final_nontoxic-2.csv,docking_results_2_4.csv,,,,,,,,,,,,0.998230563002681;;;;;;;;;;
RLHF_0777,Docking pobre,CAN_0d825ae3a6acc35a,MOL_b63195bdd2c5a2b6,CNC=C1C=CC(=O)c2ccccc2C=CC=CC1,CNC=C(C=CC(=O)C1=CC=CC=C12)CC=CC=C2,BuChE,-6.231,True,False,False,0.8272946754503973,3.5019000000000027,3.5544359305277915,251.329,,,,,,,0.9987131367292226,True,False,-6.231,,1.0,2.0,1.0,29.1,2.0,19.0,0.16248024,0.046640936,True,,,0.02,1.0,CAN_cf2da288e9a1a376,MOL_b63195bdd2c5a2b6,,,buche_pool_final_nontoxic-3.csv,/content/buche_pool_final_nontoxic-3.csv,reward_results_16.csv,,,,,,,,,,,,0.9987131367292226;;;;;;;;;;
RLHF_0778,Docking pobre,CAN_16614cfcc18295a0,MOL_62ca319135846a77,CC(=O)CSC=NC(N)=CNC(=O)c1cccs1,CC(=O)CSC=NC(N)=C[NH1]C(=O)C=1SC=CC=1,BuChE,-6.2,True,False,False,0.6130422077180376,1.586,3.712287733684223,283.378,,,,,,,0.9990884718498659,True,False,-6.2,,2.0,6.0,6.0,84.55000000000001,1.0,18.0,0.40522859,0.15164694,True,,,0.02,1.0,CAN_5325500052e92fc8,MOL_62ca319135846a77,,,buche_pool_final_nontoxic-2.csv,/content/buche_pool_final_nontoxic-2.csv,docking_results_2_3.csv,,,,,,,,,,,,0.9990884718498659;;;;;;;;;;
RLHF_0779,Docking pobre,CAN_e92ee39e0dcd6e03,MOL_b5a08bcfc3c71da2,Clc1ccc([C@@H]2CCNC2)nc1,ClC1=CC=C([C@@H1]2CCNC2)N=C1,BuChE,-6.2,True,False,False,0.7168710556265825,1.8119,2.8606257312282963,182.654,,,,,,,0.9990884718498659,True,False,-6.2,,1.0,2.0,1.0,24.92,2.0,12.0,0.039133236,0.013938875,True,,,0.02,1.0,CAN_717273a99f43789c,MOL_b5a08bcfc3c71da2,,,buche_pool_final_nontoxic-2.csv,/content/buche_pool_final_nontoxic-2.csv,docking_results_2_5.csv,,,,,,,,,,,,0.9990884718498659;;;;;;;;;;
RLHF_0780,Docking pobre,CAN_02e0e8240a6f7efd,MOL_e5081e8ce5d6d0ed,CC(=O)CSc1ccc(Br)cc1,CC(=O)CSC1=CC=C(Br)C=C1,BuChE,-6.127,True,False,False,0.7607919299893392,3.130200000000002,1.9011261767924523,245.141,,,,,,,0.9994638069705094,True,False,-6.127,,0.0,2.0,3.0,17.07,1.0,12.0,0.12627172,0.055859115,True,,,0.02,1.0,CAN_b1bd46da7f713a22,MOL_e5081e8ce5d6d0ed,,,buche_pool_final_nontoxic-3.csv,/content/buche_pool_final_nontoxic-3.csv,reward_results_0.csv,,,,,,,,,,,,0.9994638069705094;;;;;;;;;;
RLHF_0781,Docking pobre,CAN_de8f6baa3ff658ca,MOL_bb97203dd7234ecd,O=c1[nH]c2cc(Cl)ccc2o1,C1=CC=2OC(=O)NC=2C=C1Cl,BuChE,-6.1,True,False,False,0.6535135154314028,1.7744999999999995,2.189049964088792,169.56699999999998,,,,,,,0.9996246648793565,True,False,-6.1,,1.0,2.0,0.0,46.0,2.0,11.0,0.17520395,0.043830156,True,,,0.02,1.0,CAN_3cefba048a3d2936,MOL_bb97203dd7234ecd,,,buche_pool_final_nontoxic-2.csv,/content/buche_pool_final_nontoxic-2.csv,docking_results_2_1.csv,,,,,,,,,,,,0.9996246648793565;;;;;;;;;;
RLHF_0782,Docking pobre,CAN_b6bfb6180e46553a,MOL_e181746a4504fee4,CC1=NN(C)CCCN(CCC2=CC=C(C=C2)C3=NN=N[NH1]3)CC1,CC1=NN(C)CCCN(CCC2=CC=C(C=C2)C3=NN=N[NH1]3)CC1,BuChE,-5.881,True,False,False,,,,,,,,,,,1.0,False,True,,-5.881,,,,,,,,,,,,,,,,CAN_b6bfb6180e46553a,MOL_e181746a4504fee4,,,,1.0,vina_results.csv,buche_2,buche_2/vina_results.csv,buche_2,intermediate,CC1=NN(C)CCCN(CCC2=CC=C(C=C2)C3=NN=N[NH1]3)CC1,,,,,1.0;;;;;;;;;;
RLHF_0783,Docking pobre,CAN_0cf77404e5927e79,MOL_609faf627182b3dc,Cc1c(Cl)cccc1S(=O)(=O)NCCNCC(C)F,CC1=C(Cl)C=CC=C1S(=O)(=O)NCCNCC(F)C,DYRK1A,-6.7,True,False,False,0.7561733743034216,1.8743199999999995,2.85753481987374,308.80600000000004,,,,,,,0.995311327831958,True,False,-6.7,,2.0,3.0,7.0,58.2,1.0,19.0,0.040612023,0.009268925,True,,,0.02,1.0,CAN_0842012ff739b5bb,MOL_609faf627182b3dc,,,dyrk1a_pool_final_nontoxic.csv,/content/dyrk1a_pool_final_nontoxic.csv,docking_results_1.csv,,,,,,,,,,,,0.995311327831958;;;;;;;;;;
RLHF_0784,Docking pobre,CAN_70113008785e2341,MOL_3490e7ad61bad840,CSC[C@@H](CC#N)NC(=O)c1ccc2[nH]c(=O)sc2c1,CSC[C@@H1](CC#N)NC(=O)C1=CC=C2[NH1]C(=O)SC2=C1,DYRK1A,-6.6,True,False,False,0.8839599055464968,1.96468,3.255303481695411,307.40000000000003,,,,,,,0.996436609152288,True,False,-6.6,,2.0,5.0,5.0,85.75,2.0,20.0,0.3734535,0.16350591,True,,,0.02,1.0,CAN_d06c8c88e9f57bb0,MOL_3490e7ad61bad840,,,dyrk1a_pool_final_nontoxic.csv,/content/dyrk1a_pool_final_nontoxic.csv,docking_results_1.csv,,,,,,,,,,,,0.996436609152288;;;;;;;;;;
RLHF_0785,Docking pobre,CAN_94c690d1d8b38b20,MOL_0e5d00645214dc3c,CC[C@H](CS)C(=O)Nc1nnc(Sc2ccc(OC)cc2)s1,CC[C@H1](CS)C(=O)NC1=NN=C(SC2=CC=C(OC)C=C2)S1,DYRK1A,-6.3,True,False,False,0.5868680802629367,3.5924000000000023,2.901233127857976,355.5100000000001,,,,,,,0.9979369842460615,True,False,-6.3,,2.0,7.0,7.0,64.11,2.0,22.0,0.49216536,0.2197655,True,,,,1.0,CAN_43f0f086ca3e6463,MOL_0e5d00645214dc3c,,,dyrk1a_pool_final_nontoxic.csv,/content/dyrk1a_pool_final_nontoxic.csv,docking_results_0_add.csv,,,,,,,,,,,,0.9979369842460615;;;;;;;;;;
RLHF_0786,Docking pobre,CAN_f3ff808852856f3a,MOL_e7d38525f7f07a12,C[C@@H](C=O)Sc1nc2ccccc2n1C=O,C[C@H1](SC1=NC2=CC=CC=C2N1C=O)C=O,DYRK1A,-6.2,True,False,False,0.5971419892740771,1.7540999999999995,3.421039238575384,234.28,,,,,,,0.9990622655663915,True,False,-6.2,,0.0,4.0,4.0,51.96,2.0,16.0,0.34580198,0.129964,True,,,0.02,1.0,CAN_524d77bf96bd6880,MOL_e7d38525f7f07a12,,,dyrk1a_pool_final_nontoxic.csv,/content/dyrk1a_pool_final_nontoxic.csv,docking_results_20.csv,,,,,,,,,,,,0.9990622655663915;;;;;;;;;;
RLHF_0787,Docking pobre,CAN_d80d966183270caf,MOL_60175195a039bc41,CN(C(=O)N1CCN=C1c1ccccc1F)c1ccc(S(N)=O)cc1F,CN(C(=O)N1CCN=C1C2=CC=CC=C2F)C3=CC=C(C=C3F)S(N)=O,DYRK1A,-6.2,True,False,False,0.8892316952306353,2.2647000000000004,3.545674868075328,378.4040000000001,,,,,,,0.9990622655663915,True,False,-6.2,,1.0,3.0,3.0,79.0,3.0,26.0,0.08704376,0.033158366,True,,,0.02,1.0,CAN_ca3fe0bdef088c75,MOL_60175195a039bc41,,,dyrk1a_pool_final_nontoxic.csv,/content/dyrk1a_pool_final_nontoxic.csv,docking_results_6.csv,,,,,,,,,,,,0.9990622655663915;;;;;;;;;;
RLHF_0788,Docking pobre,CAN_d9b72dc83928bb8f,MOL_7a8f58ce8a430762,CCCNC(=O)C=C1C=Cc2c(ccn(C(=O)C3CC3)cncc2C=O)C=CC1,CCCNC(=O)C=C1C=CC2=C(C=CN(C(=O)C3CC3)C=NC=C2C=O)C=CC1,DYRK1A,-6.1,True,False,False,0.6121798949515822,3.752900000000003,3.989556360170416,391.4710000000002,,,,,,,1.0,True,False,-6.1,,1.0,4.0,5.0,81.06,3.0,29.0,0.27871358,0.087386765,True,,,0.02,1.0,CAN_8a98fccadb5ad898,MOL_7a8f58ce8a430762,,,dyrk1a_pool_final_nontoxic.csv,/content/dyrk1a_pool_final_nontoxic.csv,docking_results_5.csv,,,,,,,,,,,,1.0;;;;;;;;;;
RLHF_0789,Docking pobre,CAN_b9b74171d3d64baa,MOL_3428d068a7e8c214,CC1CN(C(=O)c2ccccc2C(O)C(F)(F)F)CCC2CCNC[C@H]12,CC(C1)[C@H1]2CNCCC2CCN1C(=O)C3=CC=CC=C3C(O)C(F)(F)F,NCS1,-6.121,True,False,False,0.8415973955364008,2.9900000000000024,3.8202860339289177,370.415,,,,,,,0.9929953302201467,True,False,-6.121,,2.0,3.0,2.0,52.57000000000001,3.0,26.0,0.10530695,0.038601354,True,,,0.0760464051274349,1.0,CAN_960744b4bd6783c4,MOL_3428d068a7e8c214,,,ncs1.csv,/content/ncs1.csv,reward_results_12.csv,,,,,,,,,,,,0.9929953302201467;;;;;;;;;;
RLHF_0790,Docking pobre,CAN_e3f68825d9049a1f,MOL_14e1b7eb584ee077,CC1C(c2ccc(C#N)cc2)OC[C@]1(C)N(C)C,CC1[C@](C)(COC1C2=CC=C(C=C2)C#N)N(C)C,NCS1,-6.09,True,False,False,0.8019595692249843,2.585980000000001,3.8051126196359695,244.338,,,,,,,0.9943295530353569,True,False,-6.09,,0.0,3.0,2.0,36.26,2.0,18.0,0.05937628,0.015013091,True,,,0.0770074529657558,1.0,CAN_ce98fa0eeb043b72,MOL_14e1b7eb584ee077,,,ncs1.csv,/content/ncs1.csv,reward_results_2.csv,,,,,,,,,,,,0.9943295530353569;;;;;;;;;;
RLHF_0791,Docking pobre,CAN_dda8abbcc647c791,MOL_7867978dd23dba17,O=C1CNC=C(C2=CCNCC2)c2ccccc21,C1NC=C(C2=CCNCC2)C3=CC=CC=C3C1=O,NCS1,-6.072,True,False,False,0.7852302360134786,1.7331000000000003,3.167047356325732,240.306,,,,,,,0.9953302201467645,True,False,-6.072,,2.0,3.0,1.0,41.13,3.0,18.0,0.13127615,0.040832642,True,,,0.0606606996040616,1.0,CAN_8b4e2f8658f1ce19,MOL_7867978dd23dba17,,,ncs1.csv,/content/ncs1.csv,reward_results_8.csv,,,,,,,,,,,,0.9953302201467645;;;;;;;;;;
RLHF_0792,Docking pobre,CAN_291b9f9eded69790,MOL_7eec691040116b31,Cc1cnn(-c2ccccc2NCCN(C)C)c1,CC=1C=NN(C2=CC=CC=C2NCCN(C)C)C=1,NCS1,-6.065,True,False,False,0.8746082857780717,2.15422,2.182702303819969,244.342,,,,,,,0.9957749610851679,True,False,-6.065,,1.0,3.0,5.0,33.09,2.0,18.0,0.2337232,0.044678405,True,,,0.0699707971364545,1.0,CAN_dcb43b535d3dd7d3,MOL_7eec691040116b31,,,ncs1.csv,/content/ncs1.csv,reward_results_15.csv,,,,,,,,,,,,0.9957749610851679;;;;;;;;;;
RLHF_0793,Docking pobre,CAN_08cff4bfae362edd,MOL_2ba00170d22f6216,COC(=O)[C@@H]1CC[C@@H](C[C@@H](O)Cc2c(O)cc(OC)c(C)c2C)N1C,COC(=O)[C@@H1]1CC[C@@H1](C[C@@H1](O)CC2=C(O)C=C(OC)C(C)=C2C)N1C,NCS1,-6.063,True,False,False,0.7628425521777844,1.94694,3.8214390083253473,351.4430000000001,,,,,,,0.9961085167889704,True,False,-6.063,,2.0,6.0,6.0,79.23,2.0,25.0,0.070604905,0.02610366,True,,,0.0653071362982268,1.0,CAN_05fcb8b073027a54,MOL_2ba00170d22f6216,,,ncs1.csv,/content/ncs1.csv,reward_results_3.csv,,,,,,,,,,,,0.9961085167889704;;;;;;;;;;
RLHF_0794,Docking pobre,CAN_0a26e5dd715f2691,MOL_519ffc80936714cb,CCCN1C(=O)c2ccccc2C1=O,CCCN1C(=O)C2=CC=CC=C2C1=O,NCS1,-6.062,True,False,False,0.6637638282868971,1.6926,1.6094237809584089,189.214,,,,,,,0.9965532577273738,True,False,-6.062,,0.0,2.0,2.0,37.38,2.0,14.0,0.080672905,0.03297853,True,,,0.0580991634937245,1.0,CAN_6fadb07187449964,MOL_519ffc80936714cb,,,ncs1.csv,/content/ncs1.csv,reward_results_4.csv,,,,,,,,,,,,0.9965532577273738;;;;;;;;;;
RLHF_0795,Docking pobre,CAN_0cc9d931453a9da2,MOL_c8feeb1448c6a557,C[C@H](CS)CN1CCc2ccccc2[C@H]1C(CN1CC(C(=O)O)C1)C(=O)O,C[C@H1](CS)CN1CCC2=CC=CC=C2[C@H1]1C(CN3CC(C3)C(O)=O)C(O)=O,NCS1,-6.052,True,False,False,0.5862594218469288,1.8689,3.8817847024293375,392.5210000000002,,,,,,,0.9973315543695798,True,False,-6.052,,3.0,5.0,8.0,81.08000000000001,3.0,27.0,0.076368995,0.016692283,True,,,0.0617434479203866,1.0,CAN_d4c4dca2ba467428,MOL_c8feeb1448c6a557,,,ncs1.csv,/content/ncs1.csv,reward_results_7.csv,,,,,,,,,,,,0.9973315543695798;;;;;;;;;;
RLHF_0796,Docking pobre,CAN_e1f22a4b84d77c0e,MOL_fee5cd65c36565fa,O=C(c1ccccc1)N1C=C2C=CC=C(CC1)C2,O=C(N1CCC2=CC=CC(C2)=C1)C3=CC=CC=C3,NCS1,-6.042,True,False,False,0.7335065774931752,3.302700000000001,3.7675923156908384,237.302,,,,,,,0.9979986657771848,True,False,-6.042,,0.0,1.0,1.0,20.31,3.0,18.0,0.13717659,0.04058725,True,,,0.0556664168945843,1.0,CAN_5801cdc168a05036,MOL_fee5cd65c36565fa,,,ncs1.csv,/content/ncs1.csv,reward_results_5.csv,,,,,,,,,,,,0.9979986657771848;;;;;;;;;;
RLHF_0797,Docking pobre,CAN_57ce44ed940eba50,MOL_af6d9eec02e22578,Cc1[nH]ncc1CN(C)CCCc1ccccc1,CC=1[NH1]N=CC=1CN(C)CCCC2=CC=CC=C2,NCS1,-6.041,True,False,False,0.845709903401857,2.782720000000001,2.089881698181264,243.354,,,,,,,0.9982210362463865,True,False,-6.041,,1.0,2.0,6.0,31.92,2.0,18.0,0.043144025,0.012107998,True,,,0.067207884314582,1.0,CAN_6cdef32f6f81278c,MOL_af6d9eec02e22578,,,ncs1.csv,/content/ncs1.csv,reward_results_5.csv,,,,,,,,,,,,0.9982210362463865;;;;;;;;;;
RLHF_0798,Docking pobre,CAN_1ed4173736798545,MOL_859495b8cd63c2e6,COC1=C(Cc2ccc(C(F)(F)F)cc2)C(C)NC(C)=CC1=O,COC1=C(CC2=CC=C(C=C2)C(F)(F)F)C(C)NC(C)=CC1=O,NCS1,-6.016,True,False,False,0.9224467668845996,3.613000000000002,3.350308104439099,325.33000000000004,,,,,,,0.9991105181231933,True,False,-6.016,,1.0,3.0,3.0,38.33,2.0,23.0,0.22366586,0.06650252,True,,,0.0437781932997928,1.0,CAN_d7c1cff0bc9c0656,MOL_859495b8cd63c2e6,,,ncs1.csv,/content/ncs1.csv,reward_results_4.csv,,,,,,,,,,,,0.9991105181231933;;;;;;;;;;
RLHF_0799,Docking pobre,CAN_b3cb27c2afa8fdb7,MOL_d856774ede989605,COc1ccc(C)cc1[C@H](C)N(O)C(=O)Cc1ccccc1,C[C@@H1](C1=CC(C)=CC=C1OC)N(O)C(=O)CC2=CC=CC=C2,NCS1,-6.004,True,False,False,0.6785472116492246,3.525120000000002,2.574933868206997,299.36999999999995,,,,,,,1.0,True,False,-6.004,,1.0,3.0,5.0,49.77,2.0,22.0,0.0986012,0.03700434,True,,,0.0450013392092632,1.0,CAN_f3449f1ce1b5a270,MOL_d856774ede989605,,,ncs1.csv,/content/ncs1.csv,reward_results_5.csv,,,,,,,,,,,,1.0;;;;;;;;;;
RLHF_0800,Docking pobre,CAN_6c29e394c849829c,MOL_f8b5b8406cafccf9,CC(C)(C)C1=CC=C(CNC(=O)C2=CC=CC=C2NC(=O)C3=CC=CC=N3)N=C1C#N,CC(C)(C)C1=CC=C(CNC(=O)C2=CC=CC=C2NC(=O)C3=CC=CC=N3)N=C1C#N,NCS1_H10,-10.309686291283423,True,False,False,,,,,0.566440761089325,,,,,,1.0,False,True,,-10.309686291283423,,,,,,,,,,,-0.9112460017204284,,,,,CAN_6c29e394c849829c,MOL_f8b5b8406cafccf9,,,,2.0,ncs1_h10_POCKLIGGPT_de_novo.csv,ncs1_h10; ncs1_leu89,ncs1_h10/ncs1_h10_POCKLIGGPT_de_novo.csv; ncs1_leu89/ncs1_h10_POCKLIGGPT_de_novo.csv,ncs1_h10; ncs1_leu89,intermediate,CC(C)(C)C1=CC=C(CNC(=O)C2=CC=CC=C2NC(=O)C3=CC=CC=N3)N=C1C#N,,,,,1.0;;;;;;;
RLHF_0801,Seleccionadas por diversidad,CAN_efb8bfdb76b8e8c4,MOL_a15692196cff075d,O=S(=O)(NC1=NC(=NC(N)=N1)C2=CC=CC=C2)C=C3C=CC4=CC=CC=C4C3,O=S(=O)(NC1=NC(=NC(N)=N1)C2=CC=CC=C2)C=C3C=CC4=CC=CC=C4C3,BACE1,-10.789774250910504,True,False,False,,,,,0.565045952796936,,,,,5.252781,0.007202122730910163,False,True,,-10.789774250910504,,,,,,,,,,,0.7472192645072937,,,,,CAN_efb8bfdb76b8e8c4,MOL_a15692196cff075d,,,,2.0,bace_boltz_affinity_probability_ranked_v2_pic50_corrected.csv; bace_multiplicative_ranked.csv,bace,bace/bace_boltz_affinity_probability_ranked_v2_pic50_corrected.csv; bace/bace_multiplicative_ranked.csv,bace,intermediate,O=S(=O)(NC1=NC(=NC(N)=N1)C2=CC=CC=C2)C=C3C=CC4=CC=CC=C4C3,,,,,;;;;;;;;
RLHF_0802,Seleccionadas por diversidad,CAN_4f09d50238fe7509,MOL_f7f7d74e72ff8412,C[C]1Cc2conc2C[C@H](c2ccc3c4c(ccc3c2)CCNC4=O)N1,C[C@]1CC2=CON=C2C[C@@H1](N1)C3=CC=C4C5=C(CCNC5=O)C=CC4=C3,BACE1,-10.6,True,False,False,0.7104878370449577,3.0950900000000017,3.918313532042937,346.41,,,,,,,0.01301436212778503,True,False,-10.6,,2.0,4.0,1.0,67.16,5.0,26.0,0.14415862,0.045712426,True,,,0.8393420239436787,1.0,CAN_c474e4bf65be3b5c,MOL_f7f7d74e72ff8412,,,bace_pool_final_nontoxic-2.csv,/content/bace_pool_final_nontoxic-2.csv,docking_results_3_14.csv,,,,,,,,,,,,;;;;;;;;;;
RLHF_0803,Seleccionadas por diversidad,CAN_12effa38f4aff7cd,MOL_c66697a21519a898,CC(C)S(=O)(=O)c1ccc(C=C2C=C=c3c4c(ccc3=C2)C(=O)NCC4)cc1,CC(C)S(=O)(=O)C1=CC=C(C=C1)C=C2C=C3C=CC4=C(CCNC4=O)C3=C=C2,BACE1,-10.2,True,False,False,0.8701819262015807,1.9679,3.5054205923744446,391.49200000000025,,,,,,,0.025628606326075054,True,False,-10.2,,1.0,3.0,3.0,63.24,4.0,28.0,0.36345568,0.1322902,True,,,0.80902982061604,1.0,CAN_b3c323b917c30bb8,MOL_c66697a21519a898,,,bace_pool_final_nontoxic-2.csv,/content/bace_pool_final_nontoxic-2.csv,docking_results_3_22.csv,,,,,,,,,,,,;;;;;;;;;;
RLHF_0804,Seleccionadas por diversidad,CAN_9cdae4dfab79eb4c,MOL_8e34ad6ba1ffd32b,C=C1[C@H1]C2[NH1+1]CC=C1C2C3=CC=C(N=C3)C4=CC=C5C(=C4)C=CN=C6N=C[NH1]C65O,C=C1[C@H1]C2[NH1+1]CC=C1C2C3=CC=C(N=C3)C4=CC=C5C(=C4)C=CN=C6N=C[NH1]C65O,BACE1,-9.965,True,False,False,,1.42349,,394.4580000000001,,,,,,,0.04493956113380786,False,True,,-9.965,,,,,,,,,,,,,,,,CAN_9cdae4dfab79eb4c,MOL_8e34ad6ba1ffd32b,,,,1.0,reward_results_27.csv,bace_4,bace_4/reward_results_27.csv,bace_4,intermediate,C=C1[C@H1]C2[NH1+1]CC=C1C2C3=CC=C(N=C3)C4=CC=C5C(=C4)C=CN=C6N=C[NH1]C65O,,1.42349,,394.4580000000001,;;;;;;;;;;
RLHF_0805,Seleccionadas por diversidad,CAN_91cecd48094a2263,MOL_2a9807337dcce1ed,S[C@H1]1N=N[C@H1](C2=CC=C(NC3=CC=C(N4C=NN=N4)C=C3)N=C25)CC1C6=CC=CC=C65,S[C@H1]1N=N[C@H1](C2=CC=C(NC3=CC=C(N4C=NN=N4)C=C3)N=C25)CC1C6=CC=CC=C65,BACE1,-9.905,True,False,False,,4.718000000000003,,426.5090000000002,,,,,,,0.05049909446994904,False,True,,-9.905,,,,,,,,,,,,,,,,CAN_91cecd48094a2263,MOL_2a9807337dcce1ed,,,,1.0,reward_results_20.csv,bace_3,bace_3/reward_results_20.csv,bace_3,intermediate,S[C@H1]1N=N[C@H1](C2=CC=C(NC3=CC=C(N4C=NN=N4)C=C3)N=C25)CC1C6=CC=CC=C65,,4.718000000000003,,426.5090000000002,;;;;;;;;;;
RLHF_0806,Seleccionadas por diversidad,CAN_897a8486f211a707,MOL_60d076eeac299b22,CC1=CC(Cl)=CC=C1OC2=CC=C3[NH1]N=C(C=C4CN(C)C(=O)N(C)C4=O)C3=C2,CC1=CC(Cl)=CC=C1OC2=CC=C3[NH1]N=C(C=C4CN(C)C(=O)N(C)C4=O)C3=C2,BACE1,-9.845,True,False,False,,4.224220000000004,,410.8610000000003,,,,,,,0.05805921745356526,False,True,,-9.845,,,,,,,,,,,,,,,,CAN_897a8486f211a707,MOL_60d076eeac299b22,,,,1.0,reward_results_3.csv,bace_4,bace_4/reward_results_3.csv,bace_4,intermediate,CC1=CC(Cl)=CC=C1OC2=CC=C3[NH1]N=C(C=C4CN(C)C(=O)N(C)C4=O)C3=C2,,4.224220000000004,,410.8610000000003,;;;;;;;;;;
RLHF_0807,Seleccionadas por diversidad,CAN_3633b484896c31d5,MOL_f72b2ec31761c0d4,C1=C2C3NC(C=C3C(=O)NC2=C1)C4=CC=CC(=C4)C=CN=C5[NH1]C(=O)NC5=C,C1=C2C3NC(C=C3C(=O)NC2=C1)C4=CC=CC(=C4)C=CN=C5[NH1]C(=O)NC5=C,BACE1,-9.464,True,False,False,,1.7753,,371.4000000000001,,,,,,,0.13024891546982267,False,True,,-9.464,,,,,,,,,,,,,,,,CAN_3633b484896c31d5,MOL_f72b2ec31761c0d4,,,,1.0,reward_results_16.csv,bace_4,bace_4/reward_results_16.csv,bace_4,intermediate,C1=C2C3NC(C=C3C(=O)NC2=C1)C4=CC=CC(=C4)C=CN=C5[NH1]C(=O)NC5=C,,1.7753,,371.4000000000001,;;;;;;;;;;
RLHF_0808,Seleccionadas por diversidad,CAN_5da50f5b2dc6b6dd,MOL_dea77910215eeafe,O=C1NC(=O)N(C1=O)C2=CC=CC(=C2)C3=CC=C4[NH1]C(=CC4=C3)C#N,O=C1NC(=O)N(C1=O)C2=CC=CC(=C2)C3=CC=C4[NH1]C(=CC4=C3)C#N,BACE1,-9.454,True,False,False,,2.2893800000000004,,330.3030000000001,,,,,,,0.13248115233963695,False,True,,-9.454,,,,,,,,,,,,,,,,CAN_5da50f5b2dc6b6dd,MOL_dea77910215eeafe,,,,1.0,reward_results_21.csv,bace_4,bace_4/reward_results_21.csv,bace_4,intermediate,O=C1NC(=O)N(C1=O)C2=CC=CC(=C2)C3=CC=C4[NH1]C(=CC4=C3)C#N,,2.2893800000000004,,330.3030000000001,;;;;;;;;;;
RLHF_0809,Seleccionadas por diversidad,CAN_2861c6e66c486e05,MOL_a56a93cebf238b68,O=C(N[C@H1]C1C[C@H1](C2=CC=C(C=C2)C=CC3=CN=N[NH1]3)CC1)C=CC=C4N=C[NH1]C4=C,O=C(N[C@H1]C1C[C@H1](C2=CC=C(C=C2)C=CC3=CN=N[NH1]3)CC1)C=CC=C4N=C[NH1]C4=C,BACE1,-9.408,True,False,False,,2.3070900000000005,,413.50500000000017,,,,,,,0.14366339552710272,False,True,,-9.408,,,,,,,,,,,,,,,,CAN_2861c6e66c486e05,MOL_a56a93cebf238b68,,,,1.0,reward_results_23.csv,bace_4,bace_4/reward_results_23.csv,bace_4,intermediate,O=C(N[C@H1]C1C[C@H1](C2=CC=C(C=C2)C=CC3=CN=N[NH1]3)CC1)C=CC=C4N=C[NH1]C4=C,,2.3070900000000005,,413.50500000000017,;;;;;;;;;;
RLHF_0810,Seleccionadas por diversidad,CAN_8891810dadbd5e8b,MOL_04956f63d54952c6,CCn1nncc1CNC(=O)c1ccc(NC(=O)c2ccc3c(c2)OCO3)cc1,CCN1N=NC=C1CNC(=O)C2=CC=C(NC(=O)C3=CC=C4C(=C3)OCO4)C=C2,BACE1,-9.339,True,False,False,0.6649052564805312,2.2090000000000005,2.3489704160267184,393.4030000000002,,,,,,,0.16554352861896138,True,False,-9.339,,2.0,6.0,6.0,107.37,4.0,29.0,0.34090048,0.08549497,True,,,0.8900874743719591,1.0,CAN_388bed6c71c697ff,MOL_04956f63d54952c6,,,bace_pool_final_nontoxic-4.csv,/content/bace_pool_final_nontoxic-4.csv,reward_results_9.csv,,,,,,,,,,,,;;;;;;;;;;
RLHF_0811,Seleccionadas por diversidad,CAN_68f403962329047d,MOL_9c7310bff5bd4ded,CN(C/C=C1\C(=O)NC2=CC=C(F)C=C12)CC3=CC=C(N=C3)C#CC=C4C=CNC(=C4)C#N,CN(C/C=C1\C(=O)NC2=CC=C(F)C=C12)CC3=CC=C(N=C3)C#CC=C4C=CNC(=C4)C#N,BACE1,-9.312,True,False,False,,3.4904800000000025,,437.4780000000001,,,,,,,0.17369329907762288,False,True,,-9.312,,,,,,,,,,,,,,,,CAN_68f403962329047d,MOL_9c7310bff5bd4ded,,,,1.0,reward_results_14.csv,bace_4,bace_4/reward_results_14.csv,bace_4,intermediate,CN(C/C=C1\C(=O)NC2=CC=C(F)C=C12)CC3=CC=C(N=C3)C#CC=C4C=CNC(=C4)C#N,,3.4904800000000025,,437.4780000000001,;;;;;;;;;;
RLHF_0812,Seleccionadas por diversidad,CAN_6f039700f3d6479b,MOL_903d0c8afed73631,N#C/C(=C\C1=CC(O)=C(O)C(O)=C1)C(=O)NC2=CC=C3C=CC=CC3=C2,N#C/C(=C\C1=CC(O)=C(O)C(O)=C1)C(=O)NC2=CC=C3C=CC=CC3=C2,BACE1,-9.278,True,False,False,,3.5022800000000007,,346.34200000000004,,,,,,,0.18641283746788528,False,True,,-9.278,,,,,,,,,,,,,,,,CAN_6f039700f3d6479b,MOL_903d0c8afed73631,,,,1.0,reward_results_13.csv,bace_3,bace_3/reward_results_13.csv,bace_3,intermediate,N#C/C(=C\C1=CC(O)=C(O)C(O)=C1)C(=O)NC2=CC=C3C=CC=CC3=C2,,3.5022800000000007,,346.34200000000004,;;;;;;;;;;
RLHF_0813,Seleccionadas por diversidad,CAN_f5dd640b3b034857,MOL_9528875abc0bc86d,CC=C1C=C(CN2CCC(c3nnn4cnc5[nH]ccc5c34)CC2)N=C1N,CC=C1C(N)=NC(CN2CCC(CC2)C=3N=NN4C=NC=5[NH1]C=CC=5C=34)=C1,BACE1,-9.168,True,False,False,0.7419808286020605,1.986,3.72058126855662,362.441,,,,,,,0.22423451122436086,True,False,-9.168,,2.0,6.0,3.0,100.49,5.0,27.0,0.24619396,0.07517437,True,,,0.808515222702857,1.0,CAN_aed16195274df46a,MOL_9528875abc0bc86d,,,bace_pool_final_nontoxic-5.csv,/content/bace_pool_final_nontoxic-5.csv,reward_results_5.csv,,,,,,,,,,,,;;;;;;;;;;
RLHF_0814,Seleccionadas por diversidad,CAN_c4e497c958cff1e7,MOL_eae5c5f0fc02e684,C[C@H1]1C[C@H1](C)N2N=C(C=C2C1)C3=CC=C(C=C3NC(=O)NC=O)C4=COCCC4,C[C@H1]1C[C@H1](C)N2N=C(C=C2C1)C3=CC=C(C=C3NC(=O)NC=O)C4=COCCC4,BACE1,-9.114,True,False,False,,4.122600000000003,,394.4750000000002,,,,,,,0.2408288758792065,False,True,,-9.114,,,,,,,,,,,,,,,,CAN_c4e497c958cff1e7,MOL_eae5c5f0fc02e684,,,,1.0,reward_results_7.csv,bace_4,bace_4/reward_results_7.csv,bace_4,intermediate,C[C@H1]1C[C@H1](C)N2N=C(C=C2C1)C3=CC=C(C=C3NC(=O)NC=O)C4=COCCC4,,4.122600000000003,,394.4750000000002,;;;;;;;;;;
RLHF_0815,Seleccionadas por diversidad,CAN_9a4b9cddce52619e,MOL_9a949d9319185abf,C1NC[C@H1](C(=O)NC2=CC(C)=C(C)C=C2C)C3=CC=C(C(=O)NS(N)(=O)=O)C31,C1NC[C@H1](C(=O)NC2=CC(C)=C(C)C=C2C)C3=CC=C(C(=O)NS(N)(=O)=O)C31,BACE1,-8.952,True,False,False,,0.5720600000000011,,404.4920000000001,,,,,,,0.31063892515688835,False,True,,-8.952,,,,,,,,,,,,,,,,CAN_9a4b9cddce52619e,MOL_9a949d9319185abf,,,,1.0,reward_results_10.csv,bace_4,bace_4/reward_results_10.csv,bace_4,intermediate,C1NC[C@H1](C(=O)NC2=CC(C)=C(C)C=C2C)C3=CC=C(C(=O)NS(N)(=O)=O)C31,,0.5720600000000011,,404.4920000000001,;;;;;;;;;;
RLHF_0816,Seleccionadas por diversidad,CAN_80998207593b1aa2,MOL_eb2a74287266bfbb,O=C1N=C([O-1])C=C1C2=CC=C(C=C2)C=CC=C3[NH1]C(=O)[NH1]C3=O,O=C1N=C([O-1])C=C1C2=CC=C(C=C2)C=CC=C3[NH1]C(=O)[NH1]C3=O,BACE1,-8.827,True,False,False,,0.1054999999999998,,308.273,,,,,,,0.3651391989217875,False,True,,-8.827,,,,,,,,,,,,,,,,CAN_80998207593b1aa2,MOL_eb2a74287266bfbb,,,,1.0,reward_results_24.csv,bace_4,bace_4/reward_results_24.csv,bace_4,intermediate,O=C1N=C([O-1])C=C1C2=CC=C(C=C2)C=CC=C3[NH1]C(=O)[NH1]C3=O,,0.1054999999999998,,308.273,;;;;;;;;;;
RLHF_0817,Seleccionadas por diversidad,CAN_ea645cb95ea729ef,MOL_7a13160816ec4bda,CCC1=CC=C2OC=C(C2=C1)C3=CC=C4C(=C3)C(N)CCC4,CCC1=CC=C2OC=C(C2=C1)C3=CC=C4C(=C3)C(N)CCC4,BACE1,-8.803,True,False,False,,4.998300000000004,,291.3940000000001,,,,,,,0.3748052057448511,False,True,,-8.803,,,,,,,,,,,,,,,,CAN_ea645cb95ea729ef,MOL_7a13160816ec4bda,,,,1.0,reward_results_8.csv,bace_4,bace_4/reward_results_8.csv,bace_4,intermediate,CCC1=CC=C2OC=C(C2=C1)C3=CC=C4C(=C3)C(N)CCC4,,4.998300000000004,,291.3940000000001,;;;;;;;;;;
RLHF_0818,Seleccionadas por diversidad,CAN_baf03a2826e20b67,MOL_9767614e6868d1bb,CC1=CC=C(C=C1C=NC(N2C=CC(=O)[NH1]C2=N)C3=CCCCC3)C#N,CC1=CC=C(C=C1C=NC(N2C=CC(=O)[NH1]C2=N)C3=CCCCC3)C#N,BACE1,-8.775,True,False,False,,2.954070000000001,,347.42200000000025,,,,,,,0.38946215726740513,False,True,,-8.775,,,,,,,,,,,,,,,,CAN_baf03a2826e20b67,MOL_9767614e6868d1bb,,,,1.0,reward_results_2.csv,bace_4,bace_4/reward_results_2.csv,bace_4,intermediate,CC1=CC=C(C=C1C=NC(N2C=CC(=O)[NH1]C2=N)C3=CCCCC3)C#N,,2.954070000000001,,347.42200000000025,;;;;;;;;;;
RLHF_0819,Seleccionadas por diversidad,CAN_c6b876395631baf5,MOL_a3d002c07c8d3886,N#CCCN(C1=CC=CC=C1)S(=O)(=O)C2=CC3=C4C(=C2)C(=O)N=CN4CCC3,N#CCCN(C1=CC=CC=C1)S(=O)(=O)C2=CC3=C4C(=C2)C(=O)N=CN4CCC3,BACE1,-8.758,True,False,False,,2.4516800000000005,,394.4560000000002,,,,,,,0.3969591037358379,False,True,,-8.758,,,,,,,,,,,,,,,,CAN_c6b876395631baf5,MOL_a3d002c07c8d3886,,,,1.0,reward_results_18.csv,bace_3,bace_3/reward_results_18.csv,bace_3,intermediate,N#CCCN(C1=CC=CC=C1)S(=O)(=O)C2=CC3=C4C(=C2)C(=O)N=CN4CCC3,,2.4516800000000005,,394.4560000000002,;;;;;;;;;;
RLHF_0820,Seleccionadas por diversidad,CAN_bf7b81f8ae046542,MOL_bd9725956b1fd32e,CC1=C(Cl)C=CC=C1C2=CC=CC(=C23)C=CN=C4[NH1]C(=O)NC4=C3,CC1=C(Cl)C=CC=C1C2=CC=CC(=C23)C=CN=C4[NH1]C(=O)NC4=C3,BACE1,-8.705,True,False,False,,2.76452,,335.79400000000004,,,,,,,0.42058712041443796,False,True,,-8.705,,,,,,,,,,,,,,,,CAN_bf7b81f8ae046542,MOL_bd9725956b1fd32e,,,,1.0,reward_results_18.csv,bace_4,bace_4/reward_results_18.csv,bace_4,intermediate,CC1=C(Cl)C=CC=C1C2=CC=CC(=C23)C=CN=C4[NH1]C(=O)NC4=C3,,2.76452,,335.79400000000004,;;;;;;;;;;
RLHF_0821,Seleccionadas por diversidad,CAN_78c6501fa84e2870,MOL_9ebcbe10d9c82399,C[NH2+1][C@H1](C)C1=CC=CC(=C1)NC2=CC=C3C(=C2)C=CN=C[NH1]C(=O)NC3=O,C[NH2+1][C@H1](C)C1=CC=CC(=C1)NC2=CC=C3C(=C2)C=CN=C[NH1]C(=O)NC3=O,BACE1,-8.699,True,False,False,,1.7335999999999996,,364.4290000000001,,,,,,,0.42547277092195596,False,True,,-8.699,,,,,,,,,,,,,,,,CAN_78c6501fa84e2870,MOL_9ebcbe10d9c82399,,,,1.0,reward_results_22.csv,bace_4,bace_4/reward_results_22.csv,bace_4,intermediate,C[NH2+1][C@H1](C)C1=CC=CC(=C1)NC2=CC=C3C(=C2)C=CN=C[NH1]C(=O)NC3=O,,1.7335999999999996,,364.4290000000001,;;;;;;;;;;
RLHF_0822,Seleccionadas por diversidad,CAN_3def2ea0ba699407,MOL_39e286ea98f16ca5,F[N+1]CC[N+1](C[O-1])C1=CC=CC(=C1)C2=CC=C3C(=C2)C=CN=C[NH1]C(=O)NN3,F[N+1]CC[N+1](C[O-1])C1=CC=CC(=C1)C2=CC=C3C(=C2)C=CN=C[NH1]C(=O)NN3,BACE1,-8.651,True,False,False,,1.570599999999999,,382.39900000000006,,,,,,,0.446615844670008,False,True,,-8.651,,,,,,,,,,,,,,,,CAN_3def2ea0ba699407,MOL_39e286ea98f16ca5,,,,1.0,reward_results_19.csv,bace_4,bace_4/reward_results_19.csv,bace_4,intermediate,F[N+1]CC[N+1](C[O-1])C1=CC=CC(=C1)C2=CC=C3C(=C2)C=CN=C[NH1]C(=O)NN3,,1.570599999999999,,382.39900000000006,;;;;;;;;;;
RLHF_0823,Seleccionadas por diversidad,CAN_1adddad090fe7669,MOL_7834e8f0503bde5e,Cc1ccc(CNC(=O)C2=NC3=CCC[C@@H](CNC(=O)C4CCCC4)[C@@H]3NC2)cc1,C1N[C@H1]2[C@H1](CNC(=O)C3CCCC3)CCC=C2N=C1C(=O)NCC4=CC=C(C)C=C4,BACE1,-8.581,True,False,False,0.6767083429593588,2.62432,3.665337945108652,408.5460000000001,,,,,,,0.48180516362717435,True,False,-8.581,,3.0,4.0,6.0,82.59,4.0,30.0,0.09456386,0.030971078,True,,,0.6981062990030321,1.0,CAN_d18f25bd9da44f61,MOL_7834e8f0503bde5e,,,bace_pool_final_nontoxic-5.csv,/content/bace_pool_final_nontoxic-5.csv,reward_results_8.csv,,,,,,,,,,,,;;;;;;;;;;
RLHF_0824,Seleccionadas por diversidad,CAN_e6e71bc83bfb7872,MOL_5e690b0295e5d434,CC1=CC=CC=C1C2=CC=C3C4=C(N)C=CC3=C24,CC1=CC=CC=C1C2=CC=C3C4=C(N)C=CC3=C24,BACE1,-8.562,True,False,False,,4.4262200000000025,,231.298,,,,,,,0.4905656403992756,False,True,,-8.562,,,,,,,,,,,,,,,,CAN_e6e71bc83bfb7872,MOL_5e690b0295e5d434,,,,1.0,reward_results_1.csv,bace_4,bace_4/reward_results_1.csv,bace_4,intermediate,CC1=CC=CC=C1C2=CC=C3C4=C(N)C=CC3=C24,,4.4262200000000025,,231.298,;;;;;;;;;;
RLHF_0825,Seleccionadas por diversidad,CAN_63ee85689aff667c,MOL_84ea912bd63f02b1,C1C=CC=CC1OCC2=CC=CC(=C2)C=C3N=CC(N)=NC3=CN=C,C1C=CC=CC1OCC2=CC=CC(=C2)C=C3N=CC(N)=NC3=CN=C,BACE1,-8.557,True,False,False,,1.7275,,332.4070000000001,,,,,,,0.4931558775217959,False,True,,-8.557,,,,,,,,,,,,,,,,CAN_63ee85689aff667c,MOL_84ea912bd63f02b1,,,,1.0,reward_results_13.csv,bace_4,bace_4/reward_results_13.csv,bace_4,intermediate,C1C=CC=CC1OCC2=CC=CC(=C2)C=C3N=CC(N)=NC3=CN=C,,1.7275,,332.4070000000001,;;;;;;;;;;
RLHF_0826,Seleccionadas por diversidad,CAN_a78b4ac394d5344b,MOL_ed1bded2c5de12d1,CSC1=CC=CC(=C1)C#CC2=CC=CC=C2S(=O)(=O)CCC(=O)O,CSC1=CC=CC(=C1)C#CC2=CC=CC=C2S(=O)(=O)CCC(=O)O,BACE1,-8.477,True,False,False,,3.056700000000001,,360.4560000000002,,,,,,,0.5273975487512109,False,True,,-8.477,,,,,,,,,,,,,,,,CAN_a78b4ac394d5344b,MOL_ed1bded2c5de12d1,,,,1.0,reward_results_4.csv,bace_4,bace_4/reward_results_4.csv,bace_4,intermediate,CSC1=CC=CC(=C1)C#CC2=CC=CC=C2S(=O)(=O)CCC(=O)O,,3.056700000000001,,360.4560000000002,;;;;;;;;;;
RLHF_0827,Seleccionadas por diversidad,CAN_327876e15f869221,MOL_5e5cc9d3bdf5b1dd,N#CC[C@@](CC1=CC=C(C=C1)C2=CC=CC=C2)(C(F)(F)F)NC=CN=C(CNNN)N=C,N#CC[C@@](CC1=CC=C(C=C1)C2=CC=CC=C2)(C(F)(F)F)NC=CN=C(CNNN)N=C,BACE1,-8.462,True,False,False,,3.2386800000000004,,443.4770000000001,,,,,,,0.5328307290569853,False,True,,-8.462,,,,,,,,,,,,,,,,CAN_327876e15f869221,MOL_5e5cc9d3bdf5b1dd,,,,1.0,reward_results_6.csv,bace_4,bace_4/reward_results_6.csv,bace_4,intermediate,N#CC[C@@](CC1=CC=C(C=C1)C2=CC=CC=C2)(C(F)(F)F)NC=CN=C(CNNN)N=C,,3.2386800000000004,,443.4770000000001,;;;;;;;;;;
RLHF_0828,Seleccionadas por diversidad,CAN_c94a8575c354738f,MOL_a9fafc6a6ca25ecd,COC[C@H1](O)CN1C=C(C=N1)C2=CC=C3C(=C2)C=C4N=C[NH1]C(=O)N4C3,COC[C@H1](O)CN1C=C(C=N1)C2=CC=C3C(=C2)C=C4N=C[NH1]C(=O)N4C3,BACE1,-8.453,True,False,False,,1.4229,,353.3820000000001,,,,,,,0.5358842606241839,False,True,,-8.453,,,,,,,,,,,,,,,,CAN_c94a8575c354738f,MOL_a9fafc6a6ca25ecd,,,,1.0,reward_results_27.csv,bace_4,bace_4/reward_results_27.csv,bace_4,intermediate,COC[C@H1](O)CN1C=C(C=N1)C2=CC=C3C(=C2)C=C4N=C[NH1]C(=O)N4C3,,1.4229,,353.3820000000001,;;;;;;;;;;
RLHF_0829,Seleccionadas por diversidad,CAN_fbb9711d25496b33,MOL_5d4a17fb0cf54837,C[C@H1](CCO)NCC=C1C=NC2=C(C3=CC=C(OC(F)F)C=C31)CCC2,C[C@H1](CCO)NCC=C1C=NC2=C(C3=CC=C(OC(F)F)C=C31)CCC2,BACE1,-8.436,True,False,False,,4.011300000000003,,362.4200000000002,,,,,,,0.5430232068399107,False,True,,-8.436,,,,,,,,,,,,,,,,CAN_fbb9711d25496b33,MOL_5d4a17fb0cf54837,,,,1.0,reward_results_1.csv,bace_3,bace_3/reward_results_1.csv,bace_3,intermediate,C[C@H1](CCO)NCC=C1C=NC2=C(C3=CC=C(OC(F)F)C=C31)CCC2,,4.011300000000003,,362.4200000000002,;;;;;;;;;;
RLHF_0830,Seleccionadas por diversidad,CAN_01a2e35bd76b1ef8,MOL_efba3cdc859dd6d8,CC(C)CC1=CC=C(C=C1)C2=CC=C(N=C2)C3=NN=NN3C,CC(C)CC1=CC=C(C=C1)C2=CC=C(N=C2)C3=NN=NN3C,BACE1,-8.404,True,False,False,,3.137600000000001,,293.374,,,,,,,0.5562902750284294,False,True,,-8.404,,,,,,,,,,,,,,,,CAN_01a2e35bd76b1ef8,MOL_efba3cdc859dd6d8,,,,1.0,reward_results_27.csv,bace_4,bace_4/reward_results_27.csv,bace_4,intermediate,CC(C)CC1=CC=C(C=C1)C2=CC=C(N=C2)C3=NN=NN3C,,3.137600000000001,,293.374,;;;;;;;;;;
RLHF_0831,Seleccionadas por diversidad,CAN_5e203a83bc1c11f8,MOL_729019cf6c07bb75,C[C@@H1]1CN(CCN1C(=O)C2=CC3=NC(C)=NC=C3S2)C4=NC=CC(=N4)N=CC=CC=CF,C[C@@H1]1CN(CCN1C(=O)C2=CC3=NC(C)=NC=C3S2)C4=NC=CC(=N4)N=CC=CC=CF,BACE1,-8.391,True,False,False,,3.882320000000002,,451.53100000000006,,,,,,,0.564355810133513,False,True,,-8.391,,,,,,,,,,,,,,,,CAN_5e203a83bc1c11f8,MOL_729019cf6c07bb75,,,,1.0,reward_results_0.csv,bace_4,bace_4/reward_results_0.csv,bace_4,intermediate,C[C@@H1]1CN(CCN1C(=O)C2=CC3=NC(C)=NC=C3S2)C4=NC=CC(=N4)N=CC=CC=CF,,3.882320000000002,,451.53100000000006,;;;;;;;;;;
RLHF_0832,Seleccionadas por diversidad,CAN_dba062d4fd1f5461,MOL_025433b8dea85a11,CCCCC=C1C=C(CNC(=O)NC=C2C=C3N(CC(=O)N(C)C)C=CC3=C=C2)C=C1,CCCCC=C1C=C(CNC(=O)NC=C2C=C3N(CC(=O)N(C)C)C=CC3=C=C2)C=C1,BACE1,-8.374,True,False,False,,2.1019,,418.54100000000017,,,,,,,0.5716632270563956,False,True,,-8.374,,,,,,,,,,,,,,,,CAN_dba062d4fd1f5461,MOL_025433b8dea85a11,,,,1.0,reward_results_7.csv,bace_4,bace_4/reward_results_7.csv,bace_4,intermediate,CCCCC=C1C=C(CNC(=O)NC=C2C=C3N(CC(=O)N(C)C)C=CC3=C=C2)C=C1,,2.1019,,418.54100000000017,;;;;;;;;;;
RLHF_0833,Seleccionadas por diversidad,CAN_07dbcb6101939dd8,MOL_4e06aa5113cacc1f,O=C1C=CC=CC1=C2C=CC3=CNC(=O)C(C3=C2)N4C=CN=C4,O=C1C=CC=CC1=C2C=CC3=CNC(=O)C(C3=C2)N4C=CN=C4,BACE1,-8.349,True,False,False,,0.1860999999999993,,303.321,,,,,,,0.5821505285768437,False,True,,-8.349,,,,,,,,,,,,,,,,CAN_07dbcb6101939dd8,MOL_4e06aa5113cacc1f,,,,1.0,reward_results_20.csv,bace_4,bace_4/reward_results_20.csv,bace_4,intermediate,O=C1C=CC=CC1=C2C=CC3=CNC(=O)C(C3=C2)N4C=CN=C4,,0.1860999999999993,,303.321,;;;;;;;;;;
RLHF_0834,Seleccionadas por diversidad,CAN_0f145713a31d3622,MOL_1ac9e6a052f42e33,O=C(N=CN[C@H]1CC[C@H](OC(=O)N2C[CH]CC2=O)CC1)c1ccccc1,O=C1C[C@H1]CN1C(=O)O[C@H1]2CC[C@@H1](CC2)NC=NC(=O)C3=CC=CC=C3,BACE1,-8.3,True,False,False,0.6606908048121151,2.32909,3.273997489463661,356.4020000000001,,,,,,,0.6024512487891168,True,False,-8.3,,1.0,4.0,4.0,88.07,3.0,26.0,0.16700707,0.06523039,True,,,,1.0,CAN_4d8bf363ac9f2cb3,MOL_1ac9e6a052f42e33,,,bace_pool_final_nontoxic-2.csv,/content/bace_pool_final_nontoxic-2.csv,docking_results_3_0_add_B.csv,,,,,,,,,,,,;;;;;;;;;;
RLHF_0835,Seleccionadas por diversidad,CAN_453a8c432d796205,MOL_0e4113d68f81d029,C1OC=CC=C1N2N=NC(=C2)C=C3C=C(N)C4=NC(CN5CCOCC5)=NN43,C1OC=CC=C1N2N=NC(=C2)C=C3C=C(N)C4=NC(CN5CCOCC5)=NN43,BACE1,-8.267,True,False,False,,-0.3322999999999989,,380.41200000000026,,,,,,,0.6167080823821758,False,True,,-8.267,,,,,,,,,,,,,,,,CAN_453a8c432d796205,MOL_0e4113d68f81d029,,,,1.0,reward_results_3.csv,bace_4,bace_4/reward_results_3.csv,bace_4,intermediate,C1OC=CC=C1N2N=NC(=C2)C=C3C=C(N)C4=NC(CN5CCOCC5)=NN43,,-0.3322999999999989,,380.41200000000026,;;;;;;;;;;
RLHF_0836,Seleccionadas por diversidad,CAN_5cbd40733f8152b0,MOL_5c3fc2358d796cfb,NC(=O)C1(NC2=NC=CC(C3=CN=C4N=CC=CN34)=N2)CCCCC1,NC(=O)C1(NC2=NC=CC(C3=CN=C4N=CC=CN34)=N2)CCCCC1,BACE1,-8.228,True,False,False,,1.786399999999999,,337.3870000000002,,,,,,,0.6339342121888557,False,True,,-8.228,,,,,,,,,,,,,,,,CAN_5cbd40733f8152b0,MOL_5c3fc2358d796cfb,,,,1.0,reward_results_6.csv,bace_3,bace_3/reward_results_6.csv,bace_3,intermediate,NC(=O)C1(NC2=NC=CC(C3=CN=C4N=CC=CN34)=N2)CCCCC1,,1.786399999999999,,337.3870000000002,;;;;;;;;;;
RLHF_0837,Seleccionadas por diversidad,CAN_12fbc8218f98abe2,MOL_209b2237e2bb950c,CC1=NN(C)C=C1C2=CC=CC(=N2)C=NC3=CC=CC=C3C(=N4)NN=CN4,CC1=NN(C)C=C1C2=CC=CC(=N2)C=NC3=CC=CC=C3C(=N4)NN=CN4,BACE1,-8.178,True,False,False,,2.33882,,358.40900000000005,,,,,,,0.653982226340395,False,True,,-8.178,,,,,,,,,,,,,,,,CAN_12fbc8218f98abe2,MOL_209b2237e2bb950c,,,,1.0,reward_results_11.csv,bace_4,bace_4/reward_results_11.csv,bace_4,intermediate,CC1=NN(C)C=C1C2=CC=CC(=N2)C=NC3=CC=CC=C3C(=N4)NN=CN4,,2.33882,,358.40900000000005,;;;;;;;;;;
RLHF_0838,Seleccionadas por diversidad,CAN_68b7ce31fca9b4db,MOL_ce74dfd6d20364f4,CNc1c(C(N)=O)cccc1C(=O)NC1CC(c2ccccc2)C1C,CNC1=C(C=CC=C1C(=O)NC2C(C(C2)C3=CC=CC=C3)C)C(N)=O,BACE1,-8.167,True,False,False,0.7841961161897378,2.7492,3.2191268285648107,337.4230000000001,,,,,,,0.6577938760897949,True,False,-8.167,,3.0,3.0,5.0,84.22,3.0,25.0,0.1400227,0.04455835,True,,,0.4847531287897716,1.0,CAN_f3716bad42291499,MOL_ce74dfd6d20364f4,,,bace_pool_final_nontoxic-5.csv,/content/bace_pool_final_nontoxic-5.csv,reward_results_6.csv,,,,,,,,,,,,;;;;;;;;;;
RLHF_0839,Seleccionadas por diversidad,CAN_5e203f78f16e9699,MOL_e179d64937406907,COC1=CC(C)=CC=C1CC2=CC=C(OC3=CC=C(C)N=N3)C(=N2)C#N,COC1=CC(C)=CC=C1CC2=CC=C(OC3=CC=C(C)N=N3)C(=N2)C#N,BACE1,-8.13,True,False,False,,3.751820000000003,,346.39000000000004,,,,,,,0.6709767089247357,False,True,,-8.13,,,,,,,,,,,,,,,,CAN_5e203f78f16e9699,MOL_e179d64937406907,,,,1.0,reward_results_8.csv,bace_4,bace_4/reward_results_8.csv,bace_4,intermediate,COC1=CC(C)=CC=C1CC2=CC=C(OC3=CC=C(C)N=N3)C(=N2)C#N,,3.751820000000003,,346.39000000000004,;;;;;;;;;;
RLHF_0840,Seleccionadas por diversidad,CAN_077ab837e1ae1dd1,MOL_ecabf320f056d089,C#CCN(CC1=CC=C(C=C1)C2=CC=CC3=C2CCNC3)OCC4=CC=CC=C4,C#CCN(CC1=CC=C(C=C1)C2=CC=CC3=C2CCNC3)OCC4=CC=CC=C4,BACE1,-8.102,True,False,False,,4.566300000000004,,382.5070000000001,,,,,,,0.6791264793833972,False,True,,-8.102,,,,,,,,,,,,,,,,CAN_077ab837e1ae1dd1,MOL_ecabf320f056d089,,,,1.0,reward_results_4.csv,bace_4,bace_4/reward_results_4.csv,bace_4,intermediate,C#CCN(CC1=CC=C(C=C1)C2=CC=CC3=C2CCNC3)OCC4=CC=CC=C4,,4.566300000000004,,382.5070000000001,;;;;;;;;;;
RLHF_0841,Seleccionadas por diversidad,CAN_baa8e8086987fa33,MOL_be725e334bee7900,C[C@H1]C1CC2[NH1+1](CC1C(=O)NC3=CC=CC=C23)C4=CC=CC(=C4)C5=CN=C[NH1]5,C[C@H1]C1CC2[NH1+1](CC1C(=O)NC3=CC=CC=C23)C4=CC=CC(=C4)C5=CN=C[NH1]5,BACE1,-8.042,True,False,False,,3.146790000000001,,372.4720000000001,,,,,,,0.701680495303879,False,True,,-8.042,,,,,,,,,,,,,,,,CAN_baa8e8086987fa33,MOL_be725e334bee7900,,,,1.0,reward_results_23.csv,bace_4,bace_4/reward_results_23.csv,bace_4,intermediate,C[C@H1]C1CC2[NH1+1](CC1C(=O)NC3=CC=CC=C23)C4=CC=CC(=C4)C5=CN=C[NH1]5,,3.146790000000001,,372.4720000000001,;;;;;;;;;;
RLHF_0842,Seleccionadas por diversidad,CAN_1fac77f99d06445b,MOL_86c8b9d141859f7d,CSC1=NC(N)=C2C(=N1)N=CN2C3=CC=CC4=CC=CC(=C34)C=O,CSC1=NC(N)=C2C(=N1)N=CN2C3=CC=CC4=CC=CC(=C34)C=O,BACE1,-8.026,True,False,False,,3.085300000000002,,335.3920000000001,,,,,,,0.7068820283873142,False,True,,-8.026,,,,,,,,,,,,,,,,CAN_1fac77f99d06445b,MOL_86c8b9d141859f7d,,,,1.0,reward_results_17.csv,bace_3,bace_3/reward_results_17.csv,bace_3,intermediate,CSC1=NC(N)=C2C(=N1)N=CN2C3=CC=CC4=CC=CC(=C34)C=O,,3.085300000000002,,335.3920000000001,;;;;;;;;;;
RLHF_0843,Seleccionadas por diversidad,CAN_ff20944f0d5a86da,MOL_c3892cc06f0e708e,CN(C(=O)C1=CC=C(Cl)O1)C2=CC=CC=C2C(=O)N3CCN(C(=O)C4=CC=CO4)CC3,CN(C(=O)C1=CC=C(Cl)O1)C2=CC=CC=C2C(=O)N3CCN(C(=O)C4=CC=CO4)CC3,BACE1,-8.016,True,False,False,,3.400800000000002,,441.8710000000003,,,,,,,0.7098092069241461,False,True,,-8.016,,,,,,,,,,,,,,,,CAN_ff20944f0d5a86da,MOL_c3892cc06f0e708e,,,,1.0,reward_results_16.csv,bace_3,bace_3/reward_results_16.csv,bace_3,intermediate,CN(C(=O)C1=CC=C(Cl)O1)C2=CC=CC=C2C(=O)N3CCN(C(=O)C4=CC=CO4)CC3,,3.400800000000002,,441.8710000000003,;;;;;;;;;;
RLHF_0844,Seleccionadas por diversidad,CAN_859859be66d5248a,MOL_b58d3f0f16e8ec1b,COC1=CC=C(C2=CN=CC(=C2)C3=CN=C(N4CCCN(C5CC5)C4C)CN=C3C)C1,COC1=CC=C(C2=CN=CC(=C2)C3=CN=C(N4CCCN(C5CC5)C4C)CN=C3C)C1,BACE1,-8.007,True,False,False,,4.129000000000004,,417.5570000000003,,,,,,,0.7127995619761613,False,True,,-8.007,,,,,,,,,,,,,,,,CAN_859859be66d5248a,MOL_b58d3f0f16e8ec1b,,,,1.0,reward_results_1.csv,bace_4,bace_4/reward_results_1.csv,bace_4,intermediate,COC1=CC=C(C2=CN=CC(=C2)C3=CN=C(N4CCCN(C5CC5)C4C)CN=C3C)C1,,4.129000000000004,,417.5570000000003,;;;;;;;;;;
RLHF_0845,Seleccionadas por diversidad,CAN_0fe67ce42edbc06e,MOL_b046ca63282ec080,NC(=O)COc1ccc2c3c(ccc2c1)C=C[C@@H](OC(=O)c1ccc(O)nc1)CC=N3,C1[C@H1](OC(=O)C2=CC=C(O)N=C2)C=CC3=CC=C4C=C(OCC(N)=O)C=CC4=C3N=C1,BACE1,-8.0,True,False,False,0.6147309185705397,3.149300000000001,3.674199860087876,417.4210000000002,,,,,,,0.7157267405129933,True,False,-8.0,,2.0,7.0,5.0,124.1,4.0,31.0,0.31241658,0.13603629,True,,,0.0544262899350021,1.0,CAN_b458359c5474ae8b,MOL_b046ca63282ec080,,,bace_pool_final_nontoxic-2.csv,/content/bace_pool_final_nontoxic-2.csv,docking_results_3_20.csv,,,,,,,,,,,,;;;;;;;;;;
RLHF_0846,Seleccionadas por diversidad,CAN_b1241ab0ac49ded1,MOL_27a7a4e4975c411e,CCC[NH1+1]1CCC2=C1N=CC(NCCC(O)C)=C2NC(=N)C3=CC=CC=C3C(F)(F)F,CCC[NH1+1]1CCC2=C1N=CC(NCCC(O)C)=C2NC(=N)C3=CC=CC=C3C(F)(F)F,BACE1,-7.994,True,False,False,,3.203170000000001,,436.50200000000007,,,,,,,0.7191172134945036,False,True,,-7.994,,,,,,,,,,,,,,,,CAN_b1241ab0ac49ded1,MOL_27a7a4e4975c411e,,,,1.0,reward_results_13.csv,bace_4,bace_4/reward_results_13.csv,bace_4,intermediate,CCC[NH1+1]1CCC2=C1N=CC(NCCC(O)C)=C2NC(=N)C3=CC=CC=C3C(F)(F)F,,3.203170000000001,,436.50200000000007,;;;;;;;;;;
RLHF_0847,Seleccionadas por diversidad,CAN_110645f3643b731c,MOL_fb18ddac8e88aa38,CCOC=Cc1c[nH]c(=O)c2cc(N3CCC(=O)CC3)cc(CN)c12,CCOC=CC1=CNC(=O)C2=CC(=CC(CN)=C12)N3CCC(CC3)=O,BACE1,-7.934,True,False,False,0.8137940332317538,2.1633000000000004,3.172469871062884,341.4110000000002,,,,,,,0.7379227561807691,True,False,-7.934,,2.0,5.0,5.0,88.41999999999999,3.0,25.0,0.3180133,0.12937002,True,,,0.3570503882871693,1.0,CAN_c7510fc4d09fabd4,MOL_fb18ddac8e88aa38,,,bace_pool_final_nontoxic-5.csv,/content/bace_pool_final_nontoxic-5.csv,reward_results_9.csv,,,,,,,,,,,,;;;;;;;;;;
RLHF_0848,Seleccionadas por diversidad,CAN_7155de63f82592c9,MOL_573a00350f085176,[NH3+][C@H]1CCC[C@H](NCc2ccc3nc(N4CCCCC4)sc3c2)C1,[NH3+1][C@H1]1CCC[C@H1](NCC2=CC=C3N=C(N4CCCCC4)SC3=C2)C1,BACE1,-7.84,True,False,False,0.8956820087139886,2.9293000000000005,3.526175776397091,345.5360000000001,,,,,,,0.7636566566988164,True,False,-7.84,,2.0,4.0,4.0,55.8,4.0,24.0,0.265323,0.116648234,True,,,0.3040375796529997,1.0,CAN_d0ba481ef5bfe317,MOL_573a00350f085176,,,bace_pool_final_nontoxic-4.csv,/content/bace_pool_final_nontoxic-4.csv,reward_results_2.csv,,,,,,,,,,,,;;;;;;;;;;
RLHF_0849,Seleccionadas por diversidad,CAN_ffe0eb4dbe34f8d4,MOL_56a2873045501f6f,CC(C)CN1C(=NC2=CC=NC=C12)NCC3COC4=CC=CC=C4O3,CC(C)CN1C(=NC2=CC=NC=C12)NCC3COC4=CC=CC=C4O3,BACE1,-7.793,True,False,False,,3.3392000000000017,,338.41100000000006,,,,,,,0.7774291370088026,False,True,,-7.793,,,,,,,,,,,,,,,,CAN_ffe0eb4dbe34f8d4,MOL_56a2873045501f6f,,,,1.0,reward_results_3.csv,bace_4,bace_4/reward_results_3.csv,bace_4,intermediate,CC(C)CN1C(=NC2=CC=NC=C12)NCC3COC4=CC=CC=C4O3,,3.3392000000000017,,338.41100000000006,;;;;;;;;;;
RLHF_0850,Seleccionadas por diversidad,CAN_a77c80936e1138b5,MOL_862b5c286d564c6e,C=CC[NH1+1]([C@H1]1O[C@H1](CO)[C@@H1](O)[C@H1](O)[C@H1]1)OC2=CC=C(C)C(=C2)C#N,C=CC[NH1+1]([C@H1]1O[C@H1](CO)[C@@H1](O)[C@H1](O)[C@H1]1)OC2=CC=C(C)C(=C2)C#N,BACE1,-7.737,True,False,False,,-1.1253099999999978,,334.3720000000001,,,,,,,0.790590911005349,False,True,,-7.737,,,,,,,,,,,,,,,,CAN_a77c80936e1138b5,MOL_862b5c286d564c6e,,,,1.0,reward_results_1.csv,bace_4,bace_4/reward_results_1.csv,bace_4,intermediate,C=CC[NH1+1]([C@H1]1O[C@H1](CO)[C@@H1](O)[C@H1](O)[C@H1]1)OC2=CC=C(C)C(=C2)C#N,,-1.1253099999999978,,334.3720000000001,;;;;;;;;;;
RLHF_0851,Seleccionadas por diversidad,CAN_849105fd741b3b27,MOL_9f4398b0ed54588b,CCC1=CN=CC=c2ncnc(NC3CCCCC3)c2=C1,CCC1=CN=CC=C2N=CN=C(NC3CCCCC3)C2=C1,BACE1,-7.7,True,False,False,0.9240097188674616,2.1605,3.5492140918961903,282.391,,,,,,,0.7996040938381839,True,False,-7.7,,1.0,4.0,3.0,50.17,3.0,21.0,0.45539805,0.19904344,True,,,0.0297787327903996,1.0,CAN_a2a0d1d231b268f7,MOL_9f4398b0ed54588b,,,bace_pool_final_nontoxic-2.csv,/content/bace_pool_final_nontoxic-2.csv,docking_results_3_2.csv,,,,,,,,,,,,;;;;;;;;;;
RLHF_0852,Seleccionadas por diversidad,CAN_320925f0cd59a5d3,MOL_e7e7987a6e315886,CCOC=C1C=CC2=C(N=C(N)N=C2N)N=CC=C1,CCOC=C1C=CC2=C(N=C(N)N=C2N)N=CC=C1,BACE1,-7.692,True,False,False,,1.8467,,257.297,,,,,,,0.8022996251526766,False,True,,-7.692,,,,,,,,,,,,,,,,CAN_320925f0cd59a5d3,MOL_e7e7987a6e315886,,,,1.0,reward_results_1.csv,bace_4,bace_4/reward_results_1.csv,bace_4,intermediate,CCOC=C1C=CC2=C(N=C(N)N=C2N)N=CC=C1,,1.8467,,257.297,;;;;;;;;;;
RLHF_0853,Seleccionadas por diversidad,CAN_5b2c2c0a97f964b6,MOL_aacc586b84ed7c4b,CNN=CC=C(NC(=O)NC1=CC=C2[NH1]C=CC2=C1C)N=CN=C,CNN=CC=C(NC(=O)NC1=CC=C2[NH1]C=CC2=C1C)N=CN=C,BACE1,-7.674,True,False,False,,2.3733200000000005,,325.3760000000001,,,,,,,0.8059428041949206,False,True,,-7.674,,,,,,,,,,,,,,,,CAN_5b2c2c0a97f964b6,MOL_aacc586b84ed7c4b,,,,1.0,reward_results_19.csv,bace_4,bace_4/reward_results_19.csv,bace_4,intermediate,CNN=CC=C(NC(=O)NC1=CC=C2[NH1]C=CC2=C1C)N=CN=C,,2.3733200000000005,,325.3760000000001,;;;;;;;;;;
RLHF_0854,Seleccionadas por diversidad,CAN_e11fc445351db6d1,MOL_f9512613baf521e1,NC(=O)C1=C(O)C=C(O)C2=C1OC(CN3CCCCC3)C2=O,NC(=O)C1=C(O)C=C(O)C2=C1OC(CN3CCCCC3)C2=O,BACE1,-7.666,True,False,False,,0.6262999999999999,,306.31800000000004,,,,,,,0.8073326875289559,False,True,,-7.666,,,,,,,,,,,,,,,,CAN_e11fc445351db6d1,MOL_f9512613baf521e1,,,,1.0,reward_results_2.csv,bace_3,bace_3/reward_results_2.csv,bace_3,intermediate,NC(=O)C1=C(O)C=C(O)C2=C1OC(CN3CCCCC3)C2=O,,0.6262999999999999,,306.31800000000004,;;;;;;;;;;
RLHF_0855,Seleccionadas por diversidad,CAN_e99577c86039d6cf,MOL_b08971183ccb126b,CC1=CC(C)=C(S(=O)(=O)NC2=CC(Cl)=CC(Cl)=C2)C(C)=C1,CC1=CC(C)=C(S(=O)(=O)NC2=CC(Cl)=CC(Cl)=C2)C(C)=C1,BACE1,-7.603,True,False,False,,4.719460000000002,,344.26300000000003,,,,,,,0.8201364612727962,False,True,,-7.603,,,,,,,,,,,,,,,,CAN_e99577c86039d6cf,MOL_b08971183ccb126b,,,,1.0,reward_results_1.csv,bace_3,bace_3/reward_results_1.csv,bace_3,intermediate,CC1=CC(C)=C(S(=O)(=O)NC2=CC(Cl)=CC(Cl)=C2)C(C)=C1,,4.719460000000002,,344.26300000000003,;;;;;;;;;;
RLHF_0856,Seleccionadas por diversidad,CAN_612f3052299c0e53,MOL_24e4f75c615ebbdb,O=C1CCCCN2CCCC3=C2C(=CC=C(Cl)C3)C1,O=C(CC1=CC=C(Cl)CC=2CCCN3C1=2)CCCC3,BACE1,-7.6,True,False,False,0.6685564883431349,3.9322000000000026,3.7345693571012175,277.795,,,,,,,0.8218422271827486,True,False,-7.6,,0.0,2.0,0.0,20.31,3.0,19.0,0.15885201,0.0362455,True,,,0.02,1.0,CAN_ae27d04b62873152,MOL_24e4f75c615ebbdb,,,bace_pool_final_nontoxic-2.csv,/content/bace_pool_final_nontoxic-2.csv,docking_results_3_8.csv,,,,,,,,,,,,;;;;;;;;;;
RLHF_0857,Seleccionadas por diversidad,CAN_0de80901805c1262,MOL_fccfe6bcca7bf2da,O=C1NNC([S-])=NCc2cc(Cl)cc(Cl)c21,N1NC([S-1])=NCC2=CC(Cl)=CC(Cl)=C2C1=O,BACE1,-7.585,True,False,False,0.7077096819007728,1.6442999999999997,3.820346727096584,275.14000000000004,,,,,,,0.8259276418312765,True,False,-7.585,,2.0,4.0,0.0,53.49,2.0,16.0,0.34259588,0.10216784,True,,,0.1658583457363272,1.0,CAN_66a3494fbbfb04f7,MOL_fccfe6bcca7bf2da,,,bace_pool_final_nontoxic-5.csv,/content/bace_pool_final_nontoxic-5.csv,reward_results_6.csv,,,,,,,,,,,,;;;;;;;;;;
RLHF_0858,Seleccionadas por diversidad,CAN_642725e6eb8448ef,MOL_0f6561916236190a,CC[C@@H1](C)N1C(=O)C=C(C1=O)C=CC=C2CC(C(C)=O)=CC2,CC[C@@H1](C)N1C(=O)C=C(C1=O)C=CC=C2CC(C(C)=O)=CC2,BACE1,-7.553,True,False,False,,2.871900000000001,,299.37,,,,,,,0.8319715284504907,False,True,,-7.553,,,,,,,,,,,,,,,,CAN_642725e6eb8448ef,MOL_0f6561916236190a,,,,1.0,reward_results_9.csv,bace_4,bace_4/reward_results_9.csv,bace_4,intermediate,CC[C@@H1](C)N1C(=O)C=C(C1=O)C=CC=C2CC(C(C)=O)=CC2,,2.871900000000001,,299.37,;;;;;;;;;;
RLHF_0859,Seleccionadas por diversidad,CAN_0865f81e7a9b4e6c,MOL_44a26e93c973354f,C[C@@H1]C12C3CC[NH1+1](CC3)OC1=C\C(=C\C4=COC5=CC=CN=C45)C(=O)N2C,C[C@@H1]C12C3CC[NH1+1](CC3)OC1=C\C(=C\C4=COC5=CC=CN=C45)C(=O)N2C,BACE1,-7.489,True,False,False,,1.77019,,365.4330000000001,,,,,,,0.8451122436086426,False,True,,-7.489,,,,,,,,,,,,,,,,CAN_0865f81e7a9b4e6c,MOL_44a26e93c973354f,,,,1.0,reward_results_11.csv,bace_4,bace_4/reward_results_11.csv,bace_4,intermediate,C[C@@H1]C12C3CC[NH1+1](CC3)OC1=C\C(=C\C4=COC5=CC=CN=C45)C(=O)N2C,,1.77019,,365.4330000000001,;;;;;;;;;;
RLHF_0860,Seleccionadas por diversidad,CAN_55a3103e59e35105,MOL_2472030e1d5e7513,CC(=O)CC1=CC=C(n2cc(O)c(CCC(=O)NCC3CC3)n2)C1C,CC(=O)CC1=CC=C(N2C=C(O)C(CCC(=O)NCC3CC3)=N2)C1C,BACE1,-7.488,True,False,False,0.7592076057204058,2.4436,3.7906225345207503,343.42700000000013,,,,,,,0.8452385966390094,True,False,-7.488,,2.0,4.0,8.0,84.22,3.0,25.0,0.33844563,0.10745988,True,,,0.1770614628167596,1.0,CAN_f6045b725914dc91,MOL_2472030e1d5e7513,,,bace_pool_final_nontoxic-5.csv,/content/bace_pool_final_nontoxic-5.csv,reward_results_5.csv,,,,,,,,,,,,;;;;;;;;;;
RLHF_0861,Seleccionadas por diversidad,CAN_21f7bda56c390cd4,MOL_bc0a973df7ec95ba,O=C(CN1CCN(C=2SC=CC=2C(=O)O)C1=O)NC3=CC=C(Cl)C=C3F,O=C(CN1CCN(C=2SC=CC=2C(=O)O)C1=O)NC3=CC=C(Cl)C=C3F,BACE1,-7.477,True,False,False,,3.1195000000000013,,397.81500000000005,,,,,,,0.8466284799730447,False,True,,-7.477,,,,,,,,,,,,,,,,CAN_21f7bda56c390cd4,MOL_bc0a973df7ec95ba,,,,1.0,reward_results_1.csv,bace_3,bace_3/reward_results_1.csv,bace_3,intermediate,O=C(CN1CCN(C=2SC=CC=2C(=O)O)C1=O)NC3=CC=C(Cl)C=C3F,,3.1195000000000013,,397.81500000000005,;;;;;;;;;;
RLHF_0862,Seleccionadas por diversidad,CAN_0e81ef21fd5cf38d,MOL_0a23046e32cc4020,CSC1=NN=C(NC(=O)NC23CC4CC(CC(C4)C2)C3)S1,CSC1=NN=C(NC(=O)NC23CC4CC(CC(C4)C2)C3)S1,BACE1,-7.419,True,False,False,,3.3503000000000016,,324.47500000000014,,,,,,,0.8556627216442741,False,True,,-7.419,,,,,,,,,,,,,,,,CAN_0e81ef21fd5cf38d,MOL_0a23046e32cc4020,,,,1.0,reward_results_2.csv,bace_3,bace_3/reward_results_2.csv,bace_3,intermediate,CSC1=NN=C(NC(=O)NC23CC4CC(CC(C4)C2)C3)S1,,3.3503000000000016,,324.47500000000014,;;;;;;;;;;
RLHF_0863,Seleccionadas por diversidad,CAN_a5036e3d0edca4e8,MOL_e836e92727dbf687,COC=C1C(CC2=CN(N=N2)C(=O)C=CN=CN(C)C=CC=C)=CC=C1CC(=O)N(C)C,COC=C1C(CC2=CN(N=N2)C(=O)C=CN=CN(C)C=CC=C)=CC=C1CC(=O)N(C)C,BACE1,-7.405,True,False,False,,2.5093000000000005,,436.51600000000025,,,,,,,0.8575369582613823,False,True,,-7.405,,,,,,,,,,,,,,,,CAN_a5036e3d0edca4e8,MOL_e836e92727dbf687,,,,1.0,reward_results_0.csv,bace_4,bace_4/reward_results_0.csv,bace_4,intermediate,COC=C1C(CC2=CN(N=N2)C(=O)C=CN=CN(C)C=CC=C)=CC=C1CC(=O)N(C)C,,2.5093000000000005,,436.51600000000025,;;;;;;;;;;
RLHF_0864,Seleccionadas por diversidad,CAN_2a70cd67e422de02,MOL_d4cfb12d6c6d08ed,COC=CC=C(C1=CN=C2C=CC(C3=CC=CC(O)=C3)=NN12)C,COC=CC=C(C1=CN=C2C=CC(C3=CC=CC(O)=C3)=NN12)C,BACE1,-7.404,True,False,False,,3.665300000000003,,307.35300000000007,,,,,,,0.8576633112917491,False,True,,-7.404,,,,,,,,,,,,,,,,CAN_2a70cd67e422de02,MOL_d4cfb12d6c6d08ed,,,,1.0,reward_results_9.csv,bace_3,bace_3/reward_results_9.csv,bace_3,intermediate,COC=CC=C(C1=CN=C2C=CC(C3=CC=CC(O)=C3)=NN12)C,,3.665300000000003,,307.35300000000007,;;;;;;;;;;
RLHF_0865,Seleccionadas por diversidad,CAN_87df401126d1481c,MOL_74ac41bc1c22b748,C1C=NC(N2C=C(C=CC2=O)C3CCC3)=C4N=CN=C14,C1C=NC(N2C=C(C=CC2=O)C3CCC3)=C4N=CN=C14,BACE1,-7.397,True,False,False,,2.1993,,266.304,,,,,,,0.8604851956366086,False,True,,-7.397,,,,,,,,,,,,,,,,CAN_87df401126d1481c,MOL_74ac41bc1c22b748,,,,1.0,reward_results_2.csv,bace_4,bace_4/reward_results_2.csv,bace_4,intermediate,C1C=NC(N2C=C(C=CC2=O)C3CCC3)=C4N=CN=C14,,2.1993,,266.304,;;;;;;;;;;
RLHF_0866,Seleccionadas por diversidad,CAN_1dcbb52085ffee27,MOL_3979a62e607bbedc,C123C=CC=C(O)C3(C=CC=C2C=CC1(C(=O)N4C(=O)NC(CO)C4=O)N=N)C=N,C123C=CC=C(O)C3(C=CC=C2C=CC1(C(=O)N4C(=O)NC(CO)C4=O)N=N)C=N,BACE1,-7.356,True,False,False,,0.8955399999999998,,395.37500000000006,,,,,,,0.8666554352861896,False,True,,-7.356,,,,,,,,,,,,,,,,CAN_1dcbb52085ffee27,MOL_3979a62e607bbedc,,,,1.0,reward_results_8.csv,bace_3,bace_3/reward_results_8.csv,bace_3,intermediate,C123C=CC=C(O)C3(C=CC=C2C=CC1(C(=O)N4C(=O)NC(CO)C4=O)N=N)C=N,,0.8955399999999998,,395.37500000000006,;;;;;;;;;;
RLHF_0867,Seleccionadas por diversidad,CAN_56b60953f8f5ce71,MOL_86ce121d7e41f1ed,O=S(=O)(NC1=NN=CS1)C2=CC=C(N3CCCS3(=O)=O)C=C2,O=S(=O)(NC1=NN=CS1)C2=CC=C(N3CCCS3(=O)=O)C=C2,BACE1,-7.351,True,False,False,,0.8787999999999996,,360.4420000000001,,,,,,,0.8678136713978857,False,True,,-7.351,,,,,,,,,,,,,,,,CAN_56b60953f8f5ce71,MOL_86ce121d7e41f1ed,,,,1.0,reward_results_4.csv,bace_3,bace_3/reward_results_4.csv,bace_3,intermediate,O=S(=O)(NC1=NN=CS1)C2=CC=C(N3CCCS3(=O)=O)C=C2,,0.8787999999999996,,360.4420000000001,;;;;;;;;;;
RLHF_0868,Seleccionadas por diversidad,CAN_5a41bc7e623e864c,MOL_3e3497b6066f268d,CC1C=CC=C(S(=O)(=O)NCCC(NC(=O)NC(=O)NC(C)CC)CC)C1,CC1C=CC=C(S(=O)(=O)NCCC(NC(=O)NC(=O)NC(C)CC)CC)C1,BACE1,-7.339,True,False,False,,2.3617,,400.5450000000002,,,,,,,0.8699616729141221,False,True,,-7.339,,,,,,,,,,,,,,,,CAN_5a41bc7e623e864c,MOL_3e3497b6066f268d,,,,1.0,reward_results_24.csv,bace_3,bace_3/reward_results_24.csv,bace_3,intermediate,CC1C=CC=C(S(=O)(=O)NCCC(NC(=O)NC(=O)NC(C)CC)CC)C1,,2.3617,,400.5450000000002,;;;;;;;;;;
RLHF_0869,Seleccionadas por diversidad,CAN_d6bd33fa16d2b36b,MOL_9115fcea9dbf0ece,CC1=CC=C(N=C1C2=CNCC(=NN=CC2)C(F)(F)F)C#CC3=CC=CC=C3,CC1=CC=C(N=C1C2=CNCC(=NN=CC2)C(F)(F)F)C#CC3=CC=CC=C3,BACE1,-7.305,True,False,False,,4.113120000000003,,382.38900000000007,,,,,,,0.8751210883207682,False,True,,-7.305,,,,,,,,,,,,,,,,CAN_d6bd33fa16d2b36b,MOL_9115fcea9dbf0ece,,,,1.0,reward_results_0.csv,bace_4,bace_4/reward_results_0.csv,bace_4,intermediate,CC1=CC=C(N=C1C2=CNCC(=NN=CC2)C(F)(F)F)C#CC3=CC=CC=C3,,4.113120000000003,,382.38900000000007,;;;;;;;;;;
RLHF_0870,Seleccionadas por diversidad,CAN_c37457e95a64dc57,MOL_1654b94fbf7e4bf1,CO[C@H1]CC[C@@H1]1OC(=O)[C@@H1](C)N1CC2=CC=C(Cl)C(Cl)=C2,CO[C@H1]CC[C@@H1]1OC(=O)[C@@H1](C)N1CC2=CC=C(Cl)C(Cl)=C2,BACE1,-7.296,True,False,False,,3.655190000000003,,331.21900000000005,,,,,,,0.8782799140799393,False,True,,-7.296,,,,,,,,,,,,,,,,CAN_c37457e95a64dc57,MOL_1654b94fbf7e4bf1,,,,1.0,reward_results_3.csv,bace_4,bace_4/reward_results_3.csv,bace_4,intermediate,CO[C@H1]CC[C@@H1]1OC(=O)[C@@H1](C)N1CC2=CC=C(Cl)C(Cl)=C2,,3.655190000000003,,331.21900000000005,;;;;;;;;;;
RLHF_0871,Seleccionadas por diversidad,CAN_4a95cb597d92c7ba,MOL_7076f3367777b682,C=CC1NC(C2C3=CC=CC=C3OC2C)=C(C=O)C1=O,C=CC1NC(C2C3=CC=CC=C3OC2C)=C(C=O)C1=O,BACE1,-7.294,True,False,False,,1.731,,269.29999999999995,,,,,,,0.878616855494251,False,True,,-7.294,,,,,,,,,,,,,,,,CAN_4a95cb597d92c7ba,MOL_7076f3367777b682,,,,1.0,reward_results_5.csv,bace_4,bace_4/reward_results_5.csv,bace_4,intermediate,C=CC1NC(C2C3=CC=CC=C3OC2C)=C(C=O)C1=O,,1.731,,269.29999999999995,;;;;;;;;;;
RLHF_0872,Seleccionadas por diversidad,CAN_f9a2187741106442,MOL_40da4c36e5b57be3,CCC=C(C)n1nc(CCc2nc(N3CCCC3)nn2C)nc1N,CCC=C(C)N1N=C(CCC2=NC(=NN2C)N3CCCC3)N=C1N,BACE1,-7.279,True,False,False,0.8657538625859519,1.6449999999999998,3.337344116207213,330.44000000000017,,,,,,,0.8808490923640652,True,False,-7.279,,1.0,6.0,6.0,90.68,3.0,24.0,0.056144007,0.01616011,True,,,0.0909632959101949,1.0,CAN_7e21f8fc0ff55e14,MOL_40da4c36e5b57be3,,,bace_pool_final_nontoxic-5.csv,/content/bace_pool_final_nontoxic-5.csv,reward_results_9.csv,,,,,,,,,,,,;;;;;;;;;;
RLHF_0873,Seleccionadas por diversidad,CAN_9aaa45ca715f28ab,MOL_8b2bde969aa52e6d,C[NH1+1]CCC=[NH1+1]C1=CC2=C(C=C1C=CC(=O)O)CCCC2,C[NH1+1]CCC=[NH1+1]C1=CC2=C(C=C1C=CC(=O)O)CCCC2,BACE1,-7.198,True,False,False,,-0.1847999999999983,,287.3830000000001,,,,,,,0.8926841595417597,False,True,,-7.198,,,,,,,,,,,,,,,,CAN_9aaa45ca715f28ab,MOL_8b2bde969aa52e6d,,,,1.0,reward_results_3.csv,bace_3,bace_3/reward_results_3.csv,bace_3,intermediate,C[NH1+1]CCC=[NH1+1]C1=CC2=C(C=C1C=CC(=O)O)CCCC2,,-0.1847999999999983,,287.3830000000001,;;;;;;;;;;
RLHF_0874,Seleccionadas por diversidad,CAN_f3033b1085cfb594,MOL_dcb27d904c752bc1,CCC[NH1+1]C1C=CC=C(C=C2C=C(C(=O)N3CCN(C4=CC=CC=5[NH1]N=CC4=5)CC3)NN=C2)C=C1,CCC[NH1+1]C1C=CC=C(C=C2C=C(C(=O)N3CCN(C4=CC=CC=5[NH1]N=CC4=5)CC3)NN=C2)C=C1,BACE1,-7.18,True,False,False,,1.791,,469.5930000000002,,,,,,,0.8944952196436845,False,True,,-7.18,,,,,,,,,,,,,,,,CAN_f3033b1085cfb594,MOL_dcb27d904c752bc1,,,,1.0,reward_results_21.csv,bace_3,bace_3/reward_results_21.csv,bace_3,intermediate,CCC[NH1+1]C1C=CC=C(C=C2C=C(C(=O)N3CCN(C4=CC=CC=5[NH1]N=CC4=5)CC3)NN=C2)C=C1,,1.791,,469.5930000000002,;;;;;;;;;;
RLHF_0875,Seleccionadas por diversidad,CAN_0e5c1ce8b45428df,MOL_bdd575e8ab274e73,O=CC1NC(N2CCN(c3cccc(Nc4cccc(Br)c4)c3)C2=O)=CC=CO1,O=CC1OC=CC=C(N2CCN(C2=O)C3=CC=CC(NC4=CC=CC(Br)=C4)=C3)N1,BACE1,-7.171,True,False,False,0.6688889165736314,3.9346000000000014,3.6673833770559687,455.312,,,,,,,0.8952954555026744,True,False,-7.171,,2.0,5.0,5.0,73.91,4.0,29.0,0.4116424,0.17183726,True,,,0.0499612091804859,1.0,CAN_82a04b98c52c89a7,MOL_bdd575e8ab274e73,,,bace_pool_final_nontoxic-5.csv,/content/bace_pool_final_nontoxic-5.csv,reward_results_1.csv,,,,,,,,,,,,;;;;;;;;;;
RLHF_0876,Seleccionadas por diversidad,CAN_94d87e31f2a1cd6c,MOL_164ed220ae4ccdbd,O[C@H1](CSC1=NN=NN1C2=CC=CC=C2)C3=CC=C(Cl)C=C3,O[C@H1](CSC1=NN=NN1C2=CC=CC=C2)C3=CC=C(Cl)C=C3,BACE1,-7.146,True,False,False,,3.1414000000000017,,332.81600000000003,,,,,,,0.8978856926251948,False,True,,-7.146,,,,,,,,,,,,,,,,CAN_94d87e31f2a1cd6c,MOL_164ed220ae4ccdbd,,,,1.0,reward_results_8.csv,bace_3,bace_3/reward_results_8.csv,bace_3,intermediate,O[C@H1](CSC1=NN=NN1C2=CC=CC=C2)C3=CC=C(Cl)C=C3,,3.1414000000000017,,332.81600000000003,;;;;;;;;;;
RLHF_0877,Seleccionadas por diversidad,CAN_de3107ab22d2ac05,MOL_a5f11bba366d1cd8,CCC(CC)N1C=CC=C2CCOC2=C(CN2CCNCC2)C1,CCC(CC)N1C=CC=C2CCOC2=C(CN3CCNCC3)C1,BACE1,-7.1,True,False,False,0.8431014924566487,2.510300000000001,3.50219097848474,317.4770000000001,,,,,,,0.9043928736890873,True,False,-7.1,,1.0,4.0,5.0,27.74,3.0,23.0,0.10908733,0.021666432,True,,,0.02,1.0,CAN_68880436955727b1,MOL_a5f11bba366d1cd8,,,bace_pool_final_nontoxic-2.csv,/content/bace_pool_final_nontoxic-2.csv,docking_results_3_5.csv,,,,,,,,,,,,;;;;;;;;;;
RLHF_0878,Seleccionadas por diversidad,CAN_f735d75eb12ec399,MOL_b36938bb33446540,C[C@H1]([NH2+1]CC1CC(=O)N=C1NC2=C)C=C3C(=C2)C4=CC=CC=C4C3=O,C[C@H1]([NH2+1]CC1CC(=O)N=C1NC2=C)C=C3C(=C2)C4=CC=CC=C4C3=O,BACE1,-7.06,True,False,False,,1.2065,,334.39900000000006,,,,,,,0.9094680537421556,False,True,,-7.06,,,,,,,,,,,,,,,,CAN_f735d75eb12ec399,MOL_b36938bb33446540,,,,1.0,reward_results_25.csv,bace_4,bace_4/reward_results_25.csv,bace_4,intermediate,C[C@H1]([NH2+1]CC1CC(=O)N=C1NC2=C)C=C3C(=C2)C4=CC=CC=C4C3=O,,1.2065,,334.39900000000006,;;;;;;;;;;
RLHF_0879,Seleccionadas por diversidad,CAN_166d1c47b8ed5c8f,MOL_822c3c722e52d42f,CC=N[NH1]C1=NC=C(C=C1C=NC=O)CC=C(C=C)C#N,CC=N[NH1]C1=NC=C(C=C1C=NC=O)CC=C(C=C)C#N,BACE1,-7.034,True,False,False,,2.25298,,281.319,,,,,,,0.912416291117382,False,True,,-7.034,,,,,,,,,,,,,,,,CAN_166d1c47b8ed5c8f,MOL_822c3c722e52d42f,,,,1.0,reward_results_3.csv,bace_4,bace_4/reward_results_3.csv,bace_4,intermediate,CC=N[NH1]C1=NC=C(C=C1C=NC=O)CC=C(C=C)C#N,,2.25298,,281.319,;;;;;;;;;;
RLHF_0880,Seleccionadas por diversidad,CAN_a5c30ad9c5be6a86,MOL_9b9f2f419d90c47d,CCO[C@@H1]C[C@H1](NC(=O)C=CC(=CNC)C1=CC=CC(=C1)C(=O)N2C=CC=CN2)CC=O,CCO[C@@H1]C[C@H1](NC(=O)C=CC(=CNC)C1=CC=CC(=C1)C(=O)N2C=CC=CN2)CC=O,BACE1,-7.031,True,False,False,,2.4530900000000004,,437.5200000000002,,,,,,,0.9129217032388494,False,True,,-7.031,,,,,,,,,,,,,,,,CAN_a5c30ad9c5be6a86,MOL_9b9f2f419d90c47d,,,,1.0,reward_results_21.csv,bace_4,bace_4/reward_results_21.csv,bace_4,intermediate,CCO[C@@H1]C[C@H1](NC(=O)C=CC(=CNC)C1=CC=CC(=C1)C(=O)N2C=CC=CN2)CC=O,,2.4530900000000004,,437.5200000000002,;;;;;;;;;;
RLHF_0881,Seleccionadas por diversidad,CAN_4b154b0766913cb8,MOL_235b52ad937376f0,N=C1c2c(C(F)(F)F)nn(C3C=CC=COC3)c2CCN1C(=O)c1cccc(F)c1,C1OC=CC=CC1N2N=C(C(F)(F)F)C3=C2CCN(C(=O)C4=CC=CC(F)=C4)C3=N,BACE1,-6.992,True,False,False,0.7534733185660688,3.706070000000002,3.9178468838773295,420.366,,,,,,,0.9179758244535231,True,False,-6.992,,1.0,4.0,2.0,71.21000000000001,4.0,30.0,0.19214442,0.052204236,True,,,0.0390072371301157,1.0,CAN_0bde68cdceb44a49,MOL_235b52ad937376f0,,,bace_pool_final_nontoxic-4.csv,/content/bace_pool_final_nontoxic-4.csv,reward_results_6.csv,,,,,,,,,,,,;;;;;;;;;;
RLHF_0882,Seleccionadas por diversidad,CAN_0ecf98228895381a,MOL_d9c57186c8dd8d6a,CC1=C(C(=O)NN2CCCC2=O)SC3=C1CCC3,CC1=C(C(=O)NN2CCCC2=O)SC3=C1CCC3,BACE1,-6.967,True,False,False,,1.81242,,264.35,,,,,,,0.9202291201617319,False,True,,-6.967,,,,,,,,,,,,,,,,CAN_0ecf98228895381a,MOL_d9c57186c8dd8d6a,,,,1.0,reward_results_2.csv,bace_4,bace_4/reward_results_2.csv,bace_4,intermediate,CC1=C(C(=O)NN2CCCC2=O)SC3=C1CCC3,,1.81242,,264.35,;;;;;;;;;;
RLHF_0883,Seleccionadas por diversidad,CAN_3d13141a23c7d7ee,MOL_ca47f42b008186a1,C[C@H1](N1C=NC(=N1)N=C(S)C2=CC=NC=N2)C3=CC=C(S3)C(=O)NCCCC,C[C@H1](N1C=NC(=N1)N=C(S)C2=CC=NC=N2)C3=CC=C(S3)C(=O)NCCCC,BACE1,-6.958,True,False,False,,3.2769000000000013,,415.5480000000002,,,,,,,0.9210504148591163,False,True,,-6.958,,,,,,,,,,,,,,,,CAN_3d13141a23c7d7ee,MOL_ca47f42b008186a1,,,,1.0,reward_results_0.csv,bace_4,bace_4/reward_results_0.csv,bace_4,intermediate,C[C@H1](N1C=NC(=N1)N=C(S)C2=CC=NC=N2)C3=CC=C(S3)C(=O)NCCCC,,3.2769000000000013,,415.5480000000002,;;;;;;;;;;
RLHF_0884,Seleccionadas por diversidad,CAN_0bed0504322f78fe,MOL_84496bf47cb25e11,C[C@@H]1CSC(Nc2ccc(C(F)(F)F)nc2)=N1,C[C@@H1]1CSC(NC2=CC=C(N=C2)C(F)(F)F)=N1,BACE1,-6.838,True,False,False,0.843999680697401,3.0036000000000005,3.216857377800832,261.27199999999993,,,,,,,0.9328644231984163,True,False,-6.838,,1.0,4.0,1.0,37.28,2.0,17.0,0.4756252,0.17986512,True,,,0.0394980912649319,1.0,CAN_b8ff5ff24f4a7d1b,MOL_84496bf47cb25e11,,,bace_pool_final_nontoxic-5.csv,/content/bace_pool_final_nontoxic-5.csv,reward_results_5.csv,,,,,,,,,,,,;;;;;;;;;;
RLHF_0885,Seleccionadas por diversidad,CAN_a089d7196327367b,MOL_2e60af154e0ee1e8,CC(C)([CH]CCCN)Nc1ncnc2ccc(S(C)(=O)=O)cc12,CC(C)(NC1=NC=NC2=CC=C(S(C)(=O)=O)C=C12)[C@H1]CCCN,BACE1,-6.8,True,False,False,0.7525628551470764,2.16699,3.0018914213254817,335.4530000000002,,,,,,,0.9362970138567157,True,False,-6.8,,2.0,6.0,7.0,97.97,2.0,23.0,0.07870145,0.035371143,True,,,0.02,1.0,CAN_8e3b87637a76f94c,MOL_2e60af154e0ee1e8,,,bace_pool_final_nontoxic-2.csv,/content/bace_pool_final_nontoxic-2.csv,docking_results_3_3.csv,,,,,,,,,,,,;;;;;;;;;;
RLHF_0886,Seleccionadas por diversidad,CAN_f80c567bf8e029b0,MOL_b8a063082ef91efa,O=CC(Cl)=CC=CN1CC(C1)OC2=CC=C3OC(=CC3=C2OC)C=O,O=CC(Cl)=CC=CN1CC(C1)OC2=CC=C3OC(=CC3=C2OC)C=O,BACE1,-6.776,True,False,False,,3.152200000000001,,361.78100000000006,,,,,,,0.9385503095649244,False,True,,-6.776,,,,,,,,,,,,,,,,CAN_f80c567bf8e029b0,MOL_b8a063082ef91efa,,,,1.0,reward_results_7.csv,bace_4,bace_4/reward_results_7.csv,bace_4,intermediate,O=CC(Cl)=CC=CN1CC(C1)OC2=CC=C3OC(=CC3=C2OC)C=O,,3.152200000000001,,361.78100000000006,;;;;;;;;;;
RLHF_0887,Seleccionadas por diversidad,CAN_25b176ffa74ebf1b,MOL_16d7f255987e56ff,O=C(N1C2=CC=CC=C2C(=O)NC1=N\OC3)CC=CC(=C3)C=C4N=C[NH1]C4,O=C(N1C2=CC=CC=C2C(=O)NC1=N\OC3)CC=CC(=C3)C=C4N=C[NH1]C4,BACE1,-6.762,True,False,False,,1.4522999999999997,,363.377,,,,,,,0.9394347807774923,False,True,,-6.762,,,,,,,,,,,,,,,,CAN_25b176ffa74ebf1b,MOL_16d7f255987e56ff,,,,1.0,reward_results_19.csv,bace_4,bace_4/reward_results_19.csv,bace_4,intermediate,O=C(N1C2=CC=CC=C2C(=O)NC1=N\OC3)CC=CC(=C3)C=C4N=C[NH1]C4,,1.4522999999999997,,363.377,;;;;;;;;;;
RLHF_0888,Seleccionadas por diversidad,CAN_2623b90f259fcab6,MOL_5d201d162ff2548b,NC1=NC2=C[NH1+1]=C(C3=CC=CO3)C(C4=CC=CO4)=C2S1,NC1=NC2=C[NH1+1]=C(C3=CC=CO3)C(C4=CC=CO4)=C2S1,BACE1,-6.761,True,False,False,,3.212600000000001,,284.32,,,,,,,0.939645369161437,False,True,,-6.761,,,,,,,,,,,,,,,,CAN_2623b90f259fcab6,MOL_5d201d162ff2548b,,,,1.0,reward_results_1.csv,bace_3,bace_3/reward_results_1.csv,bace_3,intermediate,NC1=NC2=C[NH1+1]=C(C3=CC=CO3)C(C4=CC=CO4)=C2S1,,3.212600000000001,,284.32,;;;;;;;;;;
RLHF_0889,Seleccionadas por diversidad,CAN_42b434967a3c5f64,MOL_22d6c6f4078905a8,CC(C)[NH1+1]1CC[C@@]2(C)[C@@H1]1CC3[C@H1][C@@H1]2C4=C(O)C=CC=C4C[C@H1]3O,CC(C)[NH1+1]1CC[C@@]2(C)[C@@H1]1CC3[C@H1][C@@H1]2C4=C(O)C=CC=C4C[C@H1]3O,BACE1,-6.709,True,False,False,,1.6888899999999998,,315.45700000000005,,,,,,,0.9433096070420756,False,True,,-6.709,,,,,,,,,,,,,,,,CAN_42b434967a3c5f64,MOL_22d6c6f4078905a8,,,,1.0,reward_results_1.csv,bace_3,bace_3/reward_results_1.csv,bace_3,intermediate,CC(C)[NH1+1]1CC[C@@]2(C)[C@@H1]1CC3[C@H1][C@@H1]2C4=C(O)C=CC=C4C[C@H1]3O,,1.6888899999999998,,315.45700000000005,;;;;;;;;;;
RLHF_0890,Seleccionadas por diversidad,CAN_69d185b1c47a9c9c,MOL_e6dc350057dd3e18,COC1=CC(=NC=C1NC=CN=CCCC)N2C=NC=C2C,COC1=CC(=NC=C1NC=CN=CCCC)N2C=NC=C2C,BACE1,-6.621,True,False,False,,3.338320000000002,,299.37800000000004,,,,,,,0.9492903171461062,False,True,,-6.621,,,,,,,,,,,,,,,,CAN_69d185b1c47a9c9c,MOL_e6dc350057dd3e18,,,,1.0,reward_results_3.csv,bace_4,bace_4/reward_results_3.csv,bace_4,intermediate,COC1=CC(=NC=C1NC=CN=CCCC)N2C=NC=C2C,,3.338320000000002,,299.37800000000004,;;;;;;;;;;
RLHF_0891,Seleccionadas por diversidad,CAN_0cf0b2a96b0c041f,MOL_7cddeb32aea07dc8,C[C@H1](CCO)C#CC1=C(N)N=CN=C1N2C=CC=C2,C[C@H1](CCO)C#CC1=C(N)N=CN=C1N2C=CC=C2,BACE1,-6.605,True,False,False,,1.2195,,256.309,,,,,,,0.9501326706818852,False,True,,-6.605,,,,,,,,,,,,,,,,CAN_0cf0b2a96b0c041f,MOL_7cddeb32aea07dc8,,,,1.0,reward_results_1.csv,bace_4,bace_4/reward_results_1.csv,bace_4,intermediate,C[C@H1](CCO)C#CC1=C(N)N=CN=C1N2C=CC=C2,,1.2195,,256.309,;;;;;;;;;;
RLHF_0892,Seleccionadas por diversidad,CAN_4296f54f9840f883,MOL_b80899cfdcc92cc3,O=C(CNC(=O)OC=CC(Cl)=NC=C)N1CCOCC1,O=C(CNC(=O)OC=CC(Cl)=NC=C)N1CCOCC1,BACE1,-6.518,True,False,False,,0.8659000000000001,,301.7300000000001,,,,,,,0.9548498504822474,False,True,,-6.518,,,,,,,,,,,,,,,,CAN_4296f54f9840f883,MOL_b80899cfdcc92cc3,,,,1.0,reward_results_0.csv,bace_3,bace_3/reward_results_0.csv,bace_3,intermediate,O=C(CNC(=O)OC=CC(Cl)=NC=C)N1CCOCC1,,0.8659000000000001,,301.7300000000001,;;;;;;;;;;
RLHF_0893,Seleccionadas por diversidad,CAN_a68a43bc13e33d6d,MOL_0adb3f3f342d9309,CCNC1(C=COC=NC(=CC=O)C=C1)C2=CN=CC(=C2)C3=CC=CC=N3,CCNC1(C=COC=NC(=CC=O)C=C1)C2=CN=CC(=C2)C3=CC=CC=N3,BACE1,-6.48,True,False,False,,3.159600000000002,,360.4170000000001,,,,,,,0.9566187929073833,False,True,,-6.48,,,,,,,,,,,,,,,,CAN_a68a43bc13e33d6d,MOL_0adb3f3f342d9309,,,,1.0,reward_results_1.csv,bace_4,bace_4/reward_results_1.csv,bace_4,intermediate,CCNC1(C=COC=NC(=CC=O)C=C1)C2=CN=CC(=C2)C3=CC=CC=N3,,3.159600000000002,,360.4170000000001,;;;;;;;;;;
RLHF_0894,Seleccionadas por diversidad,CAN_8cfd1e3a6d6d4faa,MOL_7653414d30e8a640,CN1Cc2ccc(O)cc2N(C)C=C2CSCCC2=CC1=O,CN(CC1=CC=C(O)C=C12)C(=O)C=C3CCSCC3=CN2C,BACE1,-6.471,True,False,False,0.7991622743061391,2.747600000000001,3.863701614210335,316.42600000000004,,,,,,,0.9568925578065114,True,False,-6.471,,1.0,4.0,0.0,43.78,3.0,22.0,0.30217457,0.101651765,True,,,0.02,1.0,CAN_a6dcd2eb26b4cc6a,MOL_7653414d30e8a640,,,bace_pool_final_nontoxic-5.csv,/content/bace_pool_final_nontoxic-5.csv,reward_results_0.csv,,,,,,,,,,,,;;;;;;;;;;
RLHF_0895,Seleccionadas por diversidad,CAN_a2f959784f4b3adf,MOL_228a75d1900660cd,CC1=CSC(C2=CC=C(C(=O)O)C=C2)=N1,CC1=CSC(C2=CC=C(C(=O)O)C=C2)=N1,BACE1,-6.386,True,False,False,,2.816720000000001,,219.265,,,,,,,0.9618835025060017,False,True,,-6.386,,,,,,,,,,,,,,,,CAN_a2f959784f4b3adf,MOL_228a75d1900660cd,,,,1.0,reward_results_6.csv,bace_3,bace_3/reward_results_6.csv,bace_3,intermediate,CC1=CSC(C2=CC=C(C(=O)O)C=C2)=N1,,2.816720000000001,,219.265,;;;;;;;;;;
RLHF_0896,Seleccionadas por diversidad,CAN_af907c96788f55d9,MOL_65674d7418e0b8f1,CC(C)C1C(=O)CCC12CCN(C)CC2,CC(C)C1C(=O)CCC12CCN(C)CC2,BACE1,-6.351,True,False,False,0.6603938221605629,2.3335,3.907765151824624,209.333,,,,,,,0.9645158573053111,True,True,-6.351,-6.351,0.0,2.0,1.0,20.31,2.0,15.0,0.025831535,0.007639967,True,,,0.02,1.0,CAN_7d47745836c0461f,MOL_65674d7418e0b8f1,CAN_af907c96788f55d9,MOL_65674d7418e0b8f1,bace_pool_final_nontoxic-4.csv,/content/bace_pool_final_nontoxic-4.csv,reward_results_0.csv,1.0,reward_results_0.csv,bace_3,bace_3/reward_results_0.csv,bace_3,intermediate,CC(C)C1C(=O)CCC12CCN(C)CC2,,2.3335,,209.3329999999999,;;;;;;;;;;
RLHF_0897,Seleccionadas por diversidad,CAN_e6de78fdd7fffc7e,MOL_ee2e54e6a9dfa33e,CCOC1[C@](C)C(=C2C1=O)C=CC(=CCS=3CCNC2=3)C4=CC=C(Cl)C=C4,CCOC1[C@](C)C(=C2C1=O)C=CC(=CCS=3CCNC2=3)C4=CC=C(Cl)C=C4,BACE1,-6.292,True,False,False,,4.1739900000000025,,400.95100000000014,,,,,,,0.9671482121046203,False,True,,-6.292,,,,,,,,,,,,,,,,CAN_e6de78fdd7fffc7e,MOL_ee2e54e6a9dfa33e,,,,1.0,reward_results_0.csv,bace_4,bace_4/reward_results_0.csv,bace_4,intermediate,CCOC1[C@](C)C(=C2C1=O)C=CC(=CCS=3CCNC2=3)C4=CC=C(Cl)C=C4,,4.1739900000000025,,400.95100000000014,;;;;;;;;;;
RLHF_0898,Seleccionadas por diversidad,CAN_2df4591d7cf60caa,MOL_8ae2fb35fe984b72,C1[C@H1](SC2=CC=C(F)C=C2)NC(=O)N1,C1[C@H1](SC2=CC=C(F)C=C2)NC(=O)N1,BACE1,-6.247,True,False,False,,1.5567,,212.249,,,,,,,0.968643389630628,False,True,,-6.247,,,,,,,,,,,,,,,,CAN_2df4591d7cf60caa,MOL_8ae2fb35fe984b72,,,,1.0,reward_results_16.csv,bace_4,bace_4/reward_results_16.csv,bace_4,intermediate,C1[C@H1](SC2=CC=C(F)C=C2)NC(=O)N1,,1.5567,,212.249,;;;;;;;;;;
RLHF_0899,Seleccionadas por diversidad,CAN_da90253e04bd97a2,MOL_5b335f80af5a7940,COC1=C(C)C=CN=C(NCC2CCNCC2)C(C#CC3(N)CCC3)=CNC1,COC1=C(C)C=CN=C(NCC2CCNCC2)C(C#CC3(N)CCC3)=CNC1,BACE1,-6.216,True,False,False,,1.7801000000000005,,383.5400000000002,,,,,,,0.9692962136208567,False,True,,-6.216,,,,,,,,,,,,,,,,CAN_da90253e04bd97a2,MOL_5b335f80af5a7940,,,,1.0,reward_results_6.csv,bace_4,bace_4/reward_results_6.csv,bace_4,intermediate,COC1=C(C)C=CN=C(NCC2CCNCC2)C(C#CC3(N)CCC3)=CNC1,,1.7801000000000005,,383.5400000000002,;;;;;;;;;;
RLHF_0900,Seleccionadas por diversidad,CAN_7338b34aaf5a1fe7,MOL_d8c7e7d684868aee,C12OC[C@@H1]CN2CC3=CC=CC(=C3)C=CC=C(N4C=CC(=N4)C=O)C(OO)=C1,C12OC[C@@H1]CN2CC3=CC=CC(=C3)C=CC=C(N4C=CC(=N4)C=O)C(OO)=C1,BACE1,-6.147,True,False,False,,2.9995900000000013,,378.4080000000002,,,,,,,0.9716758623594323,False,True,,-6.147,,,,,,,,,,,,,,,,CAN_7338b34aaf5a1fe7,MOL_d8c7e7d684868aee,,,,1.0,reward_results_14.csv,bace_4,bace_4/reward_results_14.csv,bace_4,intermediate,C12OC[C@@H1]CN2CC3=CC=CC(=C3)C=CC=C(N4C=CC(=N4)C=O)C(OO)=C1,,2.9995900000000013,,378.4080000000002,;;;;;;;;;;
RLHF_0901,Seleccionadas por diversidad,CAN_7596182826660a47,MOL_0f06b2d227afdc07,NC1=CC([S-1])=C(C#N)C(CC#C)=C1,NC1=CC([S-1])=C(C#N)C(CC#C)=C1,BACE1,-6.112,True,False,False,,1.22198,,187.247,,,,,,,0.9723708040264499,False,True,,-6.112,,,,,,,,,,,,,,,,CAN_7596182826660a47,MOL_0f06b2d227afdc07,,,,1.0,reward_results_3.csv,bace_4,bace_4/reward_results_3.csv,bace_4,intermediate,NC1=CC([S-1])=C(C#N)C(CC#C)=C1,,1.22198,,187.247,;;;;;;;;;;
RLHF_0902,Seleccionadas por diversidad,CAN_ab10776185c3e0de,MOL_da56b50f8aafbcb8,CC(N)CCS(=O)(=O)N[C@@H](C)CCc1ccsc1,C[C@@H1](CCC=1C=CSC=1)NS(=O)(=O)CCC(N)C,BACE1,-6.01,True,False,False,0.7655707904481263,1.7259,3.326434180564508,290.454,,,,,,,0.9754243355936486,True,False,-6.01,,2.0,4.0,8.0,72.19,1.0,18.0,0.10595578,0.033374764,True,,,0.02,1.0,CAN_27d4aae7a0c9f4b5,MOL_da56b50f8aafbcb8,,,bace_pool_final_nontoxic-5.csv,/content/bace_pool_final_nontoxic-5.csv,reward_results_2.csv,,,,,,,,,,,,;;;;;;;;;;
RLHF_0903,Seleccionadas por diversidad,CAN_a78664d08f55517c,MOL_acf7865c58f5a59f,C1C(C)=C2CNC(=N2)C3=CC=COC1(C4CN(C4)C(=O)C=CC)C3,C1C(C)=C2CNC(=N2)C3=CC=COC1(C4CN(C4)C(=O)C=CC)C3,BACE1,-5.949,True,False,False,,2.2995,,325.4120000000001,,,,,,,0.9763719833214,False,True,,-5.949,,,,,,,,,,,,,,,,CAN_a78664d08f55517c,MOL_acf7865c58f5a59f,,,,1.0,reward_results_3.csv,bace_4,bace_4/reward_results_3.csv,bace_4,intermediate,C1C(C)=C2CNC(=N2)C3=CC=COC1(C4CN(C4)C(=O)C=CC)C3,,2.2995,,325.4120000000001,;;;;;;;;;;
RLHF_0904,Seleccionadas por diversidad,CAN_039cc7bc8e926407,MOL_d25a436cbcb3db12,CCC[NH2+1][C@H1][C@@H1](C1O)NC2=CC(=C1C3=CC=CC(Cl)=C3)CCC(C#N)=C(N)C2=O,CCC[NH2+1][C@H1][C@@H1](C1O)NC2=CC(=C1C3=CC=CC(Cl)=C3)CCC(C#N)=C(N)C2=O,BACE1,-5.937,True,False,False,,1.5446700000000004,,412.9210000000002,,,,,,,0.9765615128669503,False,True,,-5.937,,,,,,,,,,,,,,,,CAN_039cc7bc8e926407,MOL_d25a436cbcb3db12,,,,1.0,reward_results_22.csv,bace_3,bace_3/reward_results_22.csv,bace_3,intermediate,CCC[NH2+1][C@H1][C@@H1](C1O)NC2=CC(=C1C3=CC=CC(Cl)=C3)CCC(C#N)=C(N)C2=O,,1.5446700000000004,,412.9210000000002,;;;;;;;;;;
RLHF_0905,Seleccionadas por diversidad,CAN_81c6aa494d914715,MOL_ab30b1efc245b14d,C1CNC=C[NH1+1]=C1C(=N/OC)CC2=CC=C(OC)C(OC)=C2,C1CNC=C[NH1+1]=C1C(=N/OC)CC2=CC=C(OC)C(OC)=C2,BACE1,-5.92,True,False,False,,0.2348000000000016,,304.37000000000006,,,,,,,0.9768984542812619,False,True,,-5.92,,,,,,,,,,,,,,,,CAN_81c6aa494d914715,MOL_ab30b1efc245b14d,,,,1.0,reward_results_7.csv,bace_4,bace_4/reward_results_7.csv,bace_4,intermediate,C1CNC=C[NH1+1]=C1C(=N/OC)CC2=CC=C(OC)C(OC)=C2,,0.2348000000000016,,304.37000000000006,;;;;;;;;;;
RLHF_0906,Seleccionadas por diversidad,CAN_0889cef5f6ce9a36,MOL_0ba2ed65e9acb624,CC=1C=CSC=1C2=C3C=NN2C=CC=CC(C)=CC=CC3C=NNC(F)CCC=NN=C,CC=1C=CSC=1C2=C3C=NN2C=CC=CC(C)=CC=CC3C=NNC(F)CCC=NN=C,BACE1,-5.889,True,False,False,,5.884220000000006,,450.58700000000016,,,,,,,0.9773828075643347,False,True,,-5.889,,,,,,,,,,,,,,,,CAN_0889cef5f6ce9a36,MOL_0ba2ed65e9acb624,,,,1.0,reward_results_0.csv,bace_4,bace_4/reward_results_0.csv,bace_4,intermediate,CC=1C=CSC=1C2=C3C=NN2C=CC=CC(C)=CC=CC3C=NNC(F)CCC=NN=C,,5.884220000000006,,450.58700000000016,;;;;;;;;;;
RLHF_0907,Seleccionadas por diversidad,CAN_4b633fd9d3e67bf9,MOL_7330b3d3b255e8ef,CCOC1=CC2=C(NC(N3CCN(C)CC3)=NC2)OC=C1,CCOC1=CC2=C(NC(N3CCN(C)CC3)=NC2)OC=C1,BACE1,-5.809,True,False,False,,0.8689000000000002,,290.367,,,,,,,0.9783093964536916,False,True,,-5.809,,,,,,,,,,,,,,,,CAN_4b633fd9d3e67bf9,MOL_7330b3d3b255e8ef,,,,1.0,reward_results_4.csv,bace_3,bace_3/reward_results_4.csv,bace_3,intermediate,CCOC1=CC2=C(NC(N3CCN(C)CC3)=NC2)OC=C1,,0.8689000000000002,,290.367,;;;;;;;;;;
RLHF_0908,Seleccionadas por diversidad,CAN_056916a66e419022,MOL_faf4d0afd1ffc5c3,CN(C1)C=CC2=C(CC=C3N(C)C(=O)CC[C@]32CC)C1=C,CN(C1)C=CC2=C(CC=C3N(C)C(=O)CC[C@]32CC)C1=C,BACE1,-5.6,True,False,False,,3.2345000000000024,,284.403,,,,,,,0.9805837510002948,False,True,,-5.6,,,,,,,,,,,,,,,,CAN_056916a66e419022,MOL_faf4d0afd1ffc5c3,,,,1.0,reward_results_0.csv,bace_4,bace_4/reward_results_0.csv,bace_4,intermediate,CN(C1)C=CC2=C(CC=C3N(C)C(=O)CC[C@]32CC)C1=C,,3.2345000000000024,,284.403,;;;;;;;;;;
RLHF_0909,Seleccionadas por diversidad,CAN_cbdda88d42b4a33b,MOL_ba9388bd27ce594f,CNC(=O)[C@@H1]C1[C@H1]CC2C=C3C(=CCC[C@]3(C)CO2)N1C,CNC(=O)[C@@H1]C1[C@H1]CC2C=C3C(=CCC[C@]3(C)CO2)N1C,BACE1,-5.434,True,False,False,,1.85428,,288.391,,,,,,,0.981657751758413,False,True,,-5.434,,,,,,,,,,,,,,,,CAN_cbdda88d42b4a33b,MOL_ba9388bd27ce594f,,,,1.0,reward_results_4.csv,bace_4,bace_4/reward_results_4.csv,bace_4,intermediate,CNC(=O)[C@@H1]C1[C@H1]CC2C=C3C(=CCC[C@]3(C)CO2)N1C,,1.85428,,288.391,;;;;;;;;;;
RLHF_0910,Seleccionadas por diversidad,CAN_ed2f544fef2b5781,MOL_ea827b0676be795e,[NH3+1]CCCSC(CC)(CC)CN[C@H1](C)C(=O)NC(C)C,[NH3+1]CCCSC(CC)(CC)CN[C@H1](C)C(=O)NC(C)C,BACE1,-5.243,True,False,False,,1.4130999999999998,,304.524,,,,,,,0.9826053994861643,False,True,,-5.243,,,,,,,,,,,,,,,,CAN_ed2f544fef2b5781,MOL_ea827b0676be795e,,,,1.0,reward_results_3.csv,bace_4,bace_4/reward_results_3.csv,bace_4,intermediate,[NH3+1]CCCSC(CC)(CC)CN[C@H1](C)C(=O)NC(C)C,,1.4130999999999998,,304.524,;;;;;;;;;;
RLHF_0911,Seleccionadas por diversidad,CAN_c73166c2b3fc6c56,MOL_102e72461f641ff1,C1[C@H1]CCN1CC2=CC=C(O2)C3=C4C=CC(F)=C3N=CSC4,C1[C@H1]CCN1CC2=CC=C(O2)C3=C4C=CC(F)=C3N=CSC4,BACE1,-5.0,True,False,False,,4.402290000000003,,315.393,,,,,,,0.9910499936823485,False,True,,-5.0,,,,,,,,,,,,,,,,CAN_c73166c2b3fc6c56,MOL_102e72461f641ff1,,,,1.0,reward_results_12.csv,bace_4,bace_4/reward_results_12.csv,bace_4,intermediate,C1[C@H1]CCN1CC2=CC=C(O2)C3=C4C=CC(F)=C3N=CSC4,,4.402290000000003,,315.393,;;;;;;;;;;
RLHF_0912,Seleccionadas por diversidad,CAN_930865732ef46d41,MOL_c7311f419d99a5ef,C#CC1NC(=O)C=C(C1)C2=C3C=C(S2)C=4C=NN(C(CCN(C)C5CC5)C=4CC)C3,C#CC1NC(=O)C=C(C1)C2=C3C=C(S2)C=4C=NN(C(CCN(C)C5CC5)C=4CC)C3,BACE1,-5.0,True,False,False,,3.484700000000003,,420.58200000000033,,,,,,,0.9910499936823485,False,True,,-5.0,,,,,,,,,,,,,,,,CAN_930865732ef46d41,MOL_c7311f419d99a5ef,,,,1.0,reward_results_1.csv,bace_4,bace_4/reward_results_1.csv,bace_4,intermediate,C#CC1NC(=O)C=C(C1)C2=C3C=C(S2)C=4C=NN(C(CCN(C)C5CC5)C=4CC)C3,,3.484700000000003,,420.58200000000033,;;;;;;;;;;
RLHF_0913,Seleccionadas por diversidad,CAN_a33e689c143b4777,MOL_48576d4b04547d54,IC1=CC=CC(C(=O)NC2=NN=N[NH1]2)=C1C3=CC4=CC(=C3)C=C5N=CC=NC5N4,IC1=CC=CC(C(=O)NC2=NN=N[NH1]2)=C1C3=CC4=CC(=C3)C=C5N=CC=NC5N4,BACE1,-5.0,True,False,False,,2.9713000000000003,,496.27200000000016,,,,,,,0.9910499936823485,False,True,,-5.0,,,,,,,,,,,,,,,,CAN_a33e689c143b4777,MOL_48576d4b04547d54,,,,1.0,reward_results_20.csv,bace_4,bace_4/reward_results_20.csv,bace_4,intermediate,IC1=CC=CC(C(=O)NC2=NN=N[NH1]2)=C1C3=CC4=CC(=C3)C=C5N=CC=NC5N4,,2.9713000000000003,,496.27200000000016,;;;;;;;;;;
RLHF_0914,Seleccionadas por diversidad,CAN_203f0281a6e4ad09,MOL_bf41bb8e177fdc69,C1[C@@H1]2CCC3=C1N=CC=C3N2CCC4=NC=C([NH1]4)C5=CC=C(C=C56)CCNC6C,C1[C@@H1]2CCC3=C1N=CC=C3N2CCC4=NC=C([NH1]4)C5=CC=C(C=C56)CCNC6C,BACE1,-5.0,True,False,False,,3.5984000000000025,,385.5150000000001,,,,,,,0.9910499936823485,False,True,,-5.0,,,,,,,,,,,,,,,,CAN_203f0281a6e4ad09,MOL_bf41bb8e177fdc69,,,,1.0,reward_results_3.csv,bace_4,bace_4/reward_results_3.csv,bace_4,intermediate,C1[C@@H1]2CCC3=C1N=CC=C3N2CCC4=NC=C([NH1]4)C5=CC=C(C=C56)CCNC6C,,3.5984000000000025,,385.5150000000001,;;;;;;;;;;
RLHF_0915,Seleccionadas por diversidad,CAN_e0e572f2f2a30126,MOL_d00f2dfc7d312d82,CC1=C(C#N)C=C2C=C1C=CC=C2C(=O)NC3=CC=NC(=N3)C=CN=C[NH1]C(N)=NC,CC1=C(C#N)C=C2C=C1C=CC=C2C(=O)NC3=CC=NC(=N3)C=CN=C[NH1]C(N)=NC,BACE1,-5.0,True,False,False,,2.2387,,412.4570000000001,,,,,,,0.9910499936823485,False,True,,-5.0,,,,,,,,,,,,,,,,CAN_e0e572f2f2a30126,MOL_d00f2dfc7d312d82,,,,1.0,reward_results_21.csv,bace_4,bace_4/reward_results_21.csv,bace_4,intermediate,CC1=C(C#N)C=C2C=C1C=CC=C2C(=O)NC3=CC=NC(=N3)C=CN=C[NH1]C(N)=NC,,2.2387,,412.4570000000001,;;;;;;;;;;
RLHF_0916,Seleccionadas por diversidad,CAN_40de0f090cf0b5e8,MOL_724d713f9c8a338d,C1C=CC=C(C2=3)CC=C(NC4=CC(=CC=C24)C(N)=O)C1=3,C1C=CC=C(C2=3)CC=C(NC4=CC(=CC=C24)C(N)=O)C1=3,BACE1,-5.0,True,False,False,,3.1385000000000005,,262.312,,,,,,,0.9910499936823485,False,True,,-5.0,,,,,,,,,,,,,,,,CAN_40de0f090cf0b5e8,MOL_724d713f9c8a338d,,,,1.0,reward_results_1.csv,bace_4,bace_4/reward_results_1.csv,bace_4,intermediate,C1C=CC=C(C2=3)CC=C(NC4=CC(=CC=C24)C(N)=O)C1=3,,3.1385000000000005,,262.312,;;;;;;;;;;
RLHF_0917,Seleccionadas por diversidad,CAN_8bce3f490483fbbd,MOL_24ab523459f00da4,CC=CC1=C(NC(=N1)C2=CC3=CC(=N2)C(=O)N=C([NH1]3)C4=CC=C5[NH1]C(=O)NC5)C4C#N,CC=CC1=C(NC(=N1)C2=CC3=CC(=N2)C(=O)N=C([NH1]3)C4=CC=C5[NH1]C(=O)NC5)C4C#N,BACE1,-5.0,True,False,False,,2.21288,,412.4130000000002,,,,,,,0.9910499936823485,False,True,,-5.0,,,,,,,,,,,,,,,,CAN_8bce3f490483fbbd,MOL_24ab523459f00da4,,,,1.0,reward_results_15.csv,bace_4,bace_4/reward_results_15.csv,bace_4,intermediate,CC=CC1=C(NC(=N1)C2=CC3=CC(=N2)C(=O)N=C([NH1]3)C4=CC=C5[NH1]C(=O)NC5)C4C#N,,2.21288,,412.4130000000002,;;;;;;;;;;
RLHF_0918,Seleccionadas por diversidad,CAN_28a2e1c02e094f6a,MOL_c21b6f3952f0207c,C[NH2+1][C@H1]1CCN(C1)C2=CC(=NC=N2)C3=CC4=CC(=C3)C5=CC=CC=C5S4(=O)(O)N6CC6,C[NH2+1][C@H1]1CCN(C1)C2=CC(=NC=N2)C3=CC4=CC(=C3)C5=CC=CC=C5S4(=O)(O)N6CC6,BACE1,-5.0,True,False,False,,1.8376000000000003,,436.5610000000002,,,,,,,0.9910499936823485,False,True,,-5.0,,,,,,,,,,,,,,,,CAN_28a2e1c02e094f6a,MOL_c21b6f3952f0207c,,,,1.0,reward_results_9.csv,bace_4,bace_4/reward_results_9.csv,bace_4,intermediate,C[NH2+1][C@H1]1CCN(C1)C2=CC(=NC=N2)C3=CC4=CC(=C3)C5=CC=CC=C5S4(=O)(O)N6CC6,,1.8376000000000003,,436.5610000000002,;;;;;;;;;;
RLHF_0919,Seleccionadas por diversidad,CAN_a47dead1f8ac55b1,MOL_2a1fc49b72640352,CCCC[NH2+1][C@@H1](C)CCCCC=C,CCCC[NH2+1][C@@H1](C)CCCCC=C,BACE1,-4.865,True,False,False,,2.4848,,184.34699999999995,,,,,,,0.9988207050499095,False,True,,-4.865,,,,,,,,,,,,,,,,CAN_a47dead1f8ac55b1,MOL_2a1fc49b72640352,,,,1.0,reward_results_0.csv,bace_4,bace_4/reward_results_0.csv,bace_4,intermediate,CCCC[NH2+1][C@@H1](C)CCCCC=C,,2.4848,,184.34699999999995,;;;;;;;;;;
RLHF_0920,Seleccionadas por diversidad,CAN_bc3415a2d1918a5d,MOL_b3b49017cc79dc29,CCC12NC=NC(=CN3N=C(N=C3NC1)C(C)C2=O)CC=NC=C,CCC12NC=NC(=CN3N=C(N=C3NC1)C(C)C2=O)CC=NC=C,BACE1,-4.663,True,False,False,,1.5593,,327.3920000000001,,,,,,,0.999115528787432,False,True,,-4.663,,,,,,,,,,,,,,,,CAN_bc3415a2d1918a5d,MOL_b3b49017cc79dc29,,,,1.0,reward_results_0.csv,bace_4,bace_4/reward_results_0.csv,bace_4,intermediate,CCC12NC=NC(=CN3N=C(N=C3NC1)C(C)C2=O)CC=NC=C,,1.5593,,327.3920000000001,;;;;;;;;;;
RLHF_0921,Seleccionadas por diversidad,CAN_9c6fb175cdf356e1,MOL_0d11d35ca1a804c5,C1[C@@H1]([NH2+1]CC[C@@H1]2C[C@@H1](O)CC[C@]2(C)CCC1C3)CC=CC=C3,C1[C@@H1]([NH2+1]CC[C@@H1]2C[C@@H1](O)CC[C@]2(C)CCC1C3)CC=CC=C3,BACE1,-4.517,True,False,False,,3.182100000000001,,304.49799999999993,,,,,,,0.9992839994945879,False,True,,-4.517,,,,,,,,,,,,,,,,CAN_9c6fb175cdf356e1,MOL_0d11d35ca1a804c5,,,,1.0,reward_results_4.csv,bace_3,bace_3/reward_results_4.csv,bace_3,intermediate,C1[C@@H1]([NH2+1]CC[C@@H1]2C[C@@H1](O)CC[C@]2(C)CCC1C3)CC=CC=C3,,3.182100000000001,,304.49799999999993,;;;;;;;;;;
RLHF_0922,Seleccionadas por diversidad,CAN_a12a1a0ef61a6218,MOL_ee07cbefabfad6d5,CC[C@@H1]1CC2C[C@](C)C3CC(=O)C[C@H1](C[C@@H1]3C2C)C[C@H1]1O,CC[C@@H1]1CC2C[C@](C)C3CC(=O)C[C@H1](C[C@@H1]3C2C)C[C@H1]1O,BACE1,-3.979,True,False,False,,4.019290000000004,,291.455,,,,,,,0.9995367055553216,False,True,,-3.979,,,,,,,,,,,,,,,,CAN_a12a1a0ef61a6218,MOL_ee07cbefabfad6d5,,,,1.0,reward_results_2.csv,bace_3,bace_3/reward_results_2.csv,bace_3,intermediate,CC[C@@H1]1CC2C[C@](C)C3CC(=O)C[C@H1](C[C@@H1]3C2C)C[C@H1]1O,,4.019290000000004,,291.455,;;;;;;;;;;
RLHF_0923,Seleccionadas por diversidad,CAN_746076b9c32ac605,MOL_35efb5d0852fcaee,C[C@@H1](O1)C[NH2+1]1,C[C@@H1](O1)C[NH2+1]1,BACE1,-3.268,True,False,False,,-1.1164999999999994,,74.103,,,,,,,0.9998315292928442,False,True,,-3.268,,,,,,,,,,,,,,,,CAN_746076b9c32ac605,MOL_35efb5d0852fcaee,,,,1.0,reward_results_16.csv,bace_4,bace_4/reward_results_16.csv,bace_4,intermediate,C[C@@H1](O1)C[NH2+1]1,,-1.1164999999999994,,74.103,;;;;;;;;;;
RLHF_0924,Seleccionadas por diversidad,CAN_f68cf935a0c1c30d,MOL_2b65814b04f9667e,C=C1NC(=O)CCCCCC2CCCC12,C=C1NC(=O)CCCCCC2CCCC12,BACE1+DYRK1A,,True,False,False,,,,,,,,,,,,False,True,,,,,,,,,,,,,,,,,,CAN_f68cf935a0c1c30d,MOL_2b65814b04f9667e,,,,1.0,final_results.csv,dyrk1a_bace,dyrk1a_bace/final_results.csv,dyrk1a_bace,intermediate,C=C1NC(=O)CCCCCC2CCCC12,,,,,;;;;;;;;;;
RLHF_0925,Seleccionadas por diversidad,CAN_a8a2cfa1494aebd2,MOL_30ade40d3c1a5ca6,COc1c(F)c(C#N)c(F)c2c1OCC2,COc1c(F)c(C#N)c(F)c2c1OCC2,BACE1+DYRK1A,,True,False,False,,,,,,,,,,,,False,True,,,,,,,,,,,,,,,,,,CAN_a8a2cfa1494aebd2,MOL_30ade40d3c1a5ca6,,,,1.0,final_results.csv,dyrk1a_bace,dyrk1a_bace/final_results.csv,dyrk1a_bace,intermediate,COc1c(F)c(C#N)c(F)c2c1OCC2,,,,,;;;;;;;;;;
RLHF_0926,Seleccionadas por diversidad,CAN_3e362f8c26976a32,MOL_2f506b3f09544959,O=C1CCC(C(=O)n2c(=O)c3cccc(N4CCC[CH]NC4=O)c3c3ccccc32)=CC=CN1,O=C1CCC(C(=O)n2c(=O)c3cccc(N4CCC[CH]NC4=O)c3c3ccccc32)=CC=CN1,BACE1+DYRK1A,,True,False,False,,,,,,,,,,,,False,True,,,,,,,,,,,,,,,,,,CAN_3e362f8c26976a32,MOL_2f506b3f09544959,,,,1.0,final_results.csv,dyrk1a_bace,dyrk1a_bace/final_results.csv,dyrk1a_bace,intermediate,O=C1CCC(C(=O)n2c(=O)c3cccc(N4CCC[CH]NC4=O)c3c3ccccc32)=CC=CN1,,,,,;;;;;;;;;;
RLHF_0927,Seleccionadas por diversidad,CAN_6aa6a43534ee8d54,MOL_aff9696918ec26e7,C=c1nc(O)c2ccc(C)cc2c1=CC(=O)N(C)C(=O)Cc1cccc(C(F)(F)F)c1C,C=c1nc(O)c2ccc(C)cc2c1=CC(=O)N(C)C(=O)Cc1cccc(C(F)(F)F)c1C,BACE1+DYRK1A,,True,False,False,,,,,,,,,,,,False,True,,,,,,,,,,,,,,,,,,CAN_6aa6a43534ee8d54,MOL_aff9696918ec26e7,,,,1.0,final_results.csv,dyrk1a_bace,dyrk1a_bace/final_results.csv,dyrk1a_bace,intermediate,C=c1nc(O)c2ccc(C)cc2c1=CC(=O)N(C)C(=O)Cc1cccc(C(F)(F)F)c1C,,,,,;;;;;;;;;;
RLHF_0928,Seleccionadas por diversidad,CAN_99e136707f5a57ab,MOL_2d739cd1fc0be84d,O=C(NCCN1C(=O)c2ccccc2C1=O)NCC1C=Cc2ccccc2C1=O,O=C(NCCN1C(=O)C2=CC=CC=C2C1=O)NCC3C=CC4=CC=CC=C4C3=O,BuChE,-11.4,True,False,False,0.7658928995288967,2.1077000000000004,3.0370413937380825,389.4110000000001,,,,,,,0.005308310991957104,True,False,-11.4,,2.0,4.0,5.0,95.58,4.0,29.0,0.18551953,0.06454983,True,,,0.9370598370386564,1.0,CAN_f6ed72937ce73a59,MOL_2d739cd1fc0be84d,,,buche_pool_final_nontoxic-2.csv,/content/buche_pool_final_nontoxic-2.csv,docking_results_2_26.csv,,,,,,,,,,,,;;;;;;;;;;
RLHF_0929,Seleccionadas por diversidad,CAN_d58f016a8468c9c2,MOL_e9aa7bb895f8c1e7,C=C1SC(NC(=O)C2=CC=CC(=C2)S(=O)(=O)C=CC=C3C=CN=NN3)=N1,C=C1SC(NC(=O)C2=CC=CC(=C2)S(=O)(=O)C=CC=C3C=CN=NN3)=N1,BuChE,-10.544994039247332,True,False,False,,,,,,,,,,,0.0639142091152815,False,True,,-10.544994039247332,,,,,,,,,,,,,,,,CAN_d58f016a8468c9c2,MOL_e9aa7bb895f8c1e7,,,,1.0,vina_results.csv,buche_2,buche_2/vina_results.csv,buche_2,intermediate,C=C1SC(NC(=O)C2=CC=CC(=C2)S(=O)(=O)C=CC=C3C=CN=NN3)=N1,,,,,;;;;;;;;;;
RLHF_0930,Seleccionadas por diversidad,CAN_e645d6de1507eaed,MOL_d6c7e0940242706f,N#CC=C(N)Oc1ccccc1N1CCNCC1C=C1C=Cc2ccccc2N1,N#CC=C(N)OC1=CC=CC=C1N2CCNCC2C=C3C=CC4=CC=CC=C4[NH1]3,BuChE,-10.5,True,False,False,0.5535491318982241,3.190080000000001,3.9363620195899056,385.47100000000006,,,,,,,0.07281501340482574,True,False,-10.5,,3.0,6.0,4.0,86.34,4.0,29.0,0.39630198,0.15211168,True,,,0.7967106158281473,1.0,CAN_13531f7576a82f45,MOL_d6c7e0940242706f,,,buche_pool_final_nontoxic-2.csv,/content/buche_pool_final_nontoxic-2.csv,docking_results_2_20.csv,,,,,,,,,,,,;;;;;;;;;;
RLHF_0931,Seleccionadas por diversidad,CAN_fb7d014fd4364376,MOL_77aa9e571a6e44cd,CNC(=O)C=CC=CC=C(NC1=NC2=CC=CC=C2N(C)C1=NCC)CN,CNC(=O)C=CC=CC=C(NC1=NC2=CC=CC=C2N(C)C1=NCC)CN,BuChE,-10.460173485416194,True,False,False,,,,,,,,,,,0.08042895442359249,False,True,,-10.460173485416194,,,,,,,,,,,,,,,,CAN_fb7d014fd4364376,MOL_77aa9e571a6e44cd,,,,1.0,vina_results.csv,buche_2,buche_2/vina_results.csv,buche_2,intermediate,CNC(=O)C=CC=CC=C(NC1=NC2=CC=CC=C2N(C)C1=NCC)CN,,,,,;;;;;;;;;;
RLHF_0932,Seleccionadas por diversidad,CAN_02862f8392ecf076,MOL_d0c8e5e18f13c9a1,CC=C1C=C(C)C=NC(CCC2=CC=C(N=C2)N3CCOCC3)=NN1,CC=C1C=C(C)C=NC(CCC2=CC=C(N=C2)N3CCOCC3)=NN1,BuChE,-10.401323434826176,True,False,False,,,,,,,,,,,0.08890080428954424,False,True,,-10.401323434826176,,,,,,,,,,,,,,,,CAN_02862f8392ecf076,MOL_d0c8e5e18f13c9a1,,,,1.0,vina_results.csv,buche_2,buche_2/vina_results.csv,buche_2,intermediate,CC=C1C=C(C)C=NC(CCC2=CC=C(N=C2)N3CCOCC3)=NN1,,,,,;;;;;;;;;;
RLHF_0933,Seleccionadas por diversidad,CAN_50b8b6f67cbb513e,MOL_58239bb9007cf679,CC=1[NH1]N=CC=1C2=CN=CC(=C23)C=CCC(=O)NCCCC(N)=N3,CC=1[NH1]N=CC=1C2=CN=CC(=C23)C=CCC(=O)NCCCC(N)=N3,BuChE,-10.356742361665493,True,False,False,,,,,,,,,,,0.10337801608579089,False,True,,-10.356742361665493,,,,,,,,,,,,,,,,CAN_50b8b6f67cbb513e,MOL_58239bb9007cf679,,,,1.0,vina_results.csv,buche_2,buche_2/vina_results.csv,buche_2,intermediate,CC=1[NH1]N=CC=1C2=CN=CC(=C23)C=CCC(=O)NCCCC(N)=N3,,,,,;;;;;;;;;;
RLHF_0934,Seleccionadas por diversidad,CAN_6b046fd62e075154,MOL_a26c33ad121f9a0c,CN(CCC1=CC=C2C=CC=CC2=N1)CC3=CC=CC=N3,CN(CCC1=CC=C2C=CC=CC2=N1)CC3=CC=CC=N3,BuChE,-9.899509321513818,True,False,False,,,,,,,,,,,0.2753887399463807,False,True,,-9.899509321513818,,,,,,,,,,,,,,,,CAN_6b046fd62e075154,MOL_a26c33ad121f9a0c,,,,1.0,vina_results.csv,buche_2,buche_2/vina_results.csv,buche_2,intermediate,CN(CCC1=CC=C2C=CC=CC2=N1)CC3=CC=CC=N3,,,,,;;;;;;;;;;
RLHF_0935,Seleccionadas por diversidad,CAN_d181ed11d5f74b74,MOL_a90b3d2f67516729,C[C@H1](SC1=CC=C(Cl)C(Cl)=C1C=2N=N[NH1]N=2)C(N)=O,C[C@H1](SC1=CC=C(Cl)C(Cl)=C1C=2N=N[NH1]N=2)C(N)=O,BuChE,-9.88759847105592,True,False,False,,,,,,,,,,,0.2803217158176944,False,True,,-9.88759847105592,,,,,,,,,,,,,,,,CAN_d181ed11d5f74b74,MOL_a90b3d2f67516729,,,,1.0,vina_results.csv,buche_2,buche_2/vina_results.csv,buche_2,intermediate,C[C@H1](SC1=CC=C(Cl)C(Cl)=C1C=2N=N[NH1]N=2)C(N)=O,,,,,;;;;;;;;;;
RLHF_0936,Seleccionadas por diversidad,CAN_8a8c0f9cac8c2e9f,MOL_d5383cfe1628c664,COC(=O)c1ccn(-c2cc(-c3c(F)ccc(OC)c3F)cc(F)c2F)n1,COC(=O)C=1C=CN(N=1)C2=CC(=CC(F)=C2F)C3=C(F)C=CC(OC)=C3F,BuChE,-9.84,True,False,False,0.5091014490709144,3.890900000000002,2.5845321988442578,380.2970000000001,,,,,,,0.29672922252010725,True,False,-9.84,,0.0,4.0,4.0,53.35000000000001,3.0,27.0,0.3721981,0.108491324,True,,,0.5394640881147198,1.0,CAN_835669de9c285d42,MOL_d5383cfe1628c664,,,buche_pool_final_nontoxic-3.csv,/content/buche_pool_final_nontoxic-3.csv,reward_results_0.csv,,,,,,,,,,,,;;;;;;;;;;
RLHF_0937,Seleccionadas por diversidad,CAN_1b854e83f770220a,MOL_be0ab743abb434c4,CC[NH1+1](C1=CC=CC(OC2=CN=CN=C2)=C1)C3=CC=CC=C3,CC[NH1+1](C1=CC=CC(OC2=CN=CN=C2)=C1)C3=CC=CC=C3,BuChE,-9.77767741294752,True,False,False,,,,,,,,,,,0.3301876675603217,False,True,,-9.77767741294752,,,,,,,,,,,,,,,,CAN_1b854e83f770220a,MOL_be0ab743abb434c4,,,,1.0,vina_results.csv,buche_2,buche_2/vina_results.csv,buche_2,intermediate,CC[NH1+1](C1=CC=CC(OC2=CN=CN=C2)=C1)C3=CC=CC=C3,,,,,;;;;;;;;;;
RLHF_0938,Seleccionadas por diversidad,CAN_5a2975e0cd271e29,MOL_14049fb82e0103c0,BrC1=CC=C(CNC=C2C(=O)C3=CC=CN=C3C=N2)C=C1,BrC1=CC=C(CNC=C2C(=O)C3=CC=CN=C3C=N2)C=C1,BuChE,-9.752788369822184,True,False,False,,,,,,,,,,,0.3398391420911528,False,True,,-9.752788369822184,,,,,,,,,,,,,,,,CAN_5a2975e0cd271e29,MOL_14049fb82e0103c0,,,,1.0,vina_results.csv,buche_2,buche_2/vina_results.csv,buche_2,intermediate,BrC1=CC=C(CNC=C2C(=O)C3=CC=CN=C3C=N2)C=C1,,,,,;;;;;;;;;;
RLHF_0939,Seleccionadas por diversidad,CAN_9c1b7de16a0dd661,MOL_a6184316e5dd185a,Cc1noc(C2C[CH]CCC[C@H]2N2Cc3c(F)cccc3C2=O)n1,C1[C@H1]CCC[C@@H1](N2CC3=C(F)C=CC=C3C2=O)C1C4=NC(C)=NO4,BuChE,-9.5,True,False,False,0.7928540755394995,3.4036100000000022,3.805767919220589,328.3670000000001,,,,,,,0.45351206434316355,True,False,-9.5,,0.0,4.0,2.0,59.23,4.0,24.0,0.068979494,0.024964066,True,,,0.5061526367418075,1.0,CAN_7fcc21f9500d781d,MOL_a6184316e5dd185a,,,buche_pool_final_nontoxic-2.csv,/content/buche_pool_final_nontoxic-2.csv,docking_results_2_7.csv,,,,,,,,,,,,;;;;;;;;;;
RLHF_0940,Seleccionadas por diversidad,CAN_d7cf14b2def38536,MOL_1348dc8d2821e6db,CC1=CC=C(C=2C=COC=2)C=C1F,CC1=CC=C(C=2C=COC=2)C=C1F,BuChE,-9.434602806787325,True,False,False,,,,,,,,,,,0.4843967828418231,False,True,,-9.434602806787325,,,,,,,,,,,,,,,,CAN_d7cf14b2def38536,MOL_1348dc8d2821e6db,,,,1.0,vina_results.csv,buche_2,buche_2/vina_results.csv,buche_2,intermediate,CC1=CC=C(C=2C=COC=2)C=C1F,,,,,;;;;;;;;;;
RLHF_0941,Seleccionadas por diversidad,CAN_722a7b4b8d86b478,MOL_88a5539973924b15,CCCN(CC)CCN1C=C(O)C(=O)C2=CC(F)=CC=C2C1=O,CCCN(CC)CCN1C=C(O)C(=O)C2=CC(F)=CC=C2C1=O,BuChE,-9.230058590486424,True,False,False,,,,,,,,,,,0.5828418230563003,False,True,,-9.230058590486424,,,,,,,,,,,,,,,,CAN_722a7b4b8d86b478,MOL_88a5539973924b15,,,,1.0,vina_results.csv,buche_2,buche_2/vina_results.csv,buche_2,intermediate,CCCN(CC)CCN1C=C(O)C(=O)C2=CC(F)=CC=C2C1=O,,,,,;;;;;;;;;;
RLHF_0942,Seleccionadas por diversidad,CAN_2226c174b8a716ea,MOL_42a6dd32d4f6f407,C1=CC(CNCCc2c[nH]c3ccccc23)=c2ccccc2=NCO1,C1OC=CC(CNCCC2=C[NH1]C3=CC=CC=C23)=C4C=CC=CC4=N1,BuChE,-9.2,True,False,False,0.7048265134789508,2.2719000000000005,3.1356820054074124,331.4190000000001,,,,,,,0.5979624664879356,True,False,-9.2,,2.0,3.0,5.0,49.41,4.0,25.0,0.24278319,0.077770315,True,,,0.503872248742034,1.0,CAN_e1c5c846f54651ca,MOL_42a6dd32d4f6f407,,,buche_pool_final_nontoxic-2.csv,/content/buche_pool_final_nontoxic-2.csv,docking_results_2_18.csv,,,,,,,,,,,,;;;;;;;;;;
RLHF_0943,Seleccionadas por diversidad,CAN_a8db12d6a0335634,MOL_271819d7d6ede569,C1=CCCC2CCCCN2CCNC(c2nnc(-c3ccncc3)o2)=C1,C1C=CC=C(C2=NN=C(O2)C3=CC=NC=C3)NCCN4CCCCC4C1,BuChE,-9.1,True,False,False,0.8956442895732879,3.2666000000000013,3.71069480290001,351.45400000000024,,,,,,,0.6413404825737266,True,False,-9.1,,1.0,6.0,2.0,67.08,4.0,26.0,0.08837212,0.024753166,True,,,0.3759492508709556,1.0,CAN_2da46ed26e4008bd,MOL_271819d7d6ede569,,,buche_pool_final_nontoxic-2.csv,/content/buche_pool_final_nontoxic-2.csv,docking_results_2_22.csv,,,,,,,,,,,,;;;;;;;;;;
RLHF_0944,Seleccionadas por diversidad,CAN_6f1ecd4201bbf23a,MOL_46e22b329b49d663,CCc1noc(CO)c1C(=O)N1CCC(CC#N)(N2CCCCC2)CC1,CCC1=NOC(CO)=C1C(=O)N2CCC(CC#N)(CC2)N3CCCCC3,BuChE,-9.0,True,False,False,0.8641858927273157,2.10368,3.136216807550978,360.45800000000025,,,,,,,0.6802680965147453,True,False,-9.0,,1.0,6.0,5.0,93.6,3.0,26.0,0.06992897,0.015110525,True,,,0.3842156649675717,1.0,CAN_328e2090854a75c5,MOL_46e22b329b49d663,,,buche_pool_final_nontoxic-2.csv,/content/buche_pool_final_nontoxic-2.csv,docking_results_2_5.csv,,,,,,,,,,,,;;;;;;;;;;
RLHF_0945,Seleccionadas por diversidad,CAN_bebd9c1df15d5d18,MOL_5455b6bcba6aad5b,C[C@H1]1C[C@H1](C)N(CC2=CC=CC=C2C(O)C3CC3)C1,C[C@H1]1C[C@H1](C)N(CC2=CC=CC=C2C(O)C3CC3)C1,BuChE,-8.99689195137111,True,False,False,,,,,,,,,,,0.6872922252010724,False,True,,-8.99689195137111,,,,,,,,,,,,,,,,CAN_bebd9c1df15d5d18,MOL_5455b6bcba6aad5b,,,,1.0,vina_results.csv,buche_2,buche_2/vina_results.csv,buche_2,intermediate,C[C@H1]1C[C@H1](C)N(CC2=CC=CC=C2C(O)C3CC3)C1,,,,,;;;;;;;;;;
RLHF_0946,Seleccionadas por diversidad,CAN_31f0b89364b05768,MOL_8f4eedb5dbab9ce6,CCC1=NC(CC=2C(C)=NOC=2C)=CC(=O)[NH1]1,CCC1=NC(CC=2C(C)=NOC=2C)=CC(=O)[NH1]1,BuChE,-8.991084670554471,True,False,False,,,,,,,,,,,0.6893297587131367,False,True,,-8.991084670554471,,,,,,,,,,,,,,,,CAN_31f0b89364b05768,MOL_8f4eedb5dbab9ce6,,,,1.0,vina_results.csv,buche_2,buche_2/vina_results.csv,buche_2,intermediate,CCC1=NC(CC=2C(C)=NOC=2C)=CC(=O)[NH1]1,,,,,;;;;;;;;;;
RLHF_0947,Seleccionadas por diversidad,CAN_b0443c72ef73f916,MOL_09126cc52732e1e9,COc1ccc(OC=C2C=C3OCC(C4CCC4)N3C=N2)cc1,COC1=CC=C(OC=C2N=CN3C(C4CCC4)COC3=C2)C=C1,BuChE,-8.9,True,False,False,0.8001918342924078,3.2996000000000025,3.788444910483319,312.369,,,,,,,0.7171581769436998,True,False,-8.9,,0.0,5.0,4.0,43.290000000000006,4.0,23.0,0.37265256,0.15083738,True,,,0.2850637077683005,1.0,CAN_ecd4bd7f75a75052,MOL_09126cc52732e1e9,,,buche_pool_final_nontoxic-2.csv,/content/buche_pool_final_nontoxic-2.csv,docking_results_2_2.csv,,,,,,,,,,,,;;;;;;;;;;
RLHF_0948,Seleccionadas por diversidad,CAN_8809bd49f7b0a259,MOL_991f25aff4ab3e87,CC=C1C(F)=CC=C1NC(=O)c1ncc(N)c(OCCC2OCCO2)n1,CC=C1C(NC(=O)C2=NC(OCCC3OCCO3)=C(N)C=N2)=CC=C1F,BuChE,-8.823,True,False,False,0.7914885272753607,1.6276,3.67720474933892,362.361,,,,,,,0.7386595174262734,True,False,-8.823,,2.0,7.0,6.0,108.59,3.0,26.0,0.46121925,0.15024497,True,,,0.6153898135514384,1.0,CAN_36d6c175cf53b009,MOL_991f25aff4ab3e87,,,buche_pool_final_nontoxic-3.csv,/content/buche_pool_final_nontoxic-3.csv,reward_results_17.csv,,,,,,,,,,,,;;;;;;;;;;
RLHF_0949,Seleccionadas por diversidad,CAN_e88a112894ca89c9,MOL_88328d355ba1335b,COCCNC1=C(CCC2=CC=C(O)C=C2C=O)C=CC=CC=C1,COCCNC1=C(CCC2=CC=C(O)C=C2C=O)C=CC=CC=C1,BuChE,-8.6062409584385,True,False,False,,,,,,,,,,,0.7967828418230563,False,True,,-8.6062409584385,,,,,,,,,,,,,,,,CAN_e88a112894ca89c9,MOL_88328d355ba1335b,,,,1.0,vina_results.csv,buche_2,buche_2/vina_results.csv,buche_2,intermediate,COCCNC1=C(CCC2=CC=C(O)C=C2C=O)C=CC=CC=C1,,,,,;;;;;;;;;;
RLHF_0950,Seleccionadas por diversidad,CAN_f41d5ab637bdb49d,MOL_4020a5e8356d4eb1,CON[CH]CCCC(=O)N[C]1Cc2ccccc2CN1CC1=CC=CCC1,C1C=CC=C(CN2CC3=CC=CC=C3C[C@]2NC(=O)CCC[C@H1]NOC)C1,BuChE,-8.6,True,False,False,0.5187587698900314,3.409880000000002,3.576104540221662,367.4930000000002,,,,,,,0.8032707774798927,True,False,-8.6,,2.0,4.0,9.0,53.60000000000001,3.0,27.0,0.10199012,0.031433027,True,,,0.1653561793748966,1.0,CAN_b9b50de6afb813b0,MOL_4020a5e8356d4eb1,,,buche_pool_final_nontoxic-2.csv,/content/buche_pool_final_nontoxic-2.csv,docking_results_2_22.csv,,,,,,,,,,,,;;;;;;;;;;
RLHF_0951,Seleccionadas por diversidad,CAN_60d0d7cfc71044be,MOL_55fb42e18bd5652d,COC1=CC(c2cc3ccccc3c(=O)s2)C=CC1,COC1=CC(C=CC1)C2=CC3=CC=CC=C3C(=O)S2,BuChE,-8.578,True,False,False,0.775080623205115,3.835300000000003,3.666899427031288,270.353,,,,,,,0.8129222520107239,True,False,-8.578,,0.0,3.0,2.0,26.3,3.0,19.0,0.2214928,0.10044179,True,,,0.4053990380929815,1.0,CAN_48cd4deaaa41fe64,MOL_55fb42e18bd5652d,,,buche_pool_final_nontoxic-3.csv,/content/buche_pool_final_nontoxic-3.csv,reward_results_14.csv,,,,,,,,,,,,;;;;;;;;;;
RLHF_0952,Seleccionadas por diversidad,CAN_fa4a4620560bc429,MOL_e7590b0f173f4b7e,[NH3+1]CC([C@H1](N)C1=CC=CC=C1)C2=CC3=CC=CC=C3S2,[NH3+1]CC([C@H1](N)C1=CC=CC=C1)C2=CC3=CC=CC=C3S2,BuChE,-8.494605147372084,True,False,False,,,,,,,,,,,0.8347453083109919,False,True,,-8.494605147372084,,,,,,,,,,,,,,,,CAN_fa4a4620560bc429,MOL_e7590b0f173f4b7e,,,,1.0,vina_results.csv,buche_2,buche_2/vina_results.csv,buche_2,intermediate,[NH3+1]CC([C@H1](N)C1=CC=CC=C1)C2=CC3=CC=CC=C3S2,,,,,;;;;;;;;;;
RLHF_0953,Seleccionadas por diversidad,CAN_eab6801c259997e6,MOL_8b6186bff7ebef10,CC=C1C=C(C2=CCN(C3CCN(S(C)(=O)=O)CC3)CC2C)C1,CC=C1C=C(C2=CCN(C3CCN(CC3)S(C)(=O)=O)CC2C)C1,BuChE,-8.2,True,False,False,0.7952002253906795,2.5649000000000006,3.828352734003083,336.5010000000001,,,,,,,0.8915817694369973,True,False,-8.2,,0.0,3.0,3.0,40.620000000000005,3.0,23.0,0.12848826,0.027300008,True,,,0.0982171142055942,1.0,CAN_19c9301ee3900b09,MOL_8b6186bff7ebef10,,,buche_pool_final_nontoxic-2.csv,/content/buche_pool_final_nontoxic-2.csv,docking_results_2_0.csv,,,,,,,,,,,,;;;;;;;;;;
RLHF_0954,Seleccionadas por diversidad,CAN_ab268ebb742558c2,MOL_9bb11bb0a64924dc,CC=C(C[NH2+][C@H]1CC[C@@H](N)CC1)c1ccc(O)c(Cl)c1,CC=C(C[NH2+1][C@@H1]1CC[C@H1](N)CC1)C2=CC(Cl)=C(O)C=C2,BuChE,-8.2,True,False,False,0.7978663754722203,2.2822000000000005,3.7136611250617673,295.83399999999995,,,,,,,0.8915817694369973,True,False,-8.2,,3.0,2.0,4.0,62.86,2.0,20.0,0.44548514,0.14016147,True,,,0.096718063615029,1.0,CAN_d23ad51df75f91be,MOL_9bb11bb0a64924dc,,,buche_pool_final_nontoxic-2.csv,/content/buche_pool_final_nontoxic-2.csv,docking_results_2_2.csv,,,,,,,,,,,,;;;;;;;;;;
RLHF_0955,Seleccionadas por diversidad,CAN_7451c4c6bfae35cc,MOL_e7633b84eae6872a,C=CC=CC=CNC(=O)NC1CCN(CC(=O)NC2CC=CS2)CC1,C1C=CSC1NC(=O)CN2CCC(CC2)NC(=O)NC=CC=CC=C,BuChE,-8.0,True,False,False,0.6065844626505806,2.0988,3.895413922480616,362.499,,,,,,,0.9178552278820375,True,False,-8.0,,3.0,4.0,7.0,73.47,2.0,25.0,0.23227328,0.04334271,True,,,0.059497308997876,1.0,CAN_534d203b1197f187,MOL_e7633b84eae6872a,,,buche_pool_final_nontoxic-2.csv,/content/buche_pool_final_nontoxic-2.csv,docking_results_2_18.csv,,,,,,,,,,,,;;;;;;;;;;
RLHF_0956,Seleccionadas por diversidad,CAN_171a041c0438a2df,MOL_65863d96ab284962,CCc1nn(C)cc1CNCc1ccc(OC(F)(F)F)cc1,CCC1=NN(C)C=C1CNCC2=CC=C(OC(F)(F)F)C=C2,BuChE,-7.8,True,False,False,0.8901374520962997,3.1709000000000014,2.369671906997601,313.323,,,,,,,0.9381233243967828,True,False,-7.8,,1.0,3.0,6.0,39.08,2.0,22.0,0.061438758,0.024901444,True,,,0.0337656755736949,1.0,CAN_f4b3ec2b35da0a76,MOL_65863d96ab284962,,,buche_pool_final_nontoxic-2.csv,/content/buche_pool_final_nontoxic-2.csv,docking_results_2_5.csv,,,,,,,,,,,,;;;;;;;;;;
RLHF_0957,Seleccionadas por diversidad,CAN_2c15e3ef281e5411,MOL_6d66cf12be421ec8,N#CCOc1ccccc1SCc1ccsc1C#N,N#CC=1SC=CC=1CSC2=CC=CC=C2OCC#N,BuChE,-7.215,True,False,False,0.7840992547466921,3.814460000000002,2.7646702022657763,286.38100000000003,,,,,,,0.9765683646112601,True,False,-7.215,,0.0,5.0,5.0,56.81,2.0,19.0,0.47519323,0.2311886,True,,,0.0596188654428055,1.0,CAN_de77fa39db1bf9fb,MOL_6d66cf12be421ec8,,,buche_pool_final_nontoxic-3.csv,/content/buche_pool_final_nontoxic-3.csv,reward_results_14.csv,,,,,,,,,,,,;;;;;;;;;;
RLHF_0958,Seleccionadas por diversidad,CAN_36b0c65fd66395b9,MOL_a9260205327dc949,CC1=CCC(c2cnn(C)c2)=CON1c1cc(CO)c(CCN)cc1Cl,C1C=C(C)N(C2=C(Cl)C=C(CCN)C(=C2)CO)OC=C1C=3C=NN(C)C=3,BuChE,-7.182,True,False,False,0.8402466837461985,3.153600000000001,3.5672092576406893,374.87200000000007,,,,,,,0.979195710455764,True,False,-7.182,,2.0,5.0,5.0,76.53999999999999,3.0,26.0,0.16871412,0.060768295,True,,,0.0816019538139971,1.0,CAN_46263824326c38fb,MOL_a9260205327dc949,,,buche_pool_final_nontoxic-3.csv,/content/buche_pool_final_nontoxic-3.csv,reward_results_1.csv,,,,,,,,,,,,;;;;;;;;;;
RLHF_0959,Seleccionadas por diversidad,CAN_dda8e843cc075538,MOL_a1bb17144d5477d5,O=[N+]([O-])c1ccc(OCC2CCCNC2)cc1,O=[N+1]([O-1])C1=CC=C(OCC2CCCNC2)C=C1,BuChE,-6.9,True,False,False,0.640902687988598,1.9732,2.475380327799161,236.271,,,,,,,0.9885790884718498,True,False,-6.9,,1.0,4.0,4.0,64.4,2.0,17.0,0.107891575,0.036258172,True,,,0.02,1.0,CAN_f7736608a06870df,MOL_a1bb17144d5477d5,,,buche_pool_final_nontoxic-2.csv,/content/buche_pool_final_nontoxic-2.csv,docking_results_2_3.csv,,,,,,,,,,,,;;;;;;;;;;
RLHF_0960,Seleccionadas por diversidad,CAN_8fa04b75e2f3e5c6,MOL_6a08c46c4036e83f,CCC1NC([C@@H](C)O)=Nc2ccc(Br)cc21,CCC1NC([C@@H1](C)O)=NC2=CC=C(Br)C=C12,BuChE,-6.9,True,False,False,0.876164041276667,2.9142,3.854456576288843,283.16900000000004,,,,,,,0.9885790884718498,True,False,-6.9,,2.0,3.0,2.0,44.62,2.0,16.0,0.11390959,0.0420944,True,,,0.02,1.0,CAN_a8785c33422fe48a,MOL_6a08c46c4036e83f,,,buche_pool_final_nontoxic-2.csv,/content/buche_pool_final_nontoxic-2.csv,docking_results_2_2.csv,,,,,,,,,,,,;;;;;;;;;;
RLHF_0961,Seleccionadas por diversidad,CAN_e9cb28236cedc3d6,MOL_3f7d8467d31e41ba,N#CC=CSCN1CCN(c2nscc2Cl)CC1,N#CC=CSCN1CCN(CC1)C2=NSC=C2Cl,BuChE,-6.235,True,False,False,0.7998693968471198,2.6464800000000013,3.725455958536294,300.84000000000003,,,,,,,0.9986058981233243,True,False,-6.235,,0.0,6.0,4.0,43.16,2.0,18.0,0.35809815,0.08410132,True,,,0.02,1.0,CAN_79ea7d199900cf55,MOL_3f7d8467d31e41ba,,,buche_pool_final_nontoxic-3.csv,/content/buche_pool_final_nontoxic-3.csv,reward_results_0.csv,,,,,,,,,,,,;;;;;;;;;;
RLHF_0962,Seleccionadas por diversidad,CAN_88c8d57f0d3ae06f,MOL_8adfe011edee3a67,C=C1Cc2cccc(Br)c2O1,C=C1CC2=CC=CC(Br)=C2O1,BuChE,-6.226,True,False,False,0.6405399454202819,2.8977000000000013,3.133697110490778,211.058,,,,,,,0.9988203753351207,True,False,-6.226,,0.0,1.0,0.0,9.23,2.0,11.0,0.0797051,0.030759647,True,,,0.02,1.0,CAN_af222daa919c204e,MOL_8adfe011edee3a67,,,buche_pool_final_nontoxic-3.csv,/content/buche_pool_final_nontoxic-3.csv,reward_results_0.csv,,,,,,,,,,,,;;;;;;;;;;
RLHF_0963,Seleccionadas por diversidad,CAN_ecd20feb91866f15,MOL_7e69eabe628facf9,CC(=O)N(C(=O)c1ccc(F)c(O[C@H]2CC[C@@H](C)CC2)c1F)[C@@H]1CCC[C@H]1N,CC(=O)N(C(=O)c1ccc(F)c(O[C@H]2CC[C@@H](C)CC2)c1F)[C@@H]1CCC[C@H]1N,BuChE+DYRK1A,,True,False,False,,,,,,,,,,,,False,True,,,,,,,,,,,,,,,,,,CAN_ecd20feb91866f15,MOL_7e69eabe628facf9,,,,1.0,final_results.csv,dyrk1a_buche,dyrk1a_buche/final_results.csv,dyrk1a_buche,intermediate,CC(=O)N(C(=O)c1ccc(F)c(O[C@H]2CC[C@@H](C)CC2)c1F)[C@@H]1CCC[C@H]1N,,,,,;;;;;;;;;;
RLHF_0964,Seleccionadas por diversidad,CAN_bda4ab60df90017c,MOL_0f7c8bf87ddb1759,C[C@]1(c2ccc(F)cc2)CCN(C(=O)C(=O)NC(=O)c2c(F)cccc2CN2CCOCC2)C1,C[C@]1(c2ccc(F)cc2)CCN(C(=O)C(=O)NC(=O)c2c(F)cccc2CN2CCOCC2)C1,BuChE+DYRK1A,,True,False,False,,,,,,,,,,,,False,True,,,,,,,,,,,,,,,,,,CAN_bda4ab60df90017c,MOL_0f7c8bf87ddb1759,,,,1.0,final_results.csv,dyrk1a_buche,dyrk1a_buche/final_results.csv,dyrk1a_buche,intermediate,C[C@]1(c2ccc(F)cc2)CCN(C(=O)C(=O)NC(=O)c2c(F)cccc2CN2CCOCC2)C1,,,,,;;;;;;;;;;
RLHF_0965,Seleccionadas por diversidad,CAN_269126ec857c6341,MOL_c4628bd725ac6f3e,CC1(C)CC=C(c2c[nH]c3ccc(N4CC5C(=O)NC(=O)N5N4)cc23)C1,CC1(C)CC=C(C1)C2=C[NH1]C3=CC=C(C=C23)N4CC5N(C(=O)NC5=O)N4,DYRK1A,-10.2,True,False,False,0.726554015208224,2.531299999999999,3.9729683192187775,351.41,,,,,,,0.15641410352588148,True,False,-10.2,,3.0,4.0,2.0,80.47,5.0,26.0,0.39122525,0.16136222,True,,,0.8929391311814321,1.0,CAN_72a40f02b51d7d63,MOL_c4628bd725ac6f3e,,,dyrk1a_pool_final_nontoxic.csv,/content/dyrk1a_pool_final_nontoxic.csv,docking_results_13.csv,,,,,,,,,,,,;;;;;;;;;;
RLHF_0966,Seleccionadas por diversidad,CAN_64496a877df758f9,MOL_793a248d27e79549,CC=C1N=C(c2cccc(C=CNC=Nc3ccccn3)c2)CN1,CC=C1NCC(=N1)C2=CC=CC(=C2)C=C[NH1]C=NC3=NC=CC=C3,DYRK1A,-9.609,True,True,True,0.657114343646889,3.2555000000000014,3.649053389038773,317.3960000000001,,,,,,,,True,True,-9.609,-10.341468374923146,2.0,4.0,5.0,61.67,3.0,24.0,0.46411544,0.11960327,True,,,0.781730140375724,1.0,CAN_5d3e8d0867be17fb,MOL_793a248d27e79549,CAN_64496a877df758f9,MOL_793a248d27e79549,dyrk1a_pool_final_nontoxic-2.csv,/content/dyrk1a_pool_final_nontoxic-2.csv,reward_results_22.csv,1.0,final_results.csv,dyrk1a_2,dyrk1a_2/final_results.csv,dyrk1a_2,passed_boltz_protocol,CC=C1N=C(c2cccc(C=CNC=Nc3ccccn3)c2)CN1,,,,,;;;;;;;;;;
RLHF_0967,Seleccionadas por diversidad,CAN_cfbf695f49f99fe2,MOL_e4f4de707d0626ec,Cc1ccc(N2CN=C3C(C#N)=C(N4CCCCC4)C=CN32)cc1,CC1=CC=C(N2CN=C3C(C#N)=C(N4CCCCC4)C=CN23)C=C1,DYRK1A,-9.359,True,True,True,0.8397478609568335,3.1789000000000014,3.2675813754185885,319.412,,,,,,,,True,True,-9.359,-10.229922090889565,0.0,5.0,2.0,45.870000000000005,4.0,24.0,0.32597455,0.09467391,True,,,0.7849675830637312,1.0,CAN_ef3d77e4bf15109e,MOL_e4f4de707d0626ec,CAN_cfbf695f49f99fe2,MOL_e4f4de707d0626ec,dyrk1a_pool_final_nontoxic-2.csv,/content/dyrk1a_pool_final_nontoxic-2.csv,reward_results_4.csv,1.0,final_results.csv,dyrk1a_2,dyrk1a_2/final_results.csv,dyrk1a_2,passed_boltz_protocol,Cc1ccc(N2CN=C3C(C#N)=C(N4CCCCC4)C=CN32)cc1,,,,,;;;;;;;;;;
RLHF_0968,Seleccionadas por diversidad,CAN_380e04fdfc3a716d,MOL_7c41c9bc57c2a1b8,Cc1nc(C)c(CNc2cc(-c3ccc(F)cc3)nc3ncnn23)s1,CC1=NC(C)=C(CNC2=CC(=NC3=NC=NN23)C4=CC=C(F)C=C4)S1,DYRK1A,-9.2,True,True,True,0.6062118119566815,3.615840000000002,2.5831839284843348,354.41400000000004,,,,,,,,True,True,-9.2,-10.532085168048086,1.0,6.0,4.0,68.0,4.0,25.0,0.468292,0.107533604,True,,,0.5975691869403362,1.0,CAN_11f0b19432b30c49,MOL_7c41c9bc57c2a1b8,CAN_380e04fdfc3a716d,MOL_7c41c9bc57c2a1b8,dyrk1a_pool_final_nontoxic-2.csv,/content/dyrk1a_pool_final_nontoxic-2.csv,reward_results_2.csv,1.0,final_results.csv,dyrk1a_2,dyrk1a_2/final_results.csv,dyrk1a_2,passed_boltz_protocol,Cc1nc(C)c(CNc2cc(-c3ccc(F)cc3)nc3ncnn23)s1,,,,,;;;;;;;;;;
RLHF_0969,Seleccionadas por diversidad,CAN_c21cf8fa1f3adf8a,MOL_8eab37d0701145d4,[NH3+][C@@H]1CC[C@H](c2nnc[nH]2)CN1c1ccccc1S(=O)(=O)c1ccccc1,[NH3+1][C@@H1]1CC[C@@H1](CN1C2=CC=CC=C2S(=O)(=O)C3=CC=CC=C3)C4=NN=C[NH1]4,DYRK1A,-9.031,True,True,True,0.7103559679500359,1.5894999999999988,3.914419888491281,384.485,,,,,,,,True,True,-9.031,-9.5194644215436,2.0,5.0,4.0,106.59,4.0,27.0,0.06401584,0.019213703,True,,,0.6484106656378129,1.0,CAN_9c9e28ec6e449a90,MOL_8eab37d0701145d4,CAN_c21cf8fa1f3adf8a,MOL_8eab37d0701145d4,dyrk1a_pool_final_nontoxic-2.csv,/content/dyrk1a_pool_final_nontoxic-2.csv,reward_results_12.csv,1.0,final_results.csv,dyrk1a_2,dyrk1a_2/final_results.csv,dyrk1a_2,passed_boltz_protocol,[NH3+][C@@H]1CC[C@H](c2nnc[nH]2)CN1c1ccccc1S(=O)(=O)c1ccccc1,,,,,;;;;;;;;;;
RLHF_0970,Seleccionadas por diversidad,CAN_6f60ae55d71bd77a,MOL_da433c84648abf77,O=C1C(=CNC2=CC=CCC=CC=C2)C=CC=C1N1CCOCC1,C1C=CC=C(NC=C2C=CC=C(N3CCOCC3)C2=O)C=CC=C1,DYRK1A,-8.9,True,False,False,0.8114348994916594,2.771100000000001,3.893930024421837,322.408,,,,,,,0.6687921980495124,True,False,-8.9,,1.0,4.0,3.0,41.57,3.0,24.0,0.46838224,0.088417165,True,,,0.3451796388582022,1.0,CAN_4de83f2854ba0b30,MOL_da433c84648abf77,,,dyrk1a_pool_final_nontoxic.csv,/content/dyrk1a_pool_final_nontoxic.csv,docking_results_7.csv,,,,,,,,,,,,;;;;;;;;;;
RLHF_0971,Seleccionadas por diversidad,CAN_536bf3d6175000e4,MOL_5b5c6254e2e27771,C=C(C=CCC1=C(C)C(CC#N)=CC[NH2+]C1)c1ccc(NS(C)(=O)=O)cc1,CC1=C(C[NH2+1]CC=C1CC#N)CC=CC(=C)C2=CC=C(NS(C)(=O)=O)C=C2,DYRK1A,-8.6,True,False,False,0.7088489695160722,2.751180000000001,3.981294577222637,384.5250000000001,,,,,,,0.7708177044261065,True,False,-8.6,,2.0,3.0,7.0,86.57,2.0,27.0,0.3190057,0.08728389,True,,,0.2133414156375316,1.0,CAN_aa7a1d582ab83863,MOL_5b5c6254e2e27771,,,dyrk1a_pool_final_nontoxic.csv,/content/dyrk1a_pool_final_nontoxic.csv,docking_results_7.csv,,,,,,,,,,,,;;;;;;;;;;
RLHF_0972,Seleccionadas por diversidad,CAN_d2e860a4d44e8eb5,MOL_b9355d32378cf0fb,C[C@H](C=NN=CC=C1NC=C1c1ccccc1-c1ccccc1)CO,C[C@@H1](CO)C=NN=CC=C1C(C2=CC=CC=C2C3=CC=CC=C3)=CN1,DYRK1A,-8.404,True,True,True,0.6235242878791003,3.866600000000002,3.67335072437735,331.419,,,,,,,,True,True,-8.404,-9.287362016899824,2.0,4.0,6.0,56.98,3.0,25.0,0.43643028,0.16924351,True,,,0.3507973788807904,1.0,CAN_05cc68c611e87939,MOL_b9355d32378cf0fb,CAN_d2e860a4d44e8eb5,MOL_b9355d32378cf0fb,dyrk1a_pool_final_nontoxic-2.csv,/content/dyrk1a_pool_final_nontoxic-2.csv,reward_results_16.csv,1.0,final_results.csv,dyrk1a_2,dyrk1a_2/final_results.csv,dyrk1a_2,passed_boltz_protocol,C[C@H](C=NN=CC=C1NC=C1c1ccccc1-c1ccccc1)CO,,,,,;;;;;;;;;;
RLHF_0973,Seleccionadas por diversidad,CAN_faf48dd4b68873db,MOL_21243fc6f4af7816,COCc1nc(N)nc2c1nc(-c1ccc(F)cc1Cl)n2CC=C1C=CN=N1,COCC1=NC(N)=NC2=C1N=C(C3=CC=C(F)C=C3Cl)N2CC=C4C=CN=N4,DYRK1A,-8.382,True,True,True,0.7007032607267932,3.8778000000000015,3.495096006201125,399.8170000000001,,,,,,,,True,True,-8.382,-8.581,1.0,7.0,5.0,103.57,4.0,28.0,0.44411156,0.14559685,True,,,0.3419674881738467,1.0,CAN_c282cb451cf55ecb,MOL_21243fc6f4af7816,CAN_faf48dd4b68873db,MOL_21243fc6f4af7816,dyrk1a_pool_final_nontoxic-2.csv,/content/dyrk1a_pool_final_nontoxic-2.csv,reward_results_7.csv,1.0,final_results.csv,dyrk1a_2,dyrk1a_2/final_results.csv,dyrk1a_2,passed_boltz_protocol,COCc1nc(N)nc2c1nc(-c1ccc(F)cc1Cl)n2CC=C1C=CN=N1,,,,,;;;;;;;;;;
RLHF_0974,Seleccionadas por diversidad,CAN_e97981d94f988df8,MOL_8f4d899eb4698d30,CN1CC=C(c2ccc(=NC=NCc3ccc(N(C)C)cc3)[nH]c2)N(C)C1=O,CN(C)C1=CC=C(C=C1)CN=CN=C2C=CC(=CN2)C=3N(C)C(=O)N(C)CC=3,DYRK1A,-8.185,True,True,True,0.6417743763102854,2.548000000000001,3.721574828012225,378.4800000000001,,,,,,,,True,True,-8.185,-9.787225852830709,1.0,3.0,5.0,67.3,3.0,28.0,0.33103192,0.107916914,True,,,0.50482948693767,1.0,CAN_aeb0a922c446258a,MOL_8f4d899eb4698d30,CAN_e97981d94f988df8,MOL_8f4d899eb4698d30,dyrk1a_pool_final_nontoxic-2.csv,/content/dyrk1a_pool_final_nontoxic-2.csv,reward_results_0.csv,1.0,final_results.csv,dyrk1a_2,dyrk1a_2/final_results.csv,dyrk1a_2,passed_boltz_protocol,CN1CC=C(c2ccc(=NC=NCc3ccc(N(C)C)cc3)[nH]c2)N(C)C1=O,,,,,;;;;;;;;;;
RLHF_0975,Seleccionadas por diversidad,CAN_ca942e86a7f6c8af,MOL_f1594182436f9ab5,COCCN(Cc1cnc[nH]1)CC1C=CC=C2C1=NC(C)=C2C,COCCN(CC1=CN=C[NH1]1)CC2C=CC=C3C(C)=C(C)N=C23,DYRK1A,-7.7,True,False,False,0.8420374154587065,2.719000000000001,3.9559330536834025,312.4170000000001,,,,,,,0.9501125281320331,True,False,-7.7,,1.0,4.0,7.0,53.51,3.0,23.0,0.20794971,0.057397824,True,,,0.0304945241453603,1.0,CAN_b66250f14d4d9694,MOL_f1594182436f9ab5,,,dyrk1a_pool_final_nontoxic.csv,/content/dyrk1a_pool_final_nontoxic.csv,docking_results_3.csv,,,,,,,,,,,,;;;;;;;;;;
RLHF_0976,Seleccionadas por diversidad,CAN_176261791c7d3f9d,MOL_d5b6b881b8ecddea,CCCN1C=C(c2c[nH]c3ncc(C#N)nc23)[CH]C1,CCCN1C[C@H1]C(=C1)C2=C[NH1]C3=NC=C(N=C23)C#N,DYRK1A,-7.616,True,True,True,0.9078548532885916,2.10037,3.729744607860182,252.301,,,,,,,,True,True,-7.616,-9.876163402293525,1.0,4.0,3.0,68.6,3.0,19.0,0.4099959,0.15070666,True,,,0.2121949011776759,1.0,CAN_80a64fde346aee84,MOL_d5b6b881b8ecddea,CAN_176261791c7d3f9d,MOL_d5b6b881b8ecddea,dyrk1a_pool_final_nontoxic-2.csv,/content/dyrk1a_pool_final_nontoxic-2.csv,reward_results_18.csv,1.0,final_results.csv,dyrk1a_2,dyrk1a_2/final_results.csv,dyrk1a_2,passed_boltz_protocol,CCCN1C=C(c2c[nH]c3ncc(C#N)nc23)[CH]C1,,,,,;;;;;;;;;;
RLHF_0977,Seleccionadas por diversidad,CAN_1e96c79351da9c69,MOL_e8a4de745fb2573b,CC=CC(F)c1cnc(N)c(C(F)F)c1,CC=CC(C1=CN=C(N)C(=C1)C(F)F)F,DYRK1A,-7.5,True,False,False,0.7878206141483411,3.1881000000000013,3.8366577281848127,216.206,,,,,,,0.9669917479369843,True,False,-7.5,,1.0,2.0,3.0,38.91,1.0,15.0,0.13536741,0.05224015,True,,,0.02,1.0,CAN_c7f294b896b13805,MOL_e8a4de745fb2573b,,,dyrk1a_pool_final_nontoxic.csv,/content/dyrk1a_pool_final_nontoxic.csv,docking_results_15.csv,,,,,,,,,,,,;;;;;;;;;;
RLHF_0978,Seleccionadas por diversidad,CAN_c85c4ee2f796794c,MOL_ce995539e981e470,N#C[C@H](Nc1cc(Br)ccn1)c1ccc(F)cc1,N#C[C@H1](NC1=CC(Br)=CC=N1)C2=CC=C(F)C=C2,DYRK1A,-7.338,True,True,True,0.9411587537623723,3.659980000000001,2.881589085146567,306.13800000000003,,,,,,,,True,True,-7.338,-9.413744177849118,1.0,3.0,3.0,48.71,2.0,18.0,0.25729162,0.10367874,True,,,0.0855754830967315,1.0,CAN_e3ad9d36049f846c,MOL_ce995539e981e470,CAN_c85c4ee2f796794c,MOL_ce995539e981e470,dyrk1a_pool_final_nontoxic-2.csv,/content/dyrk1a_pool_final_nontoxic-2.csv,reward_results_2.csv,1.0,final_results.csv,dyrk1a_2,dyrk1a_2/final_results.csv,dyrk1a_2,passed_boltz_protocol,N#C[C@H](Nc1cc(Br)ccn1)c1ccc(F)cc1,,,,,;;;;;;;;;;
RLHF_0979,Seleccionadas por diversidad,CAN_ffefcfa9b1b3cf23,MOL_355c46e74e3d97a4,Cc1cc(C)c(C2=NCCN2)cc1Br,CC1=CC(C)=C(Br)C=C1C2=NCCN2,DYRK1A,-7.3,True,False,False,0.816174262138836,2.41574,2.6564415324377,253.143,,,,,,,0.9801200300075019,True,False,-7.3,,1.0,2.0,1.0,24.39,2.0,14.0,0.05919575,0.017314205,True,,,0.02,1.0,CAN_a0f31909fb058650,MOL_355c46e74e3d97a4,,,dyrk1a_pool_final_nontoxic.csv,/content/dyrk1a_pool_final_nontoxic.csv,docking_results_1.csv,,,,,,,,,,,,;;;;;;;;;;
RLHF_0980,Seleccionadas por diversidad,CAN_486e2e99bcdc6dde,MOL_06bf93bf9355faae,C[C@H](C1CC1)n1cc(-c2nc3ncncc3[nH]2)cn1,C[C@H1](C1CC1)N2C=C(C3=NC4=NC=NC=C4[NH1]3)C=N2,DYRK1A,-7.18,True,True,True,0.7772164144456615,2.1874,3.381142503954365,254.29700000000005,,,,,,,,True,True,-7.18,-9.58488389794626,1.0,4.0,3.0,72.28,4.0,19.0,0.46331453,0.14207965,True,,,0.0909783000398616,1.0,CAN_4719d997718a08ca,MOL_06bf93bf9355faae,CAN_486e2e99bcdc6dde,MOL_06bf93bf9355faae,dyrk1a_pool_final_nontoxic-2.csv,/content/dyrk1a_pool_final_nontoxic-2.csv,reward_results_1.csv,1.0,final_results.csv,dyrk1a_2,dyrk1a_2/final_results.csv,dyrk1a_2,passed_boltz_protocol,C[C@H](C1CC1)n1cc(-c2nc3ncncc3[nH]2)cn1,,,,,;;;;;;;;;;
RLHF_0981,Seleccionadas por diversidad,CAN_fe806a2ac0cee2aa,MOL_470e84611662884c,C=C(OC)C(C=COC)c1cn(-c2ccc(C(C)(C)OC)cc2)nn1,COC=CC(C1=CN(N=N1)C2=CC=C(C=C2)C(C)(C)OC)C(OC)=C,DYRK1A,-7.0,True,True,True,0.6861198022277317,3.552600000000002,3.832588420808376,343.42700000000013,,,,,,,,True,True,-7.0,-10.125331254106795,0.0,5.0,8.0,58.400000000000006,2.0,25.0,0.18152085,0.07478344,True,,,0.0438426072582071,1.0,CAN_8acb6259792c232b,MOL_470e84611662884c,CAN_fe806a2ac0cee2aa,MOL_470e84611662884c,dyrk1a_pool_final_nontoxic-2.csv,/content/dyrk1a_pool_final_nontoxic-2.csv,reward_results_4.csv,1.0,final_results.csv,dyrk1a_2,dyrk1a_2/final_results.csv,dyrk1a_2,passed_boltz_protocol,C=C(OC)C(C=COC)c1cn(-c2ccc(C(C)(C)OC)cc2)nn1,,,,,;;;;;;;;;;
RLHF_0982,Seleccionadas por diversidad,CAN_0dd0079fe128782f,MOL_f9cbb7ce71bc5dd5,CCCC(=O)N=c1sccn1Cc1cc(C2CC2)n[nH]1,CCCC(=O)N=C1SC=CN1CC2=CC(C3CC3)=N[NH1]2,DYRK1A,-6.799,True,True,True,0.9188807128233132,2.4258,3.0346672123954868,290.392,0.13568776845932,,,,,5.288658142089844,,True,True,-6.799,-10.716232580484103,1.0,3.0,5.0,63.04,3.0,20.0,0.31440336,0.13439983,True,,0.7113418579101562,0.0392722752527344,1.0,CAN_1abb8d0e96ab37f4,MOL_f9cbb7ce71bc5dd5,CAN_0dd0079fe128782f,MOL_f9cbb7ce71bc5dd5,dyrk1a_pool_final_nontoxic-2.csv,/content/dyrk1a_pool_final_nontoxic-2.csv,reward_results_2.csv,1.0,final_results.csv,dyrk1a_2,dyrk1a_2/final_results.csv,dyrk1a_2,passed_boltz_protocol,CCCC(=O)N=c1sccn1Cc1cc(C2CC2)n[nH]1,,,,,;;;;;;;;;;
RLHF_0983,Seleccionadas por diversidad,CAN_2c8f90fcee196ab3,MOL_959a66211e79b689,CC[NH2+]C[C@@H](OC(=O)N(C)C)c1ccc(I)cc1,CC[NH2+1]C[C@@H1](OC(=O)N(C)C)C1=CC=C(I)C=C1,DYRK1A,-6.107,True,True,True,0.8085567830212418,1.6138000000000003,3.9154588422801897,363.219,,,,,,,,True,True,-6.107,-9.50558282877539,1.0,2.0,5.0,46.15,1.0,18.0,0.088797815,0.02576528,True,,,0.02,1.0,CAN_28a72658efe00282,MOL_959a66211e79b689,CAN_2c8f90fcee196ab3,MOL_959a66211e79b689,dyrk1a_pool_final_nontoxic-2.csv,/content/dyrk1a_pool_final_nontoxic-2.csv,reward_results_3.csv,1.0,final_results.csv,dyrk1a_2,dyrk1a_2/final_results.csv,dyrk1a_2,passed_boltz_protocol,CC[NH2+]C[C@@H](OC(=O)N(C)C)c1ccc(I)cc1,,,,,;;;;;;;;;;
RLHF_0984,Seleccionadas por diversidad,CAN_e1f22ba5f4de5a12,MOL_92507aa25aa90787,COCCCOc1ccc2cc3c(c1n2)=CN(Cc1cccnc1)C(=O)N3C,COCCCOc1ccc2cc3c(c1n2)=CN(Cc1cccnc1)C(=O)N3C,NCS1,-10.409501687717915,True,True,True,,,,,0.206367939710617,,,,,4.462985038757324,,False,True,,-10.409501687717915,,,,,,,,,,,1.5370149612426758,,,,,CAN_e1f22ba5f4de5a12,MOL_92507aa25aa90787,,,,1.0,final_results.csv,ncs1_leu89,ncs1_leu89/final_results.csv,ncs1_leu89,passed_boltz_protocol,COCCCOc1ccc2cc3c(c1n2)=CN(Cc1cccnc1)C(=O)N3C,,,,,;;;;;;;;;;
RLHF_0985,Seleccionadas por diversidad,CAN_a76fdab5100b2f93,MOL_1d34a993894c5f5a,C[NH+](C)CC1(O)CCN(C=Nc2ccccc2Nc2ccccc2)CC1,C[NH+](C)CC1(O)CCN(C=Nc2ccccc2Nc2ccccc2)CC1,NCS1,-10.062255417808109,True,True,True,,,,,,,,,,,,False,True,,-10.062255417808109,,,,,,,,,,,,,,,,CAN_a76fdab5100b2f93,MOL_1d34a993894c5f5a,,,,1.0,final_results.csv,ncs1_leu89,ncs1_leu89/final_results.csv,ncs1_leu89,passed_boltz_protocol,C[NH+](C)CC1(O)CCN(C=Nc2ccccc2Nc2ccccc2)CC1,,,,,;;;;;;;;;;
RLHF_0986,Seleccionadas por diversidad,CAN_cc8b5aa19633ada8,MOL_e87d0016b106a0f3,O=C(F)[C@@H]1C[C@H](N2CCN(c3cccc(C(F)F)c3)CC2)CN1,O=C(F)[C@@H]1C[C@H](N2CCN(c3cccc(C(F)F)c3)CC2)CN1,NCS1,-9.68345562588122,True,True,True,,,,,,,,,,,,False,True,,-9.68345562588122,,,,,,,,,,,,,,,,CAN_cc8b5aa19633ada8,MOL_e87d0016b106a0f3,,,,1.0,final_results.csv,ncs1_leu89,ncs1_leu89/final_results.csv,ncs1_leu89,passed_boltz_protocol,O=C(F)[C@@H]1C[C@H](N2CCN(c3cccc(C(F)F)c3)CC2)CN1,,,,,;;;;;;;;;;
RLHF_0987,Seleccionadas por diversidad,CAN_f00aef11c2573807,MOL_2b1fb39cdbd8dc8a,C=CC1c2ccccc2[NH+]1CC1CCN(CCc2ccccc2)CC1,C=CC1c2ccccc2[NH+]1CC1CCN(CCc2ccccc2)CC1,NCS1,-9.634351993608623,True,True,True,,,,,,,,,,,,False,True,,-9.634351993608623,,,,,,,,,,,,,,,,CAN_f00aef11c2573807,MOL_2b1fb39cdbd8dc8a,,,,1.0,final_results.csv,ncs1_leu89,ncs1_leu89/final_results.csv,ncs1_leu89,passed_boltz_protocol,C=CC1c2ccccc2[NH+]1CC1CCN(CCc2ccccc2)CC1,,,,,;;;;;;;;;;
RLHF_0988,Seleccionadas por diversidad,CAN_80b47f525652f7b0,MOL_a6c60780a00bbc11,CC=CSC(O)(O)n1c(C)c2oc3ccc(C)cc3cc-2c1=O,CC=CSC(O)(O)n1c(C)c2oc3ccc(C)cc3cc-2c1=O,NCS1,-9.400922069518735,True,True,True,,,,,,,,,,,,False,True,,-9.400922069518735,,,,,,,,,,,,,,,,CAN_80b47f525652f7b0,MOL_a6c60780a00bbc11,,,,1.0,final_results.csv,ncs1_leu89,ncs1_leu89/final_results.csv,ncs1_leu89,passed_boltz_protocol,CC=CSC(O)(O)n1c(C)c2oc3ccc(C)cc3cc-2c1=O,,,,,;;;;;;;;;;
RLHF_0989,Seleccionadas por diversidad,CAN_b1e98b4db18fe207,MOL_77bc55df73cdc418,NC=CC=CC1Oc2ccccc2CC1CCN,NC=CC=CC1Oc2ccccc2CC1CCN,NCS1,-9.295389655201593,True,True,True,,,,,,,,,,,,False,True,,-9.295389655201593,,,,,,,,,,,,,,,,CAN_b1e98b4db18fe207,MOL_77bc55df73cdc418,,,,1.0,final_results.csv,ncs1_leu89,ncs1_leu89/final_results.csv,ncs1_leu89,passed_boltz_protocol,NC=CC=CC1Oc2ccccc2CC1CCN,,,,,;;;;;;;;;;
RLHF_0990,Seleccionadas por diversidad,CAN_faa61aa7a83aa913,MOL_5b35782eb2bf247f,C[S@](=O)c1ccc(C2NC(=O)c3ccccc3-c3ccccc3S2(=O)=O)cc1,C[S@](=O)C1=CC=C(C2NC(=O)C3=CC=CC=C3C4=CC=CC=C4S2(=O)=O)C=C1,NCS1,-9.049,True,False,False,0.7016155537676307,3.306900000000001,3.5660488535344834,411.5040000000001,,,,,,,0.06215254614187236,True,False,-9.049,,1.0,4.0,2.0,80.31,4.0,28.0,0.118960865,0.04390366,True,,,0.7845461747450188,1.0,CAN_0e1ed540d1c40d3f,MOL_5b35782eb2bf247f,,,ncs1.csv,/content/ncs1.csv,reward_results_7.csv,,,,,,,,,,,,;;;;;;;;;;
RLHF_0991,Seleccionadas por diversidad,CAN_de331aa9915cea84,MOL_0252b5560262a883,Cc1n[nH]cc1-c1ccc(C2(N3CCC(O)CC3)CC3(CC3)C2)cc1,CC1=N[NH1]C=C1C2=CC=C(C=C2)C3(CC4(CC4)C3)N5CCC(O)CC5,NCS1,-8.394,True,False,False,0.8994370111438578,3.6111200000000014,3.6241319885694576,337.4670000000001,,,,,,,0.2917500555926173,True,False,-8.394,,2.0,3.0,3.0,52.150000000000006,5.0,25.0,0.13646407,0.048941452,True,,,0.620874799257495,1.0,CAN_80c51c52e6524201,MOL_0252b5560262a883,,,ncs1.csv,/content/ncs1.csv,reward_results_4.csv,,,,,,,,,,,,;;;;;;;;;;
RLHF_0992,Seleccionadas por diversidad,CAN_59a6cb906cd338b4,MOL_0d64874759510e1c,CC(=O)N1CCc2ccccc2[C@@H]1C(c1ccc2cc(C)cn2c1)C(O)(O)C(=O)O,CC(=O)N1CCC2=CC=CC=C2[C@@H1]1C(C=3C=CC4=CC(C)=CN4C=3)C(O)(O)C(O)=O,NCS1,-7.336,True,False,False,0.5748558137210149,2.2427200000000003,3.8949976236104575,408.4540000000002,,,,,,,0.8259951078496776,True,False,-7.336,,3.0,4.0,4.0,102.48000000000002,4.0,30.0,0.10410316,0.040143143,True,,,0.5712883400755269,1.0,CAN_d7411d3f737bf4f3,MOL_0d64874759510e1c,,,ncs1.csv,/content/ncs1.csv,reward_results_6.csv,,,,,,,,,,,,;;;;;;;;;;
RLHF_0993,Seleccionadas por diversidad,CAN_2ae533b7b4dd47f7,MOL_6cc4ccc828eba345,C[C@H](NC(=O)[C@H]1CC[C@H](NC(=O)OC(C)(C)C)CC1)C(=O)N1CCCC1,C[C@H1](NC(=O)[C@H1]1CC[C@@H1](CC1)NC(=O)OC(C)(C)C)C(=O)N2CCCC2,NCS1,-7.166,True,False,False,0.7972761469953182,2.196999999999999,2.62130114109808,367.4900000000002,,,,,,,0.8706915721592172,True,False,-7.166,,2.0,4.0,4.0,87.74,2.0,26.0,0.12483557,0.038278062,True,,,0.4791730000714982,1.0,CAN_a689db966861fdf1,MOL_6cc4ccc828eba345,,,ncs1.csv,/content/ncs1.csv,reward_results_4.csv,,,,,,,,,,,,;;;;;;;;;;
RLHF_0994,Seleccionadas por diversidad,CAN_202292983e657fb2,MOL_f88cd7112eb7adec,c1c2c(cc3[nH]c(C4CCNCC4)nc13)NC2,c1c2c(cc3[nH]c(C4CCNCC4)nc13)NC2,NCS1,-6.595,True,True,True,,,,,,,,,,,,False,True,,-6.595,,,,,,,,,,,,,,,,CAN_202292983e657fb2,MOL_f88cd7112eb7adec,,,,1.0,final_results.csv,ncs1_leu89,ncs1_leu89/final_results.csv,ncs1_leu89,passed_boltz_protocol,c1c2c(cc3[nH]c(C4CCNCC4)nc13)NC2,,,,,;;;;;;;;;;
RLHF_0995,Seleccionadas por diversidad,CAN_bb42771106b6fa37,MOL_109b5b330bb801dc,C=CC=C(F)CC(Nc1ncccc1C(=O)NCC(=O)O)C(F)F,C=CC=C(CC(NC1=NC=CC=C1C(=O)NCC(O)=O)C(F)F)F,NCS1,-6.353,True,False,False,0.5989449609314128,2.3711,3.618978951832455,343.305,,,,,,,0.980653769179453,True,False,-6.353,,3.0,4.0,9.0,91.32,1.0,24.0,0.1749539,0.042959943,True,,,0.1349147242247196,1.0,CAN_3fcd8a167d10409b,MOL_109b5b330bb801dc,,,ncs1.csv,/content/ncs1.csv,reward_results_1.csv,,,,,,,,,,,,;;;;;;;;;;
RLHF_0996,Seleccionadas por diversidad,CAN_6b767947f9861fe1,MOL_ad3056716ecdf677,CCc1ccccc1C1(CCC[NH2+]C)CCCCC1,C[NH2+1]CCCC1(CCCCC1)C2=CC=CC=C2CC,NCS1,-6.059,True,False,False,0.7548014369542885,3.4243000000000023,3.2447818106573845,260.445,,,,,,,0.9968868134311764,True,False,-6.059,,1.0,0.0,6.0,16.61,2.0,19.0,0.21312572,0.050080914,True,,,0.0541329465558192,1.0,CAN_60245eaeebd4d039,MOL_ad3056716ecdf677,,,ncs1.csv,/content/ncs1.csv,reward_results_14.csv,,,,,,,,,,,,;;;;;;;;;;
RLHF_0997,Seleccionadas por diversidad,CAN_d27577a1e1e2be0b,MOL_501863f8e093adaf,CNC1=CC=CC(Cn2nc3c4ccccc4ccn3c2=O)=C=N1,CNC1=CC=CC(CN2C(=O)N3C=CC4=CC=CC=C4C3=N2)=C=N1,NCS1_H10,-6.954,True,True,True,0.8020090839119141,1.8759,3.6425095072867215,317.3520000000001,,,,,,,,True,True,-6.954,-9.952130509517817,1.0,4.0,3.0,63.69,4.0,24.0,0.24033152,0.07748234,True,,,0.3337380498475489,1.0,CAN_4538f017763028be,MOL_501863f8e093adaf,CAN_d27577a1e1e2be0b,MOL_501863f8e093adaf,ncs1_h_10.csv,/content/ncs1_h_10.csv,reward_results_10.csv,3.0,final_results.csv; ncs1_h_10.csv,ncs1_h10; ncs1_leu89,ncs1_h10/final_results.csv; ncs1_h10/ncs1_h_10.csv; ncs1_leu89/ncs1_h_10.csv,ncs1_h10; ncs1_leu89,passed_boltz_protocol; intermediate,CNC1=CC=CC(Cn2nc3c4ccccc4ccn3c2=O)=C=N1,0.8020090839119141,1.8759,3.6425095072867215,317.3520000000001,;;;;
RLHF_0998,Seleccionadas por diversidad,CAN_2c8226e66343c873,MOL_812e955ae00a3ab7,Brc1cn2ccnc2c(N2CCC(n3cccn3)CC2)n1,BrC1=CN2C=CN=C2C(N3CCC(CC3)N4C=CC=N4)=N1,NCS1_H10,-6.61,True,True,True,0.7149387802526151,2.5298,2.9583562755190176,347.22,,,,,,,,True,True,-6.61,-9.318092259662144,0.0,4.0,2.0,51.25,4.0,21.0,0.18803518,0.056946132,True,,,0.2220473962858177,1.0,CAN_0bf82ded40adb3fa,MOL_812e955ae00a3ab7,CAN_2c8226e66343c873,MOL_812e955ae00a3ab7,ncs1_h_10.csv,/content/ncs1_h_10.csv,reward_results_15.csv,3.0,final_results.csv; ncs1_h_10.csv,ncs1_h10; ncs1_leu89,ncs1_h10/final_results.csv; ncs1_h10/ncs1_h_10.csv; ncs1_leu89/ncs1_h_10.csv,ncs1_h10; ncs1_leu89,passed_boltz_protocol; intermediate,Brc1cn2ccnc2c(N2CCC(n3cccn3)CC2)n1,0.7149387802526151,2.5298,2.9583562755190176,347.22,;;;;
RLHF_0999,Seleccionadas por diversidad,CAN_2da725aa1c80e4ef,MOL_fe79c5be54e95844,[O-]/C(=N\c1ccc(C(F)(F)F)cc1)n1cccc1,[O-1]/C(=N\C1=CC=C(C(F)(F)F)C=C1)N2C=CC=C2,NCS1_H10,-6.512,True,True,True,0.5679243388565128,2.4030000000000005,2.9882114259919152,253.203,,,,,,,,True,True,-6.512,-8.385193734502515,0.0,2.0,1.0,40.35,2.0,18.0,0.30432,0.08528265,True,,,0.1849142367836438,1.0,CAN_4c4bdf2ae3936fe7,MOL_fe79c5be54e95844,CAN_2da725aa1c80e4ef,MOL_fe79c5be54e95844,ncs1_h_10.csv,/content/ncs1_h_10.csv,reward_results_9.csv,3.0,final_results.csv; ncs1_h_10.csv,ncs1_h10; ncs1_leu89,ncs1_h10/final_results.csv; ncs1_h10/ncs1_h_10.csv; ncs1_leu89/ncs1_h_10.csv,ncs1_h10; ncs1_leu89,passed_boltz_protocol; intermediate,[O-]/C(=N\c1ccc(C(F)(F)F)cc1)n1cccc1,0.5679243388565128,2.4030000000000005,2.9882114259919152,253.203,;;;;
RLHF_1000,Seleccionadas por diversidad,CAN_a219fb686e10ae48,MOL_7738236ccca8dc19,S=c1[nH]c2cccnc2n1CC1=Nc2ccccc2CC=C1,C1C=CC(CN2C(=S)NC3=CC=CN=C32)=NC4=CC=CC=C14,NCS1_H10,-6.092,True,True,True,0.7279361290183365,3.9788900000000025,3.0608864341098334,306.39400000000006,,,,,,,,True,True,-6.092,-9.924096397445892,1.0,3.0,2.0,45.97,4.0,22.0,0.4541597,0.14589651,True,,,0.0407187306506953,1.0,CAN_1ef101aa6480c9c3,MOL_7738236ccca8dc19,CAN_a219fb686e10ae48,MOL_7738236ccca8dc19,ncs1_h_10.csv,/content/ncs1_h_10.csv,reward_results_14.csv,3.0,final_results.csv; ncs1_h_10.csv,ncs1_h10; ncs1_leu89,ncs1_h10/final_results.csv; ncs1_h10/ncs1_h_10.csv; ncs1_leu89/ncs1_h_10.csv,ncs1_h10; ncs1_leu89,passed_boltz_protocol; intermediate,S=c1[nH]c2cccnc2n1CC1=Nc2ccccc2CC=C1,0.7279361290183365,3.9788900000000025,3.0608864341098334,306.39400000000006,;;;;